{"type":"FeatureCollection","features":[{"type":"Feature","geometry":{"type":"Polygon","coordinates":[[[-70.7821,41.3307],[-70.7859,41.3314],[-70.7853,41.3327],[-70.7857,41.3374],[-70.7845,41.3426],[-70.7831,41.3439],[-70.7803,41.3442],[-70.7753,41.3432],[-70.7738,41.3435],[-70.7696,41.3433],[-70.7683,41.3486],[-70.767,41.35],[-70.767,41.352],[-70.7681,41.3535],[-70.7695,41.353],[-70.7758,41.3495],[-70.7804,41.3484],[-70.7853,41.3486],[-70.7883,41.3492],[-70.7946,41.3515],[-70.7991,41.3536],[-70.807,41.3561],[-70.8097,41.3566],[-70.8145,41.3562],[-70.8188,41.354],[-70.8207,41.3535],[-70.8258,41.3537],[-70.8306,41.3532],[-70.8339,41.3535],[-70.8358,41.3517],[-70.8363,41.3493],[-70.8389,41.3477],[-70.8381,41.3456],[-70.834,41.3423],[-70.8288,41.3367],[-70.8267,41.3351],[-70.82,41.3283],[-70.8074,41.3189],[-70.8001,41.314],[-70.8001,41.3182],[-70.7844,41.3135],[-70.7849,41.328],[-70.7821,41.3307]]]},"properties":{"name":"Aquinnah"}},{"type":"Feature","geometry":{"type":"MultiPolygon","coordinates":[[[[-70.2704,41.3068],[-70.2762,41.3093],[-70.2766,41.3105],[-70.2754,41.3129],[-70.279,41.3131],[-70.2809,41.311],[-70.2799,41.3089],[-70.2768,41.307],[-70.2703,41.3011],[-70.2645,41.2968],[-70.2598,41.2946],[-70.2586,41.2929],[-70.2546,41.2926],[-70.2486,41.2896],[-70.2447,41.2873],[-70.2439,41.2879],[-70.2527,41.2925],[-70.2526,41.2934],[-70.2439,41.2932],[-70.2396,41.2962],[-70.2402,41.2978],[-70.244,41.3013],[-70.2476,41.3011],[-70.2483,41.3053],[-70.2471,41.3059],[-70.2454,41.3047],[-70.2434,41.3023],[-70.2425,41.3028],[-70.2451,41.3055],[-70.2476,41.3068],[-70.2539,41.3091],[-70.2611,41.3111],[-70.266,41.3114],[-70.2708,41.3098],[-70.2734,41.3085],[-70.2719,41.3077],[-70.2678,41.3104],[-70.2655,41.3096],[-70.2644,41.3079],[-70.265,41.3062],[-70.2686,41.3062],[-70.2704,41.3068]]],[[[-70.2966,41.3381],[-70.2988,41.3381],[-70.3086,41.3394],[-70.3106,41.339],[-70.3112,41.3376],[-70.3097,41.3349],[-70.3045,41.3314],[-70.3035,41.332],[-70.3064,41.3339],[-70.3025,41.3335],[-70.3007,41.3314],[-70.2951,41.3327],[-70.2942,41.3322],[-70.2886,41.3359],[-70.2893,41.3371],[-70.2944,41.3383],[-70.2966,41.3381]]],[[[-70.0412,41.387],[-70.0443,41.3897],[-70.0475,41.3916],[-70.0501,41.3924],[-70.0499,41.3891],[-70.0491,41.3869],[-70.0471,41.3855],[-70.0439,41.382],[-70.0416,41.381],[-70.0354,41.3797],[-70.0315,41.3758],[-70.0276,41.3729],[-70.0242,41.3691],[-70.0238,41.3653],[-70.0248,41.3588],[-70.0264,41.3533],[-70.0298,41.3464],[-70.0309,41.3424],[-70.0352,41.3349],[-70.0377,41.3314],[-70.0392,41.3299],[-70.0435,41.3247],[-70.046,41.3228],[-70.0491,41.3193],[-70.0545,41.3156],[-70.0601,41.3113],[-70.0651,41.3073],[-70.0702,41.3043],[-70.0765,41.3021],[-70.0802,41.3004],[-70.0851,41.299],[-70.0884,41.2985],[-70.0919,41.2988],[-70.0921,41.2964],[-70.0896,41.2965],[-70.0872,41.2952],[-70.0818,41.2939],[-70.0796,41.2927],[-70.08,41.296],[-70.0784,41.2992],[-70.0763,41.3008],[-70.0737,41.3014],[-70.0693,41.3017],[-70.0657,41.3015],[-70.0646,41.3056],[-70.0615,41.3082],[-70.0589,41.3087],[-70.0559,41.3077],[-70.0552,41.3104],[-70.0537,41.3126],[-70.0516,41.3144],[-70.0491,41.3154],[-70.0465,41.3156],[-70.0461,41.3202],[-70.0444,41.3226],[-70.0427,41.3239],[-70.039,41.3248],[-70.0352,41.3247],[-70.0363,41.3272],[-70.0364,41.3289],[-70.0354,41.3311],[-70.0336,41.3322],[-70.0296,41.3326],[-70.0288,41.3375],[-70.0274,41.3404],[-70.0258,41.3427],[-70.0227,41.345],[-70.0181,41.3461],[-70.0153,41.346],[-70.0133,41.3453],[-70.0109,41.3434],[-70.0037,41.3382],[-69.9993,41.3337],[-69.9986,41.3323],[-69.999,41.3287],[-70.0006,41.3261],[-70.0031,41.3238],[-70.0143,41.3187],[-70.0197,41.317],[-70.0231,41.3162],[-70.031,41.3161],[-70.033,41.3165],[-70.0295,41.3105],[-70.0267,41.3098],[-70.024,41.3074],[-70.0214,41.306],[-70.0202,41.3044],[-70.0173,41.3059],[-70.0159,41.3055],[-70.0113,41.3066],[-70.0102,41.3051],[-70.0109,41.3026],[-70.0151,41.3021],[-70.0203,41.3028],[-70.0229,41.3004],[-70.0199,41.2983],[-70.0201,41.2965],[-70.0216,41.2959],[-70.0232,41.294],[-70.0237,41.2969],[-70.0254,41.2989],[-70.0257,41.3014],[-70.0267,41.3031],[-70.0336,41.2991],[-70.036,41.2985],[-70.0433,41.2954],[-70.0459,41.2949],[-70.0551,41.2961],[-70.0609,41.2955],[-70.0632,41.2962],[-70.0647,41.2956],[-70.0663,41.2903],[-70.0676,41.2893],[-70.0706,41.2904],[-70.0724,41.2899],[-70.0778,41.2837],[-70.0805,41.2816],[-70.0859,41.2783],[-70.0891,41.2778],[-70.0919,41.2786],[-70.0951,41.2816],[-70.0968,41.288],[-70.0947,41.2889],[-70.0917,41.2891],[-70.0922,41.2906],[-70.101,41.2928],[-70.1022,41.2937],[-70.1027,41.2959],[-70.1045,41.298],[-70.107,41.2966],[-70.1112,41.2952],[-70.117,41.2945],[-70.1255,41.294],[-70.1309,41.2942],[-70.1384,41.2939],[-70.1428,41.294],[-70.1533,41.2938],[-70.1606,41.2941],[-70.1697,41.295],[-70.1749,41.2941],[-70.1804,41.2939],[-70.1855,41.2946],[-70.1889,41.2956],[-70.1969,41.2969],[-70.1969,41.2951],[-70.1982,41.2936],[-70.2015,41.2931],[-70.2067,41.2917],[-70.2074,41.2896],[-70.2065,41.2886],[-70.2034,41.2884],[-70.2012,41.2893],[-70.1988,41.2916],[-70.1971,41.2915],[-70.1943,41.29],[-70.192,41.2866],[-70.1917,41.2832],[-70.1924,41.2815],[-70.1947,41.2796],[-70.2005,41.276],[-70.2036,41.276],[-70.2072,41.2746],[-70.2142,41.2753],[-70.2156,41.2769],[-70.2159,41.2793],[-70.2209,41.2803],[-70.2222,41.282],[-70.2272,41.2832],[-70.2312,41.2829],[-70.2323,41.282],[-70.221,41.2774],[-70.217,41.2751],[-70.215,41.2746],[-70.2109,41.2723],[-70.2048,41.2702],[-70.2003,41.2682],[-70.1947,41.2663],[-70.1932,41.2653],[-70.1856,41.2629],[-70.184,41.262],[-70.1794,41.2605],[-70.172,41.2573],[-70.1645,41.2553],[-70.1602,41.2536],[-70.1564,41.2526],[-70.1509,41.2508],[-70.1496,41.2501],[-70.141,41.2489],[-70.1332,41.2472],[-70.1246,41.2446],[-70.1215,41.2435],[-70.1148,41.2419],[-70.1031,41.2402],[-70.0998,41.2402],[-70.0882,41.244],[-70.0834,41.2445],[-70.067,41.2442],[-70.0587,41.2435],[-70.0512,41.2432],[-70.0464,41.2425],[-70.0427,41.2424],[-70.0349,41.241],[-70.0292,41.2404],[-70.0196,41.2391],[-70.0122,41.2388],[-70.0078,41.2391],[-69.9964,41.2408],[-69.9889,41.2427],[-69.9834,41.2446],[-69.9734,41.2464],[-69.9711,41.2471],[-69.969,41.2489],[-69.964,41.2568],[-69.9609,41.2643],[-69.9602,41.2666],[-69.9597,41.2725],[-69.9605,41.2771],[-69.9626,41.2816],[-69.9648,41.2851],[-69.9667,41.2901],[-69.9741,41.3001],[-69.9766,41.3031],[-69.9832,41.3118],[-69.9859,41.3166],[-69.9886,41.3208],[-69.9908,41.3249],[-69.9943,41.3298],[-69.997,41.3331],[-70.0015,41.3397],[-70.006,41.3468],[-70.0096,41.3529],[-70.0147,41.3602],[-70.0206,41.3679],[-70.0249,41.3725],[-70.0304,41.3771],[-70.0373,41.3832],[-70.0412,41.387]]]]},"properties":{"name":"Nantucket"}},{"type":"Feature","geometry":{"type":"MultiPolygon","coordinates":[[[[-70.8102,41.2611],[-70.8127,41.2644],[-70.8142,41.2622],[-70.8175,41.2616],[-70.8193,41.2601],[-70.8239,41.2595],[-70.8279,41.2597],[-70.8316,41.2595],[-70.8324,41.2577],[-70.8311,41.2564],[-70.8251,41.252],[-70.8225,41.2511],[-70.8168,41.2502],[-70.8143,41.2504],[-70.812,41.2495],[-70.809,41.2492],[-70.8041,41.2493],[-70.8031,41.251],[-70.8033,41.2532],[-70.8014,41.2577],[-70.8017,41.2586],[-70.8102,41.2611]]],[[[-70.7613,41.3281],[-70.7642,41.3282],[-70.7626,41.3266],[-70.7613,41.3281]]],[[[-70.7123,41.4093],[-70.7177,41.405],[-70.72,41.4045],[-70.7206,41.403],[-70.7233,41.3998],[-70.7257,41.3985],[-70.7317,41.398],[-70.734,41.3941],[-70.7372,41.3911],[-70.7386,41.3885],[-70.7402,41.3841],[-70.7407,41.3818],[-70.7439,41.3792],[-70.7463,41.3758],[-70.749,41.3752],[-70.7521,41.3737],[-70.7544,41.3717],[-70.7568,41.3686],[-70.7591,41.3666],[-70.7606,41.3634],[-70.7633,41.3602],[-70.7671,41.3545],[-70.7651,41.3532],[-70.7649,41.35],[-70.7628,41.3494],[-70.7616,41.3482],[-70.7639,41.3455],[-70.7631,41.3434],[-70.7639,41.3411],[-70.7632,41.338],[-70.7645,41.3351],[-70.7662,41.3334],[-70.7677,41.3329],[-70.7684,41.3298],[-70.7676,41.3286],[-70.7658,41.3299],[-70.7627,41.3289],[-70.7607,41.3294],[-70.7559,41.3277],[-70.7549,41.3263],[-70.7575,41.325],[-70.7589,41.326],[-70.7588,41.328],[-70.7623,41.3254],[-70.7656,41.326],[-70.7696,41.3258],[-70.7709,41.3275],[-70.7704,41.3289],[-70.773,41.3297],[-70.7694,41.3309],[-70.7698,41.3318],[-70.7721,41.3321],[-70.7742,41.3311],[-70.7821,41.3307],[-70.7849,41.328],[-70.7844,41.3135],[-70.8001,41.3182],[-70.8001,41.314],[-70.7967,41.3117],[-70.7918,41.3095],[-70.7817,41.3042],[-70.7802,41.3029],[-70.7766,41.3014],[-70.7737,41.3016],[-70.7698,41.303],[-70.7687,41.3038],[-70.7659,41.3088],[-70.768,41.3111],[-70.768,41.3121],[-70.7648,41.3154],[-70.7656,41.3171],[-70.765,41.3184],[-70.7628,41.3204],[-70.7582,41.3235],[-70.7527,41.3257],[-70.7495,41.3266],[-70.7482,41.3297],[-70.7463,41.3315],[-70.7409,41.3342],[-70.7356,41.3362],[-70.7334,41.3366],[-70.7272,41.3387],[-70.7184,41.3404],[-70.714,41.3415],[-70.7054,41.3431],[-70.6886,41.3445],[-70.6839,41.3447],[-70.6735,41.3456],[-70.6616,41.3464],[-70.6591,41.3469],[-70.651,41.3471],[-70.6516,41.3496],[-70.6536,41.3527],[-70.6555,41.3544],[-70.6585,41.3562],[-70.6609,41.3581],[-70.6627,41.3613],[-70.6654,41.363],[-70.6675,41.3688],[-70.6682,41.3733],[-70.6734,41.3743],[-70.6739,41.3752],[-70.6771,41.3775],[-70.6792,41.3761],[-70.6819,41.3733],[-70.6842,41.3718],[-70.6896,41.3786],[-70.6972,41.3912],[-70.7058,41.4011],[-70.7123,41.4093]]]]},"properties":{"name":"Chilmark"}},{"type":"Feature","geometry":{"type":"Polygon","coordinates":[[[-70.6071,41.3493],[-70.6033,41.3493],[-70.5953,41.3499],[-70.5883,41.3498],[-70.5855,41.3501],[-70.5801,41.3499],[-70.5775,41.3501],[-70.5717,41.3499],[-70.5665,41.35],[-70.5587,41.3498],[-70.5565,41.35],[-70.5496,41.3493],[-70.5446,41.3495],[-70.5342,41.3495],[-70.5257,41.3492],[-70.5232,41.3494],[-70.5094,41.348],[-70.5045,41.3483],[-70.5013,41.348],[-70.497,41.3483],[-70.4932,41.3482],[-70.4895,41.3486],[-70.483,41.3486],[-70.4797,41.3482],[-70.4767,41.3487],[-70.472,41.3489],[-70.465,41.3481],[-70.4608,41.3479],[-70.4577,41.3482],[-70.4538,41.3477],[-70.4517,41.348],[-70.4506,41.349],[-70.4488,41.3521],[-70.4485,41.3559],[-70.4493,41.3595],[-70.4493,41.3677],[-70.4497,41.3731],[-70.4495,41.3801],[-70.4491,41.384],[-70.4478,41.3886],[-70.4475,41.3923],[-70.4463,41.3989],[-70.4485,41.4096],[-70.4491,41.4154],[-70.4499,41.4185],[-70.4513,41.4207],[-70.4544,41.4207],[-70.4578,41.4196],[-70.4616,41.4192],[-70.4649,41.4182],[-70.4661,41.4166],[-70.4704,41.4131],[-70.4726,41.4107],[-70.4733,41.4063],[-70.4727,41.3994],[-70.4721,41.3972],[-70.4705,41.3984],[-70.4713,41.4009],[-70.4724,41.4023],[-70.4729,41.4071],[-70.4726,41.4089],[-70.4701,41.4127],[-70.4682,41.4142],[-70.4644,41.4179],[-70.4616,41.4185],[-70.4589,41.4176],[-70.4573,41.4158],[-70.4559,41.4127],[-70.4535,41.4145],[-70.4505,41.4142],[-70.4497,41.4127],[-70.4518,41.41],[-70.4547,41.4105],[-70.4563,41.4088],[-70.456,41.4076],[-70.4521,41.4061],[-70.4512,41.4072],[-70.4492,41.4062],[-70.4487,41.4024],[-70.4508,41.3995],[-70.4497,41.3985],[-70.4495,41.3961],[-70.4509,41.3924],[-70.4509,41.3879],[-70.4529,41.384],[-70.4514,41.3823],[-70.4519,41.3787],[-70.4513,41.3769],[-70.4528,41.3728],[-70.4519,41.3705],[-70.453,41.3676],[-70.4515,41.3651],[-70.4519,41.3622],[-70.4506,41.36],[-70.4501,41.3565],[-70.4505,41.3553],[-70.4523,41.3541],[-70.4562,41.3557],[-70.4582,41.3574],[-70.4595,41.361],[-70.4584,41.3618],[-70.4528,41.362],[-70.4536,41.3645],[-70.4563,41.3652],[-70.4544,41.3669],[-70.4559,41.3692],[-70.4561,41.3725],[-70.4531,41.3744],[-70.4525,41.3772],[-70.4527,41.3817],[-70.4539,41.3823],[-70.4566,41.3819],[-70.4607,41.382],[-70.4632,41.3824],[-70.4677,41.3847],[-70.469,41.3866],[-70.4703,41.391],[-70.4692,41.3937],[-70.4676,41.3959],[-70.4671,41.3985],[-70.4694,41.3976],[-70.4732,41.3949],[-70.4786,41.3922],[-70.483,41.3884],[-70.4837,41.3871],[-70.4871,41.3847],[-70.4907,41.384],[-70.4968,41.3842],[-70.5014,41.3858],[-70.5064,41.3888],[-70.5085,41.3886],[-70.5051,41.3853],[-70.5048,41.3836],[-70.5029,41.3816],[-70.503,41.3782],[-70.504,41.376],[-70.5023,41.3744],[-70.5019,41.3712],[-70.5027,41.3706],[-70.5002,41.3685],[-70.4967,41.3668],[-70.4938,41.3639],[-70.4864,41.3637],[-70.4797,41.3626],[-70.4775,41.3627],[-70.4745,41.3617],[-70.4722,41.3584],[-70.4696,41.3566],[-70.4682,41.355],[-70.4675,41.3527],[-70.4661,41.3508],[-70.4666,41.3499],[-70.4704,41.3497],[-70.479,41.3502],[-70.4805,41.3508],[-70.4849,41.3498],[-70.4915,41.3499],[-70.4986,41.3493],[-70.5036,41.3492],[-70.5091,41.3498],[-70.508,41.3506],[-70.5042,41.3503],[-70.4991,41.3527],[-70.498,41.3556],[-70.5016,41.3567],[-70.5052,41.359],[-70.5075,41.3618],[-70.5068,41.3668],[-70.5073,41.3691],[-70.5054,41.3721],[-70.5066,41.3727],[-70.5063,41.3746],[-70.5072,41.3768],[-70.5069,41.3779],[-70.5081,41.3804],[-70.5107,41.3819],[-70.5121,41.3845],[-70.5138,41.3864],[-70.5136,41.3876],[-70.5073,41.3914],[-70.5058,41.3915],[-70.5026,41.3904],[-70.5027,41.3924],[-70.5061,41.3978],[-70.5066,41.3964],[-70.5087,41.3974],[-70.513,41.3964],[-70.5157,41.398],[-70.5164,41.3991],[-70.5152,41.4007],[-70.5173,41.4016],[-70.5169,41.4038],[-70.5247,41.4043],[-70.5282,41.4051],[-70.5343,41.4074],[-70.5404,41.4103],[-70.5438,41.4125],[-70.5454,41.4118],[-70.5404,41.4085],[-70.537,41.4066],[-70.5349,41.4066],[-70.5307,41.4055],[-70.5341,41.4044],[-70.5356,41.4065],[-70.5366,41.405],[-70.5392,41.4037],[-70.5434,41.4031],[-70.5475,41.4044],[-70.5474,41.4078],[-70.549,41.4088],[-70.5521,41.408],[-70.554,41.4092],[-70.5535,41.4114],[-70.5547,41.4124],[-70.557,41.4121],[-70.5589,41.4136],[-70.5563,41.416],[-70.5561,41.417],[-70.5582,41.4188],[-70.5571,41.4199],[-70.5592,41.4221],[-70.5623,41.4218],[-70.5624,41.4206],[-70.5649,41.4191],[-70.5664,41.4192],[-70.5687,41.4178],[-70.5679,41.416],[-70.5694,41.4155],[-70.5714,41.416],[-70.5726,41.4146],[-70.5737,41.4138],[-70.6151,41.4136],[-70.6095,41.3848],[-70.6071,41.3493]]]},"properties":{"name":"Edgartown"}},{"type":"Feature","geometry":{"type":"Polygon","coordinates":[[[-70.6151,41.4136],[-70.6557,41.4604],[-70.6563,41.461],[-70.6595,41.4608],[-70.6647,41.4571],[-70.6666,41.4512],[-70.6695,41.4471],[-70.67,41.4453],[-70.6717,41.4432],[-70.6733,41.4421],[-70.6806,41.4408],[-70.6859,41.4421],[-70.6873,41.441],[-70.6886,41.4388],[-70.6906,41.4369],[-70.6961,41.4349],[-70.6978,41.4354],[-70.701,41.4338],[-70.7016,41.4326],[-70.7017,41.4289],[-70.7052,41.4245],[-70.7064,41.4207],[-70.7076,41.4192],[-70.7101,41.4176],[-70.7117,41.4143],[-70.7115,41.4112],[-70.7123,41.4093],[-70.7058,41.4011],[-70.6972,41.3912],[-70.6896,41.3786],[-70.6842,41.3718],[-70.6819,41.3733],[-70.6792,41.3761],[-70.6771,41.3775],[-70.6739,41.3752],[-70.6734,41.3743],[-70.6682,41.3733],[-70.6675,41.3688],[-70.6654,41.363],[-70.6627,41.3613],[-70.6609,41.3581],[-70.6585,41.3562],[-70.6555,41.3544],[-70.6536,41.3527],[-70.6516,41.3496],[-70.651,41.3471],[-70.6351,41.3482],[-70.6249,41.3484],[-70.6205,41.3488],[-70.6071,41.3493],[-70.6095,41.3848],[-70.6151,41.4136]]]},"properties":{"name":"West Tisbury"}},{"type":"Feature","geometry":{"type":"MultiPolygon","coordinates":[[[[-70.5549,41.4284],[-70.5559,41.4328],[-70.5571,41.4323],[-70.557,41.4281],[-70.5552,41.4263],[-70.5543,41.4228],[-70.5528,41.4204],[-70.549,41.4163],[-70.5472,41.4173],[-70.5493,41.4191],[-70.5539,41.4252],[-70.5553,41.4278],[-70.5549,41.4284]]],[[[-70.5726,41.4146],[-70.572,41.4159],[-70.5706,41.4167],[-70.5717,41.4191],[-70.569,41.4209],[-70.567,41.4211],[-70.5645,41.4232],[-70.5651,41.4255],[-70.5645,41.4269],[-70.5669,41.4272],[-70.5681,41.428],[-70.5677,41.4304],[-70.5638,41.4348],[-70.5602,41.4355],[-70.5583,41.4346],[-70.5574,41.433],[-70.5553,41.433],[-70.5556,41.4347],[-70.5547,41.4384],[-70.5523,41.4399],[-70.554,41.4445],[-70.5541,41.4469],[-70.5527,41.4491],[-70.5534,41.4525],[-70.553,41.4529],[-70.5576,41.4603],[-70.5589,41.4575],[-70.562,41.4579],[-70.5609,41.4619],[-70.5577,41.4609],[-70.5619,41.4677],[-70.5648,41.4702],[-70.5693,41.4711],[-70.5733,41.4695],[-70.5815,41.4629],[-70.5841,41.4603],[-70.5814,41.458],[-70.5804,41.4557],[-70.581,41.4532],[-70.5824,41.4516],[-70.5846,41.4509],[-70.5847,41.4482],[-70.5871,41.4454],[-70.5888,41.4445],[-70.5889,41.4432],[-70.5905,41.4426],[-70.5928,41.44],[-70.5951,41.4388],[-70.5954,41.4371],[-70.5986,41.4347],[-70.6004,41.4318],[-70.5994,41.4308],[-70.6003,41.4297],[-70.6032,41.4266],[-70.6213,41.4452],[-70.6151,41.4136],[-70.5737,41.4138],[-70.5726,41.4146]]]]},"properties":{"name":"Oak Bluffs"}},{"type":"Feature","geometry":{"type":"Polygon","coordinates":[[[-70.6003,41.4297],[-70.6035,41.4313],[-70.6032,41.4338],[-70.602,41.4369],[-70.6003,41.4396],[-70.6008,41.4411],[-70.5953,41.4459],[-70.5926,41.4475],[-70.591,41.4513],[-70.5936,41.4509],[-70.5941,41.4482],[-70.5961,41.4476],[-70.5989,41.4504],[-70.5973,41.4525],[-70.594,41.454],[-70.5948,41.4554],[-70.5971,41.4532],[-70.5998,41.4545],[-70.6014,41.4573],[-70.5997,41.4591],[-70.6002,41.4616],[-70.5995,41.4634],[-70.596,41.4695],[-70.5969,41.476],[-70.5971,41.48],[-70.5992,41.4816],[-70.6031,41.4828],[-70.6054,41.4814],[-70.6107,41.4792],[-70.6134,41.4775],[-70.6185,41.4752],[-70.6199,41.475],[-70.6238,41.4722],[-70.6284,41.4703],[-70.6315,41.4678],[-70.6303,41.4666],[-70.6278,41.4695],[-70.6247,41.4685],[-70.6242,41.4654],[-70.6249,41.4651],[-70.6244,41.4623],[-70.6224,41.4599],[-70.6214,41.4576],[-70.6214,41.4531],[-70.6229,41.4527],[-70.6234,41.4504],[-70.6218,41.4494],[-70.6235,41.4483],[-70.6249,41.4515],[-70.6268,41.4525],[-70.6276,41.4549],[-70.6257,41.4554],[-70.6262,41.4566],[-70.6255,41.4586],[-70.6268,41.4598],[-70.6292,41.4603],[-70.6319,41.4621],[-70.6339,41.4629],[-70.6346,41.4612],[-70.6371,41.4621],[-70.6355,41.4636],[-70.6318,41.4653],[-70.6332,41.4676],[-70.6358,41.4654],[-70.6382,41.4641],[-70.6428,41.463],[-70.6443,41.4621],[-70.6483,41.4612],[-70.6529,41.4608],[-70.6563,41.461],[-70.6557,41.4604],[-70.6151,41.4136],[-70.6213,41.4452],[-70.6032,41.4266],[-70.6003,41.4297]]]},"properties":{"name":"Tisbury"}},{"type":"Feature","geometry":{"type":"MultiPolygon","coordinates":[[[[-70.5264,41.5729],[-70.5282,41.5731],[-70.5348,41.5669],[-70.5329,41.566],[-70.5377,41.5597],[-70.5386,41.5596],[-70.5397,41.5571],[-70.5435,41.5521],[-70.5375,41.5513],[-70.5337,41.5501],[-70.5286,41.5473],[-70.5291,41.55],[-70.5301,41.5514],[-70.5362,41.5539],[-70.5361,41.5551],[-70.5323,41.5587],[-70.5323,41.5602],[-70.5311,41.5627],[-70.5288,41.5637],[-70.528,41.5656],[-70.529,41.5689],[-70.5289,41.5703],[-70.5264,41.5729]]],[[[-70.621,41.6574],[-70.6195,41.6566],[-70.6185,41.6577],[-70.621,41.6574]]],[[[-70.5679,41.6455],[-70.6132,41.6584],[-70.6153,41.6582],[-70.6172,41.6576],[-70.6193,41.6556],[-70.6221,41.6565],[-70.6245,41.6565],[-70.6264,41.6523],[-70.6297,41.6511],[-70.633,41.6491],[-70.6373,41.6485],[-70.6404,41.6492],[-70.6435,41.6477],[-70.6443,41.6468],[-70.6477,41.6456],[-70.6507,41.6461],[-70.6503,41.6433],[-70.6513,41.6404],[-70.6532,41.6397],[-70.6526,41.6378],[-70.6501,41.6396],[-70.6466,41.6405],[-70.6437,41.6387],[-70.6431,41.6366],[-70.644,41.6353],[-70.6462,41.6357],[-70.6469,41.6348],[-70.6447,41.6332],[-70.6415,41.6286],[-70.6404,41.6264],[-70.6399,41.6237],[-70.6404,41.6224],[-70.6457,41.6203],[-70.6469,41.6177],[-70.6464,41.6163],[-70.6473,41.6141],[-70.6475,41.6119],[-70.649,41.6108],[-70.6522,41.6107],[-70.6505,41.6088],[-70.6508,41.607],[-70.6526,41.6056],[-70.6526,41.6037],[-70.6511,41.6024],[-70.6465,41.5936],[-70.6457,41.5903],[-70.6457,41.5881],[-70.6432,41.5849],[-70.6429,41.583],[-70.6417,41.5803],[-70.6414,41.578],[-70.6419,41.5744],[-70.6426,41.5725],[-70.6485,41.5704],[-70.6497,41.5663],[-70.6507,41.5656],[-70.6533,41.5658],[-70.6544,41.5644],[-70.6544,41.5605],[-70.6552,41.5592],[-70.6552,41.557],[-70.6543,41.5548],[-70.654,41.5487],[-70.6558,41.5474],[-70.6578,41.5442],[-70.6598,41.5425],[-70.6571,41.5422],[-70.6551,41.5434],[-70.6556,41.545],[-70.6532,41.545],[-70.6523,41.5439],[-70.6526,41.5422],[-70.655,41.5406],[-70.6561,41.5385],[-70.6597,41.5382],[-70.6646,41.5373],[-70.6651,41.5403],[-70.6671,41.5399],[-70.6674,41.538],[-70.6695,41.5351],[-70.6687,41.5331],[-70.6703,41.5319],[-70.6722,41.5314],[-70.6741,41.5292],[-70.6774,41.5283],[-70.6807,41.5304],[-70.6815,41.5323],[-70.6838,41.5323],[-70.6854,41.53],[-70.6872,41.5288],[-70.6869,41.5262],[-70.6878,41.5247],[-70.6859,41.5217],[-70.6838,41.5228],[-70.6835,41.5241],[-70.6848,41.525],[-70.6844,41.5277],[-70.6821,41.5287],[-70.6791,41.5275],[-70.6765,41.5276],[-70.6744,41.527],[-70.6746,41.5254],[-70.6719,41.5247],[-70.6705,41.5224],[-70.6703,41.5206],[-70.6682,41.5201],[-70.6667,41.5206],[-70.6667,41.5233],[-70.6645,41.5227],[-70.6647,41.5191],[-70.6625,41.5178],[-70.6601,41.5176],[-70.6575,41.5166],[-70.6558,41.5151],[-70.6539,41.5162],[-70.6541,41.519],[-70.6517,41.5217],[-70.6484,41.5274],[-70.6462,41.5291],[-70.6463,41.5302],[-70.6441,41.5325],[-70.6406,41.5351],[-70.6335,41.5387],[-70.6281,41.5399],[-70.6243,41.5411],[-70.6207,41.5415],[-70.616,41.5424],[-70.6101,41.543],[-70.6064,41.5429],[-70.6035,41.5422],[-70.5985,41.5431],[-70.5972,41.5444],[-70.5927,41.5456],[-70.5896,41.5453],[-70.5879,41.5456],[-70.5838,41.5454],[-70.5804,41.5445],[-70.5783,41.5456],[-70.5729,41.5475],[-70.5709,41.5474],[-70.5645,41.5487],[-70.5611,41.5486],[-70.5584,41.5492],[-70.5563,41.549],[-70.5486,41.5507],[-70.549,41.5541],[-70.548,41.5567],[-70.5466,41.5576],[-70.5445,41.5563],[-70.5412,41.5588],[-70.5398,41.5604],[-70.5375,41.5645],[-70.5361,41.5654],[-70.536,41.569],[-70.5337,41.5692],[-70.5312,41.5714],[-70.53,41.5738],[-70.5279,41.575],[-70.5275,41.5789],[-70.525,41.5802],[-70.5203,41.58],[-70.5189,41.5789],[-70.5188,41.5762],[-70.5198,41.5751],[-70.5195,41.5735],[-70.5175,41.573],[-70.5152,41.5688],[-70.5126,41.5681],[-70.5123,41.5703],[-70.5107,41.5712],[-70.5075,41.5743],[-70.5066,41.5775],[-70.5038,41.5826],[-70.5023,41.5848],[-70.5002,41.5901],[-70.4982,41.5938],[-70.5254,41.5999],[-70.5336,41.6268],[-70.5397,41.6373],[-70.5679,41.6455]]]]},"properties":{"name":"Falmouth"}},{"type":"Feature","geometry":{"type":"Polygon","coordinates":[[[-70.8432,41.6285],[-70.8452,41.6447],[-70.8552,41.6726],[-70.8582,41.6811],[-70.8896,41.6685],[-70.9149,41.6643],[-70.9155,41.663],[-70.9152,41.6605],[-70.9133,41.6603],[-70.9136,41.658],[-70.9153,41.6573],[-70.9149,41.6531],[-70.9168,41.6531],[-70.9182,41.6515],[-70.9169,41.6499],[-70.914,41.6496],[-70.9125,41.6484],[-70.9131,41.647],[-70.91,41.6461],[-70.908,41.6423],[-70.9087,41.641],[-70.9063,41.6386],[-70.9077,41.6343],[-70.9034,41.6319],[-70.904,41.6295],[-70.9029,41.6287],[-70.9025,41.6261],[-70.9033,41.625],[-70.9026,41.6237],[-70.8959,41.624],[-70.8934,41.6248],[-70.8905,41.6286],[-70.8886,41.6322],[-70.886,41.6323],[-70.884,41.6313],[-70.8807,41.6309],[-70.8789,41.6293],[-70.877,41.6285],[-70.8729,41.6276],[-70.8699,41.6254],[-70.8687,41.6231],[-70.8688,41.62],[-70.8693,41.6185],[-70.8691,41.6145],[-70.8676,41.6132],[-70.8654,41.6076],[-70.8645,41.6067],[-70.8631,41.6032],[-70.8641,41.6015],[-70.8663,41.6002],[-70.8642,41.5988],[-70.8637,41.5963],[-70.8599,41.5938],[-70.859,41.5897],[-70.8577,41.5881],[-70.8571,41.5839],[-70.8545,41.5822],[-70.8532,41.5827],[-70.8533,41.5879],[-70.8499,41.592],[-70.8503,41.5934],[-70.8472,41.5955],[-70.8454,41.5956],[-70.8425,41.5939],[-70.8432,41.5962],[-70.839,41.5963],[-70.8377,41.5956],[-70.8378,41.594],[-70.8366,41.5921],[-70.8349,41.5908],[-70.8342,41.5893],[-70.8296,41.5842],[-70.8282,41.5834],[-70.8225,41.5824],[-70.8215,41.5827],[-70.8216,41.5862],[-70.8205,41.588],[-70.8167,41.5901],[-70.8164,41.5919],[-70.8184,41.5923],[-70.8212,41.5915],[-70.8239,41.5924],[-70.8237,41.5936],[-70.825,41.5958],[-70.8246,41.5978],[-70.8229,41.5992],[-70.8248,41.6014],[-70.828,41.6023],[-70.8301,41.6046],[-70.8316,41.6052],[-70.832,41.6025],[-70.8337,41.6019],[-70.8356,41.6036],[-70.8362,41.6007],[-70.8375,41.5978],[-70.8395,41.5969],[-70.8434,41.5963],[-70.8462,41.6001],[-70.8464,41.5973],[-70.8479,41.5971],[-70.8511,41.5952],[-70.8517,41.5977],[-70.8532,41.5985],[-70.8517,41.601],[-70.8501,41.6061],[-70.8494,41.6101],[-70.8515,41.6113],[-70.8538,41.6137],[-70.8546,41.6163],[-70.8541,41.6183],[-70.8556,41.6206],[-70.8559,41.6222],[-70.8579,41.6238],[-70.8597,41.6239],[-70.8642,41.6269],[-70.8665,41.6276],[-70.8647,41.6292],[-70.8666,41.6316],[-70.8661,41.6325],[-70.8634,41.6333],[-70.8624,41.6347],[-70.8585,41.6341],[-70.8575,41.6326],[-70.8549,41.6326],[-70.8566,41.6305],[-70.8564,41.6285],[-70.8538,41.6261],[-70.853,41.6274],[-70.855,41.6283],[-70.8525,41.6306],[-70.8507,41.6276],[-70.8477,41.6272],[-70.8485,41.6296],[-70.8474,41.6304],[-70.845,41.6303],[-70.8432,41.6285]]]},"properties":{"name":"Fairhaven"}},{"type":"Feature","geometry":{"type":"MultiPolygon","coordinates":[[[[-70.4628,41.5884],[-70.4621,41.5874],[-70.4635,41.5862],[-70.4621,41.585],[-70.4602,41.5815],[-70.4576,41.5786],[-70.4568,41.5806],[-70.4577,41.5832],[-70.4609,41.5861],[-70.4618,41.5882],[-70.4628,41.5884]]],[[[-70.4587,41.664],[-70.4712,41.666],[-70.4716,41.6648],[-70.4755,41.6598],[-70.4806,41.661],[-70.4822,41.666],[-70.4749,41.6785],[-70.4756,41.6824],[-70.4781,41.6851],[-70.4972,41.6835],[-70.4968,41.6781],[-70.4939,41.6768],[-70.4936,41.6736],[-70.494,41.6723],[-70.4974,41.6707],[-70.5113,41.6761],[-70.5136,41.6733],[-70.5155,41.6688],[-70.5164,41.6642],[-70.5193,41.6569],[-70.5208,41.655],[-70.5232,41.6504],[-70.5297,41.645],[-70.533,41.6427],[-70.5359,41.6414],[-70.5397,41.6373],[-70.5336,41.6268],[-70.5254,41.5999],[-70.4982,41.5938],[-70.5002,41.5901],[-70.5023,41.5848],[-70.5038,41.5826],[-70.5066,41.5775],[-70.5075,41.5743],[-70.5107,41.5712],[-70.5123,41.5703],[-70.5126,41.5681],[-70.5152,41.5688],[-70.5141,41.5667],[-70.514,41.5641],[-70.5144,41.5603],[-70.5151,41.5588],[-70.5156,41.5535],[-70.5187,41.5511],[-70.5221,41.5509],[-70.5256,41.5515],[-70.5276,41.5502],[-70.5277,41.5484],[-70.5186,41.5495],[-70.5041,41.5516],[-70.4976,41.5521],[-70.4943,41.5518],[-70.489,41.5536],[-70.4865,41.5538],[-70.4835,41.5555],[-70.4804,41.5565],[-70.4756,41.5592],[-70.4738,41.5611],[-70.4681,41.5654],[-70.4605,41.5727],[-70.4579,41.5758],[-70.458,41.5779],[-70.4593,41.5784],[-70.4624,41.5842],[-70.4637,41.5847],[-70.4635,41.5871],[-70.465,41.5883],[-70.4656,41.5904],[-70.4676,41.589],[-70.4687,41.5892],[-70.47,41.5913],[-70.4691,41.5925],[-70.4659,41.5932],[-70.466,41.5942],[-70.4683,41.5955],[-70.4667,41.597],[-70.4669,41.5986],[-70.4654,41.6025],[-70.4632,41.6032],[-70.463,41.6063],[-70.4594,41.6091],[-70.4584,41.6123],[-70.4585,41.6137],[-70.4543,41.616],[-70.4498,41.6194],[-70.4493,41.6209],[-70.449,41.6233],[-70.4508,41.6266],[-70.4515,41.6298],[-70.4516,41.6322],[-70.4525,41.6347],[-70.456,41.6343],[-70.4564,41.635],[-70.4597,41.6338],[-70.4646,41.6326],[-70.4676,41.6343],[-70.4663,41.6371],[-70.4585,41.6375],[-70.4532,41.64],[-70.4532,41.6417],[-70.4517,41.6425],[-70.4465,41.6503],[-70.4511,41.6569],[-70.4587,41.664]]]]},"properties":{"name":"Mashpee"}},{"type":"Feature","geometry":{"type":"Polygon","coordinates":[[[-71.0222,41.5044],[-71.0285,41.5136],[-71.0303,41.5192],[-71.0327,41.5278],[-71.0263,41.5305],[-71.0296,41.5387],[-71.0315,41.5464],[-71.0302,41.548],[-71.0309,41.5524],[-71.029,41.5574],[-71.0297,41.5603],[-71.0316,41.566],[-71.0321,41.5689],[-71.0345,41.5732],[-71.041,41.5823],[-71.0446,41.5866],[-71.045,41.5881],[-71.0446,41.5901],[-71.0395,41.5939],[-71.039,41.5957],[-71.0368,41.5982],[-71.0383,41.608],[-71.0369,41.6151],[-71.0366,41.6178],[-71.0378,41.6234],[-71.0367,41.6241],[-71.0385,41.6281],[-71.0431,41.6333],[-71.0446,41.6362],[-71.0463,41.6372],[-71.0489,41.6402],[-71.0517,41.6484],[-71.0542,41.6533],[-71.0636,41.6667],[-71.0751,41.678],[-71.0767,41.6875],[-71.1057,41.6928],[-71.1144,41.6928],[-71.1189,41.6807],[-71.1244,41.6632],[-71.1328,41.6364],[-71.1342,41.634],[-71.1333,41.6297],[-71.1354,41.6256],[-71.1383,41.6037],[-71.1316,41.5937],[-71.1268,41.5549],[-71.1263,41.5516],[-71.1224,41.5221],[-71.1205,41.4971],[-71.116,41.4962],[-71.1152,41.4989],[-71.1114,41.501],[-71.107,41.5017],[-71.103,41.5039],[-71.0995,41.5043],[-71.0967,41.5041],[-71.0921,41.5048],[-71.0877,41.5074],[-71.0869,41.5086],[-71.0842,41.5095],[-71.0793,41.5092],[-71.0774,41.5087],[-71.0697,41.5079],[-71.0629,41.507],[-71.06,41.506],[-71.0544,41.5047],[-71.0498,41.5029],[-71.046,41.5009],[-71.0385,41.4949],[-71.0388,41.4931],[-71.0406,41.4901],[-71.0395,41.4879],[-71.0389,41.4821],[-71.0378,41.4807],[-71.0353,41.4825],[-71.0367,41.485],[-71.0349,41.488],[-71.0366,41.4888],[-71.0381,41.4905],[-71.0384,41.4958],[-71.0363,41.4986],[-71.0344,41.5001],[-71.0297,41.5018],[-71.0261,41.5035],[-71.0222,41.5044]]]},"properties":{"name":"Westport"}},{"type":"Feature","geometry":{"type":"Polygon","coordinates":[[[-70.7991,41.7101],[-70.8433,41.7054],[-70.8443,41.7031],[-70.8431,41.7016],[-70.865,41.7002],[-70.8582,41.6811],[-70.8552,41.6726],[-70.8452,41.6447],[-70.8432,41.6285],[-70.838,41.625],[-70.8355,41.6244],[-70.8296,41.625],[-70.8242,41.6285],[-70.8217,41.6285],[-70.8206,41.6273],[-70.819,41.6263],[-70.8188,41.6242],[-70.8166,41.6251],[-70.8205,41.6275],[-70.8217,41.6287],[-70.8216,41.6305],[-70.8234,41.6319],[-70.8223,41.6333],[-70.8179,41.6326],[-70.8186,41.6346],[-70.816,41.6348],[-70.8142,41.6322],[-70.8165,41.6304],[-70.8162,41.6294],[-70.813,41.6261],[-70.8104,41.6244],[-70.8049,41.6264],[-70.8042,41.628],[-70.8012,41.6288],[-70.7999,41.6317],[-70.8019,41.6361],[-70.8022,41.638],[-70.8045,41.6416],[-70.8089,41.6437],[-70.8138,41.6441],[-70.8157,41.6446],[-70.8162,41.6457],[-70.8201,41.6472],[-70.8211,41.6489],[-70.8242,41.6492],[-70.8244,41.651],[-70.8224,41.6535],[-70.8187,41.6565],[-70.8171,41.6565],[-70.8154,41.6576],[-70.8124,41.6573],[-70.8115,41.6579],[-70.8078,41.6582],[-70.8057,41.6575],[-70.799,41.6535],[-70.7964,41.6509],[-70.7951,41.6506],[-70.7914,41.6525],[-70.7888,41.6527],[-70.7875,41.6517],[-70.781,41.6518],[-70.7788,41.6509],[-70.7741,41.6507],[-70.7755,41.6491],[-70.7743,41.6478],[-70.775,41.6468],[-70.7739,41.6448],[-70.7701,41.641],[-70.7682,41.6444],[-70.7677,41.6472],[-70.7664,41.6484],[-70.7623,41.6498],[-70.7629,41.6513],[-70.7611,41.6529],[-70.7575,41.6539],[-70.7579,41.6609],[-70.7591,41.6628],[-70.7618,41.6651],[-70.7622,41.6671],[-70.7576,41.6677],[-70.7594,41.6704],[-70.7607,41.671],[-70.763,41.6737],[-70.7638,41.6764],[-70.7661,41.6769],[-70.7861,41.6744],[-70.8029,41.6871],[-70.7991,41.7101]]]},"properties":{"name":"Mattapoisett"}},{"type":"Feature","geometry":{"type":"MultiPolygon","coordinates":[[[[-69.9816,41.6192],[-69.9828,41.6208],[-69.986,41.6196],[-69.9856,41.6152],[-69.9864,41.6092],[-69.9887,41.6074],[-69.9903,41.6068],[-69.9924,41.6016],[-69.9925,41.5992],[-69.9919,41.596],[-69.992,41.5921],[-69.9915,41.586],[-69.9916,41.5838],[-69.9926,41.581],[-69.9929,41.5773],[-69.996,41.5701],[-69.9976,41.568],[-70.0004,41.563],[-70.0032,41.5611],[-70.0048,41.5609],[-70.0081,41.5588],[-70.0111,41.5555],[-70.0132,41.5541],[-70.0142,41.5517],[-70.0143,41.5494],[-70.0136,41.5468],[-70.0122,41.5438],[-70.0096,41.5413],[-70.0054,41.5404],[-70.0003,41.5415],[-69.9965,41.5438],[-69.9909,41.5489],[-69.9885,41.5519],[-69.9873,41.5562],[-69.9886,41.5647],[-69.9883,41.5692],[-69.9895,41.5761],[-69.9892,41.5805],[-69.9897,41.5829],[-69.9886,41.5882],[-69.9887,41.5935],[-69.9884,41.5961],[-69.987,41.6005],[-69.9853,41.6034],[-69.984,41.6112],[-69.9828,41.6138],[-69.981,41.6157],[-69.9816,41.6192]]],[[[-69.9804,41.6299],[-69.9815,41.6277],[-69.9799,41.6259],[-69.9797,41.6295],[-69.9804,41.6299]]],[[[-69.9684,41.644],[-69.9722,41.6429],[-69.9749,41.6417],[-69.9769,41.6379],[-69.9757,41.6355],[-69.9786,41.6337],[-69.9787,41.6317],[-69.9759,41.6301],[-69.9752,41.6284],[-69.9732,41.6285],[-69.9711,41.6301],[-69.9713,41.6311],[-69.97,41.6345],[-69.9711,41.636],[-69.9713,41.6385],[-69.9704,41.6405],[-69.9683,41.6422],[-69.9684,41.644]]],[[[-69.947,41.694],[-69.9487,41.6928],[-69.9496,41.6888],[-69.9464,41.6895],[-69.9445,41.6921],[-69.947,41.694]]],[[[-70.038,41.6689],[-70.0321,41.6678],[-70.0292,41.6678],[-70.023,41.6699],[-70.0189,41.67],[-70.017,41.6719],[-70.0144,41.6724],[-70.0088,41.6722],[-70.0055,41.6713],[-70.0004,41.6691],[-69.9938,41.6652],[-69.9915,41.6635],[-69.9873,41.659],[-69.9842,41.6571],[-69.9805,41.6592],[-69.9791,41.6608],[-69.9801,41.6626],[-69.9821,41.664],[-69.9846,41.6647],[-69.9876,41.6672],[-69.9908,41.6684],[-69.991,41.67],[-69.9899,41.6718],[-69.9868,41.6728],[-69.9844,41.6753],[-69.9786,41.6792],[-69.9781,41.6809],[-69.9764,41.6802],[-69.9736,41.6806],[-69.972,41.6819],[-69.9673,41.6815],[-69.965,41.6823],[-69.9635,41.6804],[-69.9641,41.6787],[-69.9708,41.6779],[-69.9754,41.6768],[-69.9763,41.6756],[-69.9782,41.6756],[-69.9793,41.6773],[-69.983,41.6752],[-69.9867,41.6715],[-69.9893,41.6706],[-69.9876,41.6686],[-69.9845,41.6666],[-69.9787,41.6643],[-69.9763,41.6667],[-69.9747,41.6676],[-69.9723,41.6674],[-69.9686,41.6663],[-69.9629,41.6678],[-69.9629,41.6716],[-69.9606,41.6726],[-69.9594,41.6738],[-69.9568,41.6743],[-69.9571,41.6765],[-69.9544,41.6769],[-69.9551,41.6754],[-69.9536,41.6739],[-69.9538,41.6727],[-69.9618,41.6709],[-69.9603,41.6694],[-69.9617,41.667],[-69.96,41.6636],[-69.9604,41.6626],[-69.9632,41.6626],[-69.9662,41.6645],[-69.9676,41.664],[-69.9691,41.6622],[-69.9713,41.6612],[-69.9707,41.6586],[-69.9688,41.6562],[-69.9721,41.655],[-69.9738,41.655],[-69.9799,41.6586],[-69.9809,41.6577],[-69.9805,41.6562],[-69.9776,41.6544],[-69.9733,41.6539],[-69.97,41.6541],[-69.9675,41.6548],[-69.9658,41.6537],[-69.963,41.6533],[-69.9575,41.6569],[-69.9552,41.6601],[-69.9543,41.6623],[-69.9548,41.6636],[-69.9582,41.6627],[-69.9579,41.664],[-69.9561,41.6649],[-69.9525,41.6653],[-69.9499,41.6663],[-69.9494,41.6634],[-69.9463,41.663],[-69.9472,41.6607],[-69.9464,41.6585],[-69.9467,41.6572],[-69.949,41.6571],[-69.9502,41.6557],[-69.9489,41.6541],[-69.9509,41.6531],[-69.9546,41.6498],[-69.9555,41.646],[-69.9546,41.6453],[-69.9549,41.6425],[-69.9564,41.6399],[-69.9583,41.639],[-69.9564,41.6349],[-69.9582,41.6317],[-69.9615,41.6289],[-69.9642,41.6252],[-69.9683,41.6233],[-69.9709,41.6233],[-69.9708,41.6207],[-69.9736,41.6191],[-69.973,41.6156],[-69.9722,41.6137],[-69.9686,41.6161],[-69.9652,41.6177],[-69.9646,41.6192],[-69.962,41.6195],[-69.9615,41.6209],[-69.9589,41.6224],[-69.9571,41.6266],[-69.9545,41.6308],[-69.9537,41.6336],[-69.9517,41.6377],[-69.9484,41.6434],[-69.9454,41.6542],[-69.9429,41.6592],[-69.9439,41.6616],[-69.9442,41.6637],[-69.9454,41.6657],[-69.9476,41.6674],[-69.9482,41.6692],[-69.947,41.6747],[-69.9456,41.6773],[-69.9466,41.6793],[-69.9485,41.681],[-69.9487,41.6836],[-69.9504,41.686],[-69.9512,41.6888],[-69.951,41.6905],[-69.9516,41.6937],[-69.9509,41.6964],[-69.9493,41.7001],[-69.9477,41.7021],[-69.9455,41.7033],[-69.9473,41.7056],[-69.9503,41.7071],[-69.9554,41.7087],[-69.9575,41.7098],[-69.9605,41.7092],[-69.9633,41.7093],[-69.9663,41.7108],[-69.9683,41.7088],[-69.9684,41.7065],[-69.9695,41.7057],[-69.9729,41.7062],[-69.9733,41.7045],[-69.977,41.7042],[-69.9802,41.7046],[-69.9815,41.706],[-69.9844,41.7066],[-69.9853,41.7075],[-69.9843,41.7095],[-69.9823,41.7101],[-69.981,41.7079],[-69.9787,41.7063],[-69.9767,41.7056],[-69.9743,41.7067],[-69.9728,41.708],[-69.9698,41.7087],[-69.9703,41.7107],[-69.9731,41.7109],[-69.9764,41.7105],[-69.9786,41.711],[-69.9798,41.7129],[-69.9818,41.7142],[-69.9822,41.7155],[-69.9778,41.7177],[-69.9742,41.7173],[-69.9723,41.7153],[-69.9739,41.714],[-69.9735,41.7121],[-69.9713,41.7116],[-69.9702,41.7137],[-69.9669,41.7146],[-69.9652,41.7145],[-69.9645,41.717],[-69.9667,41.7186],[-69.9713,41.7196],[-69.9749,41.7214],[-69.9776,41.7214],[-69.9832,41.7188],[-69.986,41.7168],[-69.9905,41.7143],[-69.9932,41.7136],[-69.9933,41.7124],[-69.9953,41.7115],[-70.0047,41.705],[-70.006,41.7036],[-70.0086,41.7029],[-70.0133,41.6999],[-70.0153,41.7004],[-70.0186,41.6996],[-70.0243,41.7005],[-70.0273,41.6999],[-70.0318,41.679],[-70.037,41.6729],[-70.0383,41.6703],[-70.038,41.6689]]],[[[-69.933,41.723],[-69.9358,41.7181],[-69.9341,41.7133],[-69.9309,41.7111],[-69.9309,41.7067],[-69.9303,41.705],[-69.9325,41.7019],[-69.9318,41.7006],[-69.9331,41.6967],[-69.9353,41.6948],[-69.9358,41.6898],[-69.9345,41.6856],[-69.9353,41.6836],[-69.9344,41.6829],[-69.9322,41.6861],[-69.9302,41.6916],[-69.93,41.6958],[-69.929,41.6996],[-69.9284,41.7039],[-69.9282,41.7089],[-69.9286,41.7125],[-69.9284,41.7165],[-69.9286,41.7199],[-69.9281,41.7225],[-69.933,41.723]]],[[[-69.9511,41.7215],[-69.9498,41.7235],[-69.951,41.7244],[-69.9586,41.7221],[-69.9609,41.7221],[-69.9626,41.72],[-69.9616,41.719],[-69.9547,41.7157],[-69.9513,41.7153],[-69.9522,41.7171],[-69.9511,41.7215]]]]},"properties":{"name":"Chatham"}},{"type":"Feature","geometry":{"type":"Polygon","coordinates":[[[-70.9654,41.734],[-71.0119,41.7118],[-71.0666,41.6856],[-71.0767,41.6875],[-71.0751,41.678],[-71.0636,41.6667],[-71.0542,41.6533],[-71.0517,41.6484],[-71.0489,41.6402],[-71.0463,41.6372],[-71.0446,41.6362],[-71.0431,41.6333],[-71.0385,41.6281],[-71.0367,41.6241],[-71.0378,41.6234],[-71.0366,41.6178],[-71.0369,41.6151],[-71.0383,41.608],[-71.0368,41.5982],[-71.039,41.5957],[-71.0395,41.5939],[-71.0446,41.5901],[-71.045,41.5881],[-71.0446,41.5866],[-71.041,41.5823],[-71.0345,41.5732],[-71.0321,41.5689],[-71.0316,41.566],[-71.0297,41.5603],[-71.029,41.5574],[-71.0309,41.5524],[-71.0302,41.548],[-71.0315,41.5464],[-71.0296,41.5387],[-71.0263,41.5305],[-71.0327,41.5278],[-71.0303,41.5192],[-71.0285,41.5136],[-71.0222,41.5044],[-71.0207,41.5066],[-71.0208,41.5082],[-71.0188,41.5094],[-71.0155,41.5103],[-71.0119,41.5106],[-71.0062,41.5117],[-71.0017,41.5121],[-70.9927,41.5109],[-70.988,41.5094],[-70.9827,41.5087],[-70.9811,41.5094],[-70.9807,41.5127],[-70.9812,41.514],[-70.9833,41.5156],[-70.9829,41.5177],[-70.9836,41.5201],[-70.983,41.5222],[-70.9819,41.5233],[-70.9783,41.5292],[-70.9743,41.5309],[-70.9724,41.5308],[-70.9718,41.5332],[-70.97,41.5342],[-70.9685,41.5341],[-70.9681,41.5324],[-70.964,41.5314],[-70.9627,41.53],[-70.96,41.529],[-70.9584,41.5258],[-70.9574,41.5229],[-70.9576,41.5194],[-70.9562,41.5176],[-70.9566,41.5161],[-70.9535,41.5146],[-70.9526,41.5174],[-70.9532,41.5204],[-70.9552,41.5265],[-70.9533,41.5283],[-70.9483,41.5296],[-70.947,41.5348],[-70.9474,41.5363],[-70.9448,41.5389],[-70.943,41.5399],[-70.9397,41.5404],[-70.9356,41.5406],[-70.9315,41.5401],[-70.9281,41.5389],[-70.9307,41.5424],[-70.9338,41.5483],[-70.9359,41.5497],[-70.937,41.553],[-70.9356,41.5566],[-70.9363,41.5573],[-70.9367,41.5637],[-70.9384,41.5659],[-70.9408,41.5672],[-70.9432,41.5698],[-70.9465,41.5724],[-70.9481,41.5771],[-70.9498,41.5807],[-70.9498,41.5854],[-70.9441,41.5864],[-70.9433,41.5813],[-70.9399,41.5804],[-70.9392,41.5782],[-70.9371,41.5782],[-70.9332,41.5805],[-70.933,41.5822],[-70.931,41.5842],[-70.9309,41.5877],[-70.9301,41.5885],[-70.9295,41.5914],[-70.9274,41.5926],[-70.9274,41.5961],[-70.93,41.6005],[-70.9301,41.6021],[-70.9292,41.6036],[-70.9306,41.6048],[-70.9311,41.6085],[-70.9323,41.6081],[-70.933,41.6109],[-70.9346,41.6099],[-70.9364,41.6144],[-70.9497,41.6209],[-70.9598,41.6368],[-70.9605,41.6402],[-70.9697,41.6486],[-70.9775,41.6787],[-70.9654,41.734]]]},"properties":{"name":"Dartmouth"}},{"type":"Feature","geometry":{"type":"MultiPolygon","coordinates":[[[[-70.1959,41.6482],[-70.1953,41.6476],[-70.1925,41.6483],[-70.1959,41.6482]]],[[[-70.2207,41.7252],[-70.2233,41.7247],[-70.2265,41.7254],[-70.2276,41.7271],[-70.2301,41.7285],[-70.2318,41.7272],[-70.2326,41.7253],[-70.2361,41.7237],[-70.2387,41.7241],[-70.2396,41.7252],[-70.2428,41.724],[-70.2456,41.7239],[-70.2496,41.722],[-70.2518,41.7196],[-70.2555,41.7164],[-70.2582,41.7152],[-70.2601,41.7115],[-70.2623,41.7105],[-70.2623,41.7074],[-70.2607,41.7051],[-70.2596,41.6923],[-70.2737,41.6494],[-70.2742,41.648],[-70.2731,41.6467],[-70.2683,41.6455],[-70.267,41.6446],[-70.2635,41.6443],[-70.2626,41.6451],[-70.2597,41.6458],[-70.2564,41.6457],[-70.2521,41.6431],[-70.25,41.6406],[-70.2473,41.6396],[-70.2462,41.6408],[-70.2437,41.6409],[-70.2419,41.6398],[-70.2411,41.6375],[-70.241,41.6353],[-70.2422,41.6314],[-70.2449,41.6324],[-70.2497,41.633],[-70.2519,41.6323],[-70.2541,41.6325],[-70.2572,41.6296],[-70.2574,41.6282],[-70.2586,41.6268],[-70.2578,41.6258],[-70.2604,41.6244],[-70.26,41.6227],[-70.2617,41.6216],[-70.264,41.6218],[-70.2657,41.624],[-70.2628,41.6246],[-70.2608,41.6259],[-70.2609,41.6275],[-70.2641,41.6279],[-70.2659,41.6292],[-70.2678,41.6284],[-70.2704,41.6241],[-70.2695,41.622],[-70.2695,41.6201],[-70.2703,41.6179],[-70.268,41.6137],[-70.2678,41.6109],[-70.2662,41.6092],[-70.2637,41.61],[-70.2609,41.6102],[-70.2587,41.6123],[-70.2557,41.6174],[-70.2559,41.6202],[-70.2546,41.6221],[-70.2512,41.6254],[-70.246,41.6283],[-70.2394,41.6307],[-70.2359,41.6314],[-70.2329,41.6327],[-70.2299,41.6332],[-70.2254,41.6347],[-70.221,41.635],[-70.2197,41.6374],[-70.2177,41.6378],[-70.2106,41.6414],[-70.2073,41.6426],[-70.2016,41.6438],[-70.1978,41.6441],[-70.1974,41.6451],[-70.199,41.6492],[-70.1966,41.6542],[-70.1943,41.656],[-70.1925,41.6567],[-70.1892,41.6591],[-70.189,41.6602],[-70.1871,41.6622],[-70.1841,41.6636],[-70.1837,41.6653],[-70.1814,41.6683],[-70.1808,41.6711],[-70.1785,41.6722],[-70.1766,41.6721],[-70.175,41.6707],[-70.1735,41.6712],[-70.1714,41.6749],[-70.17,41.6761],[-70.1694,41.6779],[-70.1695,41.6805],[-70.1666,41.68],[-70.163,41.6812],[-70.1623,41.6837],[-70.1602,41.6843],[-70.1631,41.6872],[-70.1656,41.6876],[-70.1681,41.6895],[-70.1704,41.6925],[-70.1709,41.6954],[-70.1736,41.6982],[-70.1745,41.6998],[-70.1783,41.7002],[-70.1783,41.7013],[-70.1811,41.7016],[-70.181,41.7027],[-70.1825,41.704],[-70.1816,41.7065],[-70.1804,41.7074],[-70.1788,41.7091],[-70.1817,41.7107],[-70.183,41.7122],[-70.186,41.7128],[-70.1984,41.7185],[-70.197,41.7216],[-70.2003,41.7236],[-70.2024,41.7243],[-70.2038,41.7232],[-70.2059,41.7232],[-70.2086,41.7239],[-70.2093,41.7231],[-70.212,41.7244],[-70.2152,41.7247],[-70.2181,41.7243],[-70.2173,41.7225],[-70.2201,41.7223],[-70.2207,41.7252]]]]},"properties":{"name":"Yarmouth"}},{"type":"Feature","geometry":{"type":"Polygon","coordinates":[[[-69.9932,41.7136],[-69.9949,41.7132],[-69.9962,41.7147],[-69.9966,41.718],[-69.9945,41.7209],[-69.9941,41.7237],[-69.9919,41.7276],[-69.9918,41.7289],[-69.9995,41.7286],[-70.0244,41.7278],[-70.027,41.7266],[-70.0266,41.7256],[-70.0282,41.7244],[-70.032,41.7238],[-70.0364,41.7265],[-70.0384,41.7268],[-70.0408,41.7251],[-70.0434,41.7251],[-70.0432,41.7238],[-70.0506,41.7216],[-70.057,41.7219],[-70.0639,41.7231],[-70.0708,41.7231],[-70.0755,41.7218],[-70.0805,41.7245],[-70.086,41.7263],[-70.0941,41.7245],[-70.0964,41.716],[-70.1339,41.7062],[-70.1175,41.6552],[-70.1161,41.6552],[-70.1149,41.6572],[-70.1136,41.6578],[-70.1097,41.6583],[-70.1071,41.6594],[-70.1036,41.6599],[-70.0981,41.6612],[-70.0938,41.6614],[-70.0902,41.6607],[-70.0895,41.6618],[-70.0871,41.6629],[-70.08,41.6635],[-70.0773,41.6639],[-70.0715,41.6633],[-70.0651,41.6615],[-70.0652,41.6635],[-70.063,41.6644],[-70.0591,41.665],[-70.0532,41.6648],[-70.0508,41.6654],[-70.048,41.6655],[-70.045,41.667],[-70.0423,41.6673],[-70.0378,41.6672],[-70.038,41.6689],[-70.0383,41.6703],[-70.037,41.6729],[-70.0318,41.679],[-70.0273,41.6999],[-70.0243,41.7005],[-70.0186,41.6996],[-70.0153,41.7004],[-70.0133,41.6999],[-70.0086,41.7029],[-70.006,41.7036],[-70.0047,41.705],[-69.9953,41.7115],[-69.9933,41.7124],[-69.9932,41.7136]]]},"properties":{"name":"Harwich"}},{"type":"Feature","geometry":{"type":"Polygon","coordinates":[[[-70.2623,41.7074],[-70.2644,41.7085],[-70.2613,41.7118],[-70.2633,41.7137],[-70.2663,41.714],[-70.2687,41.7137],[-70.2704,41.7122],[-70.2744,41.7119],[-70.2774,41.7102],[-70.2822,41.7096],[-70.2853,41.7098],[-70.291,41.7107],[-70.2939,41.7106],[-70.2994,41.7092],[-70.3019,41.7094],[-70.3078,41.7107],[-70.3125,41.7099],[-70.3166,41.7099],[-70.3181,41.7092],[-70.3215,41.7094],[-70.3247,41.711],[-70.3273,41.7117],[-70.33,41.7132],[-70.3329,41.7143],[-70.3352,41.7171],[-70.3377,41.7173],[-70.3425,41.7185],[-70.3447,41.7202],[-70.3472,41.7207],[-70.3476,41.7232],[-70.3447,41.7241],[-70.3416,41.724],[-70.3354,41.7252],[-70.3309,41.725],[-70.3273,41.7259],[-70.322,41.7253],[-70.3191,41.7264],[-70.3159,41.727],[-70.3142,41.728],[-70.3091,41.7265],[-70.3069,41.7219],[-70.3046,41.7205],[-70.2991,41.7201],[-70.2942,41.7212],[-70.2924,41.7208],[-70.2915,41.7218],[-70.2905,41.7246],[-70.287,41.7276],[-70.2852,41.724],[-70.2826,41.7224],[-70.2799,41.722],[-70.2763,41.7231],[-70.273,41.7237],[-70.273,41.7249],[-70.2774,41.7268],[-70.2792,41.7289],[-70.2834,41.7316],[-70.2859,41.7336],[-70.2926,41.7351],[-70.2984,41.7356],[-70.3032,41.7353],[-70.3061,41.7357],[-70.312,41.7352],[-70.3197,41.7357],[-70.3359,41.7362],[-70.3515,41.7369],[-70.3681,41.7383],[-70.3833,41.7401],[-70.3888,41.7343],[-70.4587,41.664],[-70.4511,41.6569],[-70.4465,41.6503],[-70.4517,41.6425],[-70.4532,41.6417],[-70.4532,41.64],[-70.4585,41.6375],[-70.4663,41.6371],[-70.4676,41.6343],[-70.4646,41.6326],[-70.4597,41.6338],[-70.4564,41.635],[-70.456,41.6343],[-70.4525,41.6347],[-70.4516,41.6322],[-70.4515,41.6298],[-70.4508,41.6266],[-70.449,41.6233],[-70.4493,41.6209],[-70.4493,41.6189],[-70.4506,41.6157],[-70.4522,41.6146],[-70.4526,41.6111],[-70.4554,41.6106],[-70.4574,41.6065],[-70.4607,41.6066],[-70.4622,41.6017],[-70.4606,41.5988],[-70.4634,41.5971],[-70.4615,41.5961],[-70.4577,41.5976],[-70.4555,41.5963],[-70.4548,41.5951],[-70.4553,41.5914],[-70.4551,41.5891],[-70.4527,41.5888],[-70.4492,41.5892],[-70.4457,41.5907],[-70.4442,41.5939],[-70.4446,41.5958],[-70.443,41.5987],[-70.4403,41.6022],[-70.438,41.6041],[-70.4367,41.606],[-70.4359,41.6083],[-70.4339,41.6086],[-70.4324,41.6069],[-70.4303,41.6057],[-70.4261,41.6048],[-70.4204,41.6063],[-70.4095,41.6077],[-70.4046,41.6077],[-70.3993,41.6067],[-70.3974,41.6068],[-70.3915,41.6078],[-70.3872,41.6089],[-70.3838,41.6103],[-70.3808,41.611],[-70.3711,41.6151],[-70.3692,41.6164],[-70.3666,41.6212],[-70.3647,41.6228],[-70.3653,41.6271],[-70.3637,41.6287],[-70.3599,41.6316],[-70.3565,41.6333],[-70.3486,41.6354],[-70.3448,41.636],[-70.3393,41.6362],[-70.3357,41.6357],[-70.33,41.6343],[-70.3269,41.6331],[-70.3241,41.6312],[-70.3213,41.6303],[-70.3191,41.6266],[-70.3167,41.6253],[-70.313,41.627],[-70.3028,41.6293],[-70.3006,41.6294],[-70.2997,41.6321],[-70.2982,41.6333],[-70.2935,41.6349],[-70.2911,41.6353],[-70.2853,41.6355],[-70.2798,41.6349],[-70.2733,41.6318],[-70.2722,41.6338],[-70.2762,41.636],[-70.2776,41.6386],[-70.2769,41.6429],[-70.2737,41.6433],[-70.2733,41.6446],[-70.2755,41.645],[-70.2769,41.6463],[-70.2759,41.6478],[-70.2774,41.6493],[-70.2773,41.6509],[-70.2752,41.6519],[-70.2737,41.6494],[-70.2596,41.6923],[-70.2607,41.7051],[-70.2623,41.7074]]]},"properties":{"name":"Barnstable"}},{"type":"Feature","geometry":{"type":"Polygon","coordinates":[[[-70.9191,41.6818],[-70.9206,41.6845],[-70.9236,41.6857],[-70.9293,41.7033],[-70.943,41.7447],[-70.9654,41.734],[-70.9775,41.6787],[-70.9697,41.6486],[-70.9605,41.6402],[-70.9598,41.6368],[-70.9497,41.6209],[-70.9364,41.6144],[-70.9346,41.6099],[-70.933,41.6109],[-70.9323,41.6081],[-70.9311,41.6085],[-70.9299,41.611],[-70.9302,41.613],[-70.9291,41.6135],[-70.9226,41.6145],[-70.9201,41.6115],[-70.9189,41.6111],[-70.9176,41.6091],[-70.9177,41.607],[-70.9153,41.605],[-70.9152,41.6036],[-70.914,41.6026],[-70.913,41.6005],[-70.9114,41.5953],[-70.9096,41.5938],[-70.9026,41.5925],[-70.9011,41.5914],[-70.8993,41.593],[-70.9002,41.5945],[-70.9028,41.5966],[-70.9024,41.5989],[-70.9014,41.6002],[-70.9016,41.6026],[-70.9035,41.6057],[-70.9045,41.6103],[-70.9072,41.6119],[-70.9098,41.6155],[-70.9129,41.6172],[-70.9135,41.6195],[-70.9153,41.6208],[-70.9144,41.6243],[-70.9159,41.6283],[-70.9179,41.6286],[-70.9185,41.6332],[-70.9204,41.6329],[-70.921,41.6341],[-70.9182,41.6343],[-70.9187,41.6355],[-70.9208,41.6368],[-70.9217,41.6409],[-70.9214,41.644],[-70.9224,41.6472],[-70.9207,41.6514],[-70.9209,41.6528],[-70.9186,41.6563],[-70.9192,41.6572],[-70.919,41.6597],[-70.922,41.6605],[-70.9228,41.6616],[-70.9212,41.6626],[-70.919,41.6622],[-70.9186,41.6646],[-70.919,41.6697],[-70.9182,41.6723],[-70.9162,41.675],[-70.9174,41.6786],[-70.9176,41.6809],[-70.9191,41.6818]]]},"properties":{"name":"New Bedford"}},{"type":"Feature","geometry":{"type":"Polygon","coordinates":[[[-70.7788,41.7613],[-70.78,41.7628],[-70.7866,41.7569],[-70.7875,41.7498],[-70.7858,41.7474],[-70.7932,41.7432],[-70.7937,41.7347],[-70.7917,41.7326],[-70.7935,41.731],[-70.795,41.7286],[-70.7962,41.7284],[-70.7991,41.7101],[-70.8029,41.6871],[-70.7861,41.6744],[-70.7661,41.6769],[-70.7653,41.677],[-70.763,41.6773],[-70.7621,41.6787],[-70.7588,41.6803],[-70.7562,41.6801],[-70.7544,41.679],[-70.7513,41.6783],[-70.7488,41.6742],[-70.7459,41.6723],[-70.7444,41.6728],[-70.7443,41.6755],[-70.7475,41.6788],[-70.7481,41.6801],[-70.7516,41.6825],[-70.7516,41.6853],[-70.7541,41.6858],[-70.7552,41.6888],[-70.7527,41.6888],[-70.7518,41.6897],[-70.7545,41.692],[-70.7563,41.6916],[-70.7561,41.6953],[-70.7545,41.6964],[-70.7543,41.6976],[-70.7567,41.7],[-70.7572,41.7018],[-70.7602,41.704],[-70.761,41.7052],[-70.7642,41.708],[-70.7646,41.7111],[-70.7599,41.7128],[-70.7573,41.7123],[-70.7541,41.7097],[-70.7526,41.7065],[-70.747,41.7028],[-70.7452,41.7008],[-70.7438,41.7025],[-70.7451,41.7054],[-70.7427,41.7045],[-70.7385,41.7005],[-70.7373,41.6988],[-70.7347,41.6973],[-70.7351,41.6962],[-70.7329,41.6932],[-70.7308,41.692],[-70.7304,41.6909],[-70.7313,41.6891],[-70.7337,41.6898],[-70.7339,41.6907],[-70.7382,41.6941],[-70.741,41.6945],[-70.7395,41.6925],[-70.7358,41.6897],[-70.7303,41.6884],[-70.7254,41.6841],[-70.7242,41.6825],[-70.7205,41.6801],[-70.7201,41.6774],[-70.7175,41.6763],[-70.7153,41.6762],[-70.7172,41.679],[-70.7169,41.6803],[-70.7152,41.6813],[-70.7162,41.6833],[-70.7176,41.684],[-70.717,41.6859],[-70.7185,41.688],[-70.7174,41.6906],[-70.7153,41.6912],[-70.7157,41.6925],[-70.7194,41.6951],[-70.721,41.6949],[-70.7228,41.696],[-70.7244,41.698],[-70.7248,41.6997],[-70.7268,41.7022],[-70.7279,41.7043],[-70.7264,41.7056],[-70.7234,41.7038],[-70.7215,41.7042],[-70.7179,41.7018],[-70.7148,41.7017],[-70.7139,41.7048],[-70.7125,41.7068],[-70.7126,41.708],[-70.7148,41.7097],[-70.7152,41.7107],[-70.7187,41.7116],[-70.7221,41.7136],[-70.7227,41.7157],[-70.7247,41.7164],[-70.7264,41.7195],[-70.7279,41.7206],[-70.729,41.7226],[-70.7291,41.725],[-70.7317,41.7247],[-70.7332,41.7261],[-70.7354,41.7268],[-70.7381,41.7295],[-70.7396,41.7301],[-70.7411,41.7287],[-70.7427,41.7287],[-70.7465,41.7324],[-70.747,41.7341],[-70.7454,41.735],[-70.7471,41.7366],[-70.7488,41.7367],[-70.7528,41.7384],[-70.7557,41.7413],[-70.758,41.7425],[-70.7601,41.7413],[-70.7592,41.7395],[-70.76,41.7389],[-70.7635,41.7388],[-70.7651,41.736],[-70.7672,41.735],[-70.768,41.7337],[-70.7725,41.7334],[-70.7749,41.7343],[-70.7743,41.7383],[-70.7749,41.7406],[-70.7785,41.7438],[-70.7814,41.7495],[-70.7816,41.752],[-70.7809,41.754],[-70.7804,41.7574],[-70.7788,41.7613]]]},"properties":{"name":"Marion"}},{"type":"Feature","geometry":{"type":"Polygon","coordinates":[[[-70.865,41.7002],[-70.8864,41.7602],[-70.9044,41.758],[-70.9072,41.7635],[-70.9261,41.7589],[-70.9261,41.757],[-70.9222,41.7548],[-70.943,41.7447],[-70.9293,41.7033],[-70.9236,41.6857],[-70.9206,41.6845],[-70.9191,41.6818],[-70.9174,41.681],[-70.916,41.6771],[-70.9131,41.6757],[-70.9143,41.6742],[-70.9136,41.6728],[-70.9151,41.6722],[-70.9159,41.6705],[-70.9163,41.667],[-70.9149,41.6643],[-70.8896,41.6685],[-70.8582,41.6811],[-70.865,41.7002]]]},"properties":{"name":"Acushnet"}},{"type":"Feature","geometry":{"type":"Polygon","coordinates":[[[-71.1161,41.7654],[-71.1182,41.7647],[-71.1208,41.7627],[-71.1217,41.7614],[-71.1246,41.7607],[-71.1265,41.7596],[-71.1272,41.7574],[-71.1295,41.7557],[-71.1281,41.7512],[-71.1262,41.7488],[-71.1273,41.7465],[-71.1292,41.7455],[-71.1296,41.744],[-71.1312,41.7431],[-71.1312,41.7413],[-71.1336,41.7379],[-71.1351,41.737],[-71.1374,41.7368],[-71.1377,41.7357],[-71.1427,41.7326],[-71.1419,41.7307],[-71.1425,41.7294],[-71.1453,41.7289],[-71.148,41.7272],[-71.1521,41.7239],[-71.1538,41.7233],[-71.1563,41.7214],[-71.1575,41.7199],[-71.1572,41.7182],[-71.1585,41.7177],[-71.1591,41.7137],[-71.1579,41.7134],[-71.1577,41.7103],[-71.1602,41.7061],[-71.1623,41.705],[-71.164,41.7063],[-71.1674,41.7041],[-71.1706,41.7006],[-71.1767,41.698],[-71.1811,41.695],[-71.1817,41.6936],[-71.1836,41.692],[-71.1872,41.6873],[-71.1894,41.6859],[-71.1938,41.6818],[-71.1948,41.68],[-71.1955,41.6751],[-71.1758,41.6715],[-71.1761,41.6682],[-71.1326,41.6604],[-71.1344,41.644],[-71.1353,41.6285],[-71.1402,41.6239],[-71.142,41.6125],[-71.1403,41.6048],[-71.1383,41.6037],[-71.1354,41.6256],[-71.1333,41.6297],[-71.1342,41.634],[-71.1328,41.6364],[-71.1244,41.6632],[-71.1189,41.6807],[-71.1144,41.6928],[-71.1057,41.6928],[-71.0767,41.6875],[-71.0666,41.6856],[-71.0119,41.7118],[-71.0095,41.7462],[-71.1161,41.7654]]]},"properties":{"name":"Fall River"}},{"type":"Feature","geometry":{"type":"MultiPolygon","coordinates":[[[[-70.1955,41.6522],[-70.1919,41.6529],[-70.1911,41.6546],[-70.192,41.6557],[-70.1954,41.6535],[-70.1955,41.6522]]],[[[-70.1292,41.7552],[-70.126,41.7573],[-70.1235,41.758],[-70.1231,41.7605],[-70.1264,41.7598],[-70.1287,41.7602],[-70.1306,41.7596],[-70.1336,41.7606],[-70.1379,41.7597],[-70.1416,41.7602],[-70.1457,41.7594],[-70.1489,41.7577],[-70.1526,41.7568],[-70.1535,41.7553],[-70.1559,41.7564],[-70.1604,41.7564],[-70.1626,41.7557],[-70.166,41.7559],[-70.1675,41.755],[-70.1715,41.7544],[-70.1767,41.7523],[-70.1823,41.7509],[-70.1863,41.7506],[-70.1884,41.7522],[-70.1907,41.7521],[-70.1929,41.7506],[-70.1977,41.749],[-70.2073,41.7466],[-70.2115,41.745],[-70.2149,41.7433],[-70.2187,41.7422],[-70.2229,41.7397],[-70.2263,41.7383],[-70.2274,41.737],[-70.2322,41.7345],[-70.2343,41.7324],[-70.2375,41.7305],[-70.2413,41.7264],[-70.2349,41.7256],[-70.2335,41.7264],[-70.2332,41.7289],[-70.232,41.7298],[-70.2294,41.7295],[-70.2282,41.7287],[-70.2253,41.7253],[-70.2235,41.7252],[-70.2227,41.7263],[-70.2207,41.7252],[-70.2201,41.7223],[-70.2173,41.7225],[-70.2181,41.7243],[-70.2152,41.7247],[-70.212,41.7244],[-70.2093,41.7231],[-70.2086,41.7239],[-70.2059,41.7232],[-70.2038,41.7232],[-70.2024,41.7243],[-70.2003,41.7236],[-70.197,41.7216],[-70.1984,41.7185],[-70.186,41.7128],[-70.183,41.7122],[-70.1817,41.7107],[-70.1788,41.7091],[-70.1804,41.7074],[-70.1767,41.7064],[-70.1749,41.7047],[-70.1757,41.7013],[-70.174,41.7006],[-70.1721,41.6983],[-70.1698,41.7011],[-70.1682,41.701],[-70.1665,41.6983],[-70.1678,41.6956],[-70.1696,41.6939],[-70.1686,41.6913],[-70.1675,41.6902],[-70.1639,41.6885],[-70.1623,41.6894],[-70.1601,41.6887],[-70.1602,41.6859],[-70.1583,41.6852],[-70.16,41.6831],[-70.1587,41.6818],[-70.1608,41.6804],[-70.1615,41.6784],[-70.1654,41.6765],[-70.1647,41.6734],[-70.1659,41.6727],[-70.1703,41.6727],[-70.1733,41.6701],[-70.1782,41.6681],[-70.178,41.667],[-70.1749,41.6666],[-70.1771,41.665],[-70.1792,41.6659],[-70.1808,41.6656],[-70.1828,41.6626],[-70.186,41.661],[-70.1862,41.6595],[-70.1889,41.6569],[-70.189,41.6536],[-70.1934,41.6516],[-70.1948,41.6486],[-70.1959,41.6482],[-70.1925,41.6483],[-70.1895,41.6489],[-70.1809,41.6501],[-70.1746,41.6512],[-70.1683,41.6514],[-70.1662,41.6518],[-70.1599,41.6519],[-70.1577,41.6512],[-70.1542,41.6517],[-70.1487,41.6505],[-70.1405,41.6506],[-70.1311,41.6528],[-70.1245,41.6546],[-70.1208,41.6552],[-70.1175,41.6552],[-70.1339,41.7062],[-70.1454,41.7437],[-70.1447,41.7465],[-70.1376,41.7489],[-70.1313,41.7521],[-70.1293,41.7529],[-70.1293,41.753],[-70.1293,41.7531],[-70.1298,41.7531],[-70.1299,41.7532],[-70.1297,41.7534],[-70.1297,41.7535],[-70.1297,41.7536],[-70.1298,41.7538],[-70.1299,41.7538],[-70.13,41.7538],[-70.1302,41.7538],[-70.1304,41.7536],[-70.1305,41.7535],[-70.1306,41.7535],[-70.1307,41.7535],[-70.1308,41.7536],[-70.1309,41.7536],[-70.1309,41.7537],[-70.1309,41.7538],[-70.1309,41.7539],[-70.1309,41.754],[-70.1308,41.7541],[-70.1306,41.7542],[-70.1305,41.7542],[-70.1302,41.7542],[-70.1301,41.7542],[-70.1299,41.7543],[-70.1298,41.7543],[-70.1298,41.7544],[-70.1297,41.7545],[-70.1296,41.7545],[-70.1296,41.7546],[-70.1296,41.7547],[-70.1295,41.755],[-70.1295,41.7551],[-70.1294,41.7551],[-70.1292,41.7552]]]]},"properties":{"name":"Dennis"}},{"type":"Feature","geometry":{"type":"MultiPolygon","coordinates":[[[[-70.5679,41.6455],[-70.5678,41.6472],[-70.5689,41.6485],[-70.5675,41.6491],[-70.5663,41.6516],[-70.5669,41.6541],[-70.5667,41.6562],[-70.5617,41.6611],[-70.5591,41.6631],[-70.5578,41.6648],[-70.5502,41.6716],[-70.5469,41.6764],[-70.5446,41.6839],[-70.5419,41.688],[-70.541,41.6906],[-70.5404,41.6953],[-70.5417,41.6987],[-70.5419,41.7014],[-70.5408,41.7032],[-70.5378,41.7104],[-70.5386,41.7147],[-70.5371,41.7206],[-70.5232,41.7683],[-70.5207,41.7713],[-70.5204,41.7725],[-70.5306,41.7737],[-70.5395,41.7749],[-70.5433,41.7752],[-70.5482,41.7749],[-70.5525,41.7741],[-70.5569,41.7725],[-70.5596,41.7712],[-70.5629,41.7689],[-70.5661,41.7654],[-70.5698,41.7597],[-70.5731,41.756],[-70.5763,41.7533],[-70.5842,41.7489],[-70.5912,41.7462],[-70.5964,41.7448],[-70.6111,41.7419],[-70.616,41.7401],[-70.6145,41.7391],[-70.6189,41.7388],[-70.6214,41.737],[-70.624,41.7325],[-70.6272,41.7306],[-70.6235,41.728],[-70.6246,41.7273],[-70.6324,41.7255],[-70.6366,41.7235],[-70.6362,41.7199],[-70.6392,41.7172],[-70.6353,41.7147],[-70.6328,41.7146],[-70.6326,41.7169],[-70.6337,41.7198],[-70.6318,41.7231],[-70.63,41.7244],[-70.6279,41.7249],[-70.6254,41.7263],[-70.6223,41.7259],[-70.6213,41.7248],[-70.6185,41.7237],[-70.6169,41.7224],[-70.6169,41.7205],[-70.6159,41.7187],[-70.6149,41.7156],[-70.6166,41.7137],[-70.6172,41.7075],[-70.6167,41.7066],[-70.6188,41.703],[-70.6177,41.7019],[-70.6268,41.6982],[-70.6289,41.6967],[-70.6316,41.6962],[-70.6355,41.6967],[-70.6383,41.6964],[-70.6396,41.6956],[-70.6434,41.6953],[-70.6461,41.6939],[-70.6447,41.6916],[-70.6465,41.6901],[-70.6496,41.6906],[-70.6517,41.688],[-70.6543,41.6875],[-70.6569,41.6864],[-70.6576,41.6844],[-70.6606,41.6834],[-70.6619,41.6807],[-70.6604,41.6798],[-70.6583,41.681],[-70.6552,41.6812],[-70.652,41.6807],[-70.6452,41.6812],[-70.6429,41.6835],[-70.6425,41.685],[-70.6394,41.6851],[-70.6375,41.686],[-70.6377,41.6875],[-70.6364,41.6891],[-70.633,41.6894],[-70.632,41.6907],[-70.6329,41.6921],[-70.6324,41.6935],[-70.6299,41.6927],[-70.6284,41.6937],[-70.6269,41.6918],[-70.6266,41.6905],[-70.6277,41.689],[-70.6278,41.6873],[-70.6299,41.6853],[-70.6275,41.6816],[-70.6243,41.6817],[-70.6251,41.6835],[-70.6233,41.6845],[-70.6222,41.6863],[-70.6203,41.6865],[-70.6183,41.6855],[-70.6187,41.6829],[-70.6205,41.6806],[-70.6226,41.6803],[-70.6217,41.6778],[-70.6186,41.679],[-70.616,41.6775],[-70.6156,41.6757],[-70.6142,41.6753],[-70.6181,41.6733],[-70.6185,41.6705],[-70.6225,41.6703],[-70.6247,41.6718],[-70.6263,41.6738],[-70.6269,41.6698],[-70.6259,41.668],[-70.6282,41.6669],[-70.627,41.6655],[-70.6286,41.6641],[-70.6309,41.6641],[-70.6352,41.6652],[-70.6359,41.6676],[-70.6378,41.6706],[-70.6436,41.6713],[-70.6476,41.6704],[-70.6491,41.6707],[-70.6518,41.669],[-70.6541,41.6666],[-70.6533,41.6646],[-70.6513,41.6632],[-70.6483,41.6618],[-70.6461,41.6601],[-70.6442,41.6595],[-70.6402,41.659],[-70.6385,41.6618],[-70.6329,41.6639],[-70.6306,41.6627],[-70.6288,41.6609],[-70.626,41.6605],[-70.621,41.6574],[-70.6185,41.6577],[-70.6213,41.6586],[-70.6262,41.6612],[-70.6244,41.6619],[-70.6208,41.6649],[-70.618,41.6612],[-70.6198,41.6588],[-70.6153,41.6582],[-70.6132,41.6584],[-70.5679,41.6455]]],[[[-70.5203,41.7744],[-70.5194,41.7928],[-70.521,41.7945],[-70.5276,41.7995],[-70.5343,41.8062],[-70.5377,41.8105],[-70.5654,41.7867],[-70.6029,41.7747],[-70.6326,41.7629],[-70.63,41.7613],[-70.6294,41.7575],[-70.6305,41.7564],[-70.6306,41.7534],[-70.628,41.7528],[-70.6258,41.7514],[-70.6255,41.7496],[-70.6222,41.748],[-70.6221,41.7465],[-70.6236,41.7445],[-70.6251,41.7415],[-70.6275,41.7409],[-70.6273,41.7395],[-70.6244,41.7376],[-70.6233,41.7389],[-70.6195,41.7411],[-70.6172,41.7416],[-70.6166,41.7425],[-70.6056,41.745],[-70.5973,41.7466],[-70.5898,41.7488],[-70.5837,41.7515],[-70.5792,41.7542],[-70.5751,41.7574],[-70.572,41.7608],[-70.5696,41.7646],[-70.5667,41.7685],[-70.5646,41.7703],[-70.5611,41.7728],[-70.5581,41.7743],[-70.5535,41.7759],[-70.5473,41.777],[-70.5425,41.7772],[-70.5391,41.7769],[-70.5317,41.7758],[-70.526,41.7754],[-70.5203,41.7744]]]]},"properties":{"name":"Bourne"}},{"type":"Feature","geometry":{"type":"MultiPolygon","coordinates":[[[[-70.3833,41.7401],[-70.3901,41.7406],[-70.3958,41.7415],[-70.3986,41.7428],[-70.4095,41.744],[-70.4139,41.7449],[-70.4159,41.7458],[-70.4222,41.7466],[-70.4248,41.7473],[-70.4264,41.7497],[-70.4299,41.7497],[-70.4412,41.7524],[-70.4465,41.7539],[-70.4467,41.7546],[-70.4622,41.7589],[-70.4669,41.7608],[-70.4716,41.7618],[-70.4733,41.7628],[-70.4742,41.7644],[-70.4766,41.7659],[-70.482,41.7673],[-70.4854,41.7689],[-70.4888,41.7734],[-70.4929,41.7733],[-70.4945,41.7741],[-70.495,41.7754],[-70.4996,41.7738],[-70.5059,41.7722],[-70.509,41.7721],[-70.5126,41.7711],[-70.5149,41.7712],[-70.5174,41.7723],[-70.5204,41.7725],[-70.5207,41.7713],[-70.5232,41.7683],[-70.5371,41.7206],[-70.5386,41.7147],[-70.5378,41.7104],[-70.5408,41.7032],[-70.5419,41.7014],[-70.5417,41.6987],[-70.5404,41.6953],[-70.541,41.6906],[-70.5419,41.688],[-70.5446,41.6839],[-70.5469,41.6764],[-70.5502,41.6716],[-70.5578,41.6648],[-70.5591,41.6631],[-70.5617,41.6611],[-70.5667,41.6562],[-70.5669,41.6541],[-70.5663,41.6516],[-70.5675,41.6491],[-70.5689,41.6485],[-70.5678,41.6472],[-70.5679,41.6455],[-70.5397,41.6373],[-70.5359,41.6414],[-70.533,41.6427],[-70.5297,41.645],[-70.5232,41.6504],[-70.5208,41.655],[-70.5193,41.6569],[-70.5164,41.6642],[-70.5155,41.6688],[-70.5136,41.6733],[-70.5113,41.6761],[-70.4974,41.6707],[-70.494,41.6723],[-70.4936,41.6736],[-70.4939,41.6768],[-70.4968,41.6781],[-70.4972,41.6835],[-70.4781,41.6851],[-70.4756,41.6824],[-70.4749,41.6785],[-70.4822,41.666],[-70.4806,41.661],[-70.4755,41.6598],[-70.4716,41.6648],[-70.4712,41.666],[-70.4587,41.664],[-70.3888,41.7343],[-70.3833,41.7401]]],[[[-70.5203,41.7744],[-70.5121,41.7739],[-70.5096,41.7748],[-70.5033,41.7758],[-70.5002,41.7758],[-70.4945,41.7784],[-70.5004,41.7812],[-70.5083,41.7857],[-70.512,41.7874],[-70.5164,41.79],[-70.5194,41.7928],[-70.5203,41.7744]]]]},"properties":{"name":"Sandwich"}},{"type":"Feature","geometry":{"type":"Polygon","coordinates":[[[-71.1905,41.7445],[-71.1874,41.7436],[-71.1867,41.7405],[-71.1853,41.7376],[-71.1901,41.7332],[-71.1901,41.7314],[-71.1913,41.731],[-71.1913,41.7285],[-71.1905,41.7235],[-71.1925,41.7227],[-71.1923,41.7215],[-71.1937,41.7206],[-71.1948,41.7184],[-71.1945,41.7169],[-71.1931,41.7153],[-71.1932,41.7138],[-71.195,41.7124],[-71.1955,41.7106],[-71.1946,41.7069],[-71.1916,41.7084],[-71.1886,41.708],[-71.1877,41.7086],[-71.1898,41.7107],[-71.188,41.712],[-71.1862,41.712],[-71.1818,41.7101],[-71.1789,41.7095],[-71.1741,41.7122],[-71.1672,41.7157],[-71.165,41.7191],[-71.1598,41.7222],[-71.158,41.7245],[-71.1541,41.7271],[-71.1525,41.7312],[-71.1519,41.7344],[-71.1498,41.7343],[-71.1469,41.7351],[-71.1422,41.7408],[-71.1408,41.7436],[-71.1358,41.7487],[-71.1364,41.7494],[-71.135,41.7518],[-71.1349,41.7537],[-71.1339,41.7592],[-71.1349,41.7628],[-71.1345,41.7641],[-71.1297,41.7643],[-71.1285,41.7638],[-71.1266,41.7657],[-71.1266,41.7674],[-71.125,41.7685],[-71.1248,41.7707],[-71.1237,41.7714],[-71.1226,41.7739],[-71.1195,41.7742],[-71.1191,41.7759],[-71.121,41.778],[-71.1221,41.7824],[-71.1247,41.788],[-71.1243,41.7909],[-71.1254,41.7904],[-71.1532,41.7896],[-71.1563,41.7395],[-71.1904,41.745],[-71.1905,41.7445]]]},"properties":{"name":"Somerset"}},{"type":"Feature","geometry":{"type":"Polygon","coordinates":[[[-70.0188,41.7854],[-70.024,41.7882],[-70.0292,41.7867],[-70.0371,41.7826],[-70.0442,41.7794],[-70.0527,41.7769],[-70.0566,41.7754],[-70.0636,41.7732],[-70.0683,41.7722],[-70.0699,41.7733],[-70.0744,41.7728],[-70.0775,41.7717],[-70.0833,41.7688],[-70.0861,41.7683],[-70.0907,41.7693],[-70.0916,41.7683],[-70.0966,41.7668],[-70.1062,41.7632],[-70.111,41.7627],[-70.1151,41.7632],[-70.1165,41.7625],[-70.1157,41.7611],[-70.119,41.761],[-70.1197,41.762],[-70.122,41.7598],[-70.1221,41.7585],[-70.1243,41.7566],[-70.1263,41.7568],[-70.1292,41.7552],[-70.1294,41.7551],[-70.1295,41.7551],[-70.1295,41.755],[-70.1296,41.7547],[-70.1296,41.7546],[-70.1296,41.7545],[-70.1297,41.7545],[-70.1298,41.7544],[-70.1298,41.7543],[-70.1299,41.7543],[-70.1301,41.7542],[-70.1302,41.7542],[-70.1305,41.7542],[-70.1306,41.7542],[-70.1308,41.7541],[-70.1309,41.754],[-70.1309,41.7539],[-70.1309,41.7538],[-70.1309,41.7537],[-70.1309,41.7536],[-70.1308,41.7536],[-70.1307,41.7535],[-70.1306,41.7535],[-70.1305,41.7535],[-70.1304,41.7536],[-70.1302,41.7538],[-70.13,41.7538],[-70.1299,41.7538],[-70.1298,41.7538],[-70.1297,41.7536],[-70.1297,41.7535],[-70.1297,41.7534],[-70.1299,41.7532],[-70.1298,41.7531],[-70.1293,41.7531],[-70.1293,41.753],[-70.1293,41.7529],[-70.1313,41.7521],[-70.1376,41.7489],[-70.1447,41.7465],[-70.1454,41.7437],[-70.1339,41.7062],[-70.0964,41.716],[-70.0941,41.7245],[-70.086,41.7263],[-70.0805,41.7245],[-70.0755,41.7218],[-70.0708,41.7231],[-70.0639,41.7231],[-70.057,41.7219],[-70.0506,41.7216],[-70.0432,41.7238],[-70.0434,41.7251],[-70.0408,41.7251],[-70.0384,41.7268],[-70.0364,41.7265],[-70.032,41.7238],[-70.0282,41.7244],[-70.0266,41.7256],[-70.027,41.7266],[-70.0244,41.7278],[-69.9995,41.7286],[-69.9918,41.7289],[-69.9918,41.729],[-70.0022,41.7357],[-70.0011,41.7375],[-69.9968,41.7419],[-69.9946,41.7464],[-69.9932,41.7478],[-70.0054,41.7646],[-70.0054,41.7688],[-70.0102,41.7792],[-70.0125,41.7828],[-70.0147,41.7841],[-70.0165,41.7842],[-70.0188,41.7854]]]},"properties":{"name":"Brewster"}},{"type":"Feature","geometry":{"type":"Polygon","coordinates":[[[-70.7788,41.7613],[-70.776,41.766],[-70.7744,41.7699],[-70.7756,41.7737],[-70.7757,41.7769],[-70.7766,41.7799],[-70.777,41.7868],[-70.7783,41.7898],[-70.7785,41.7917],[-70.7777,41.7969],[-70.7762,41.798],[-70.7729,41.802],[-70.7718,41.8061],[-70.7717,41.8089],[-70.8853,41.7955],[-70.8964,41.7943],[-70.9218,41.7912],[-70.9072,41.7635],[-70.9044,41.758],[-70.8864,41.7602],[-70.865,41.7002],[-70.8431,41.7016],[-70.8443,41.7031],[-70.8433,41.7054],[-70.7991,41.7101],[-70.7962,41.7284],[-70.795,41.7286],[-70.7935,41.731],[-70.7917,41.7326],[-70.7937,41.7347],[-70.7932,41.7432],[-70.7858,41.7474],[-70.7875,41.7498],[-70.7866,41.7569],[-70.78,41.7628],[-70.7788,41.7613]]]},"properties":{"name":"Rochester"}},{"type":"Feature","geometry":{"type":"Polygon","coordinates":[[[-71.1532,41.7896],[-71.1711,41.7894],[-71.1762,41.8159],[-71.1935,41.8165],[-71.1878,41.7832],[-71.2836,41.7748],[-71.2925,41.7749],[-71.3164,41.7756],[-71.2867,41.763],[-71.2844,41.7663],[-71.2838,41.7679],[-71.2846,41.7692],[-71.2821,41.7694],[-71.2812,41.768],[-71.2815,41.766],[-71.2787,41.7649],[-71.2775,41.7637],[-71.28,41.7601],[-71.2611,41.7521],[-71.2264,41.7126],[-71.2253,41.7156],[-71.2253,41.7202],[-71.2262,41.7237],[-71.226,41.7264],[-71.2263,41.73],[-71.2259,41.7308],[-71.2219,41.7304],[-71.2195,41.7309],[-71.2168,41.7321],[-71.2171,41.7334],[-71.213,41.7356],[-71.2102,41.7381],[-71.2073,41.7377],[-71.2039,41.7361],[-71.2009,41.7419],[-71.2001,41.739],[-71.2018,41.736],[-71.2032,41.736],[-71.2057,41.7345],[-71.2098,41.7361],[-71.2134,41.7343],[-71.2154,41.7326],[-71.2145,41.7308],[-71.2154,41.7302],[-71.2131,41.7278],[-71.2105,41.7271],[-71.2143,41.725],[-71.2167,41.7266],[-71.2198,41.7265],[-71.2216,41.7258],[-71.2159,41.7246],[-71.2103,41.7222],[-71.2071,41.7189],[-71.2083,41.7179],[-71.2109,41.7173],[-71.2118,41.7156],[-71.2134,41.7147],[-71.2136,41.7135],[-71.2153,41.7114],[-71.2106,41.7102],[-71.2097,41.7086],[-71.2083,41.7084],[-71.2038,41.71],[-71.2023,41.7111],[-71.2018,41.7131],[-71.2002,41.7157],[-71.1987,41.7168],[-71.1969,41.7193],[-71.1956,41.7226],[-71.196,41.7238],[-71.1943,41.7251],[-71.1934,41.7276],[-71.1944,41.7291],[-71.1913,41.7345],[-71.1921,41.7356],[-71.1908,41.7374],[-71.1893,41.7365],[-71.1871,41.7408],[-71.1882,41.7426],[-71.1904,41.7435],[-71.1905,41.7445],[-71.1904,41.745],[-71.1563,41.7395],[-71.1532,41.7896]]]},"properties":{"name":"Swansea"}},{"type":"Feature","geometry":{"type":"Polygon","coordinates":[[[-71.0366,41.8165],[-71.0885,41.8178],[-71.0931,41.8129],[-71.0934,41.8108],[-71.0929,41.8085],[-71.0928,41.8085],[-71.0903,41.8095],[-71.0882,41.8091],[-71.0862,41.806],[-71.0853,41.8059],[-71.0826,41.8008],[-71.0812,41.7976],[-71.0801,41.7968],[-71.0786,41.7933],[-71.081,41.7922],[-71.0833,41.7925],[-71.0844,41.7959],[-71.0863,41.7973],[-71.0885,41.7979],[-71.0892,41.799],[-71.0922,41.7997],[-71.0946,41.7981],[-71.0938,41.7933],[-71.0924,41.7916],[-71.0936,41.7909],[-71.097,41.7942],[-71.0991,41.7944],[-71.1017,41.7931],[-71.1016,41.7915],[-71.1042,41.7872],[-71.1083,41.7833],[-71.1103,41.7817],[-71.1113,41.7796],[-71.1109,41.7767],[-71.1134,41.7755],[-71.1105,41.7739],[-71.1093,41.7715],[-71.1119,41.7688],[-71.1109,41.7667],[-71.1122,41.7658],[-71.1161,41.7654],[-71.0095,41.7462],[-71.0119,41.7118],[-70.9654,41.734],[-70.943,41.7447],[-70.9222,41.7548],[-70.9261,41.757],[-70.9261,41.7589],[-70.9072,41.7635],[-70.9218,41.7912],[-71.0263,41.7789],[-71.0146,41.7996],[-71.0366,41.8165]]]},"properties":{"name":"Freetown"}},{"type":"Feature","geometry":{"type":"MultiPolygon","coordinates":[[[[-69.9527,41.7315],[-69.9526,41.7336],[-69.9545,41.7344],[-69.9565,41.7325],[-69.9586,41.7315],[-69.9571,41.7299],[-69.9529,41.7306],[-69.9527,41.7315]]],[[[-69.9621,41.7384],[-69.9654,41.7386],[-69.9641,41.7357],[-69.9625,41.7338],[-69.9621,41.7384]]],[[[-69.9512,41.7497],[-69.9528,41.7514],[-69.9542,41.7497],[-69.9501,41.7487],[-69.9496,41.7471],[-69.9442,41.7462],[-69.9462,41.7501],[-69.9497,41.7516],[-69.9512,41.7497]]],[[[-69.9465,41.758],[-69.9482,41.7587],[-69.9501,41.7577],[-69.9512,41.7553],[-69.9525,41.7541],[-69.9517,41.7518],[-69.9482,41.7516],[-69.9439,41.7494],[-69.9421,41.7493],[-69.9427,41.7528],[-69.9436,41.7543],[-69.9435,41.7579],[-69.9465,41.758]]],[[[-69.95,41.8123],[-69.9481,41.8106],[-69.947,41.8118],[-69.95,41.8123]]],[[[-69.9398,41.8106],[-69.9393,41.808],[-69.94,41.807],[-69.9388,41.8041],[-69.9384,41.8015],[-69.9373,41.8],[-69.9393,41.799],[-69.9411,41.8006],[-69.9434,41.8013],[-69.9448,41.8008],[-69.9474,41.8013],[-69.9501,41.8036],[-69.9527,41.8049],[-69.9532,41.8069],[-69.9529,41.8104],[-69.9559,41.8109],[-69.9548,41.812],[-69.9565,41.8134],[-69.9596,41.8145],[-69.9636,41.8112],[-69.9644,41.8084],[-69.9664,41.8054],[-69.9668,41.8038],[-69.97,41.8032],[-69.9715,41.8022],[-69.9717,41.8],[-69.9728,41.7986],[-69.9728,41.7961],[-69.9756,41.7923],[-69.9782,41.7907],[-69.9813,41.7874],[-69.9829,41.7869],[-69.9857,41.7881],[-69.986,41.7894],[-69.9851,41.7912],[-69.9817,41.7952],[-69.9874,41.8024],[-69.9932,41.7986],[-69.9952,41.7985],[-69.9964,41.7995],[-70.0046,41.8005],[-70.0045,41.8009],[-70.0059,41.7996],[-70.0099,41.8002],[-70.0149,41.7985],[-70.0169,41.7968],[-70.019,41.7929],[-70.0226,41.79],[-70.0222,41.7884],[-70.0202,41.7878],[-70.0188,41.7854],[-70.0165,41.7842],[-70.0147,41.7841],[-70.0125,41.7828],[-70.0102,41.7792],[-70.0054,41.7688],[-70.0054,41.7646],[-69.9932,41.7478],[-69.9946,41.7464],[-69.9968,41.7419],[-70.0011,41.7375],[-70.0022,41.7357],[-69.9918,41.729],[-69.9908,41.7337],[-69.9898,41.7356],[-69.9879,41.7365],[-69.9832,41.7369],[-69.9825,41.7379],[-69.9795,41.7378],[-69.9805,41.7361],[-69.9777,41.7356],[-69.9714,41.7364],[-69.9707,41.7372],[-69.967,41.739],[-69.966,41.7422],[-69.9697,41.7454],[-69.9709,41.747],[-69.9709,41.7497],[-69.9694,41.7531],[-69.9661,41.7543],[-69.9627,41.7562],[-69.9605,41.7569],[-69.9627,41.7591],[-69.9617,41.7604],[-69.957,41.7618],[-69.956,41.7633],[-69.9526,41.7637],[-69.952,41.7654],[-69.9494,41.7663],[-69.9478,41.7656],[-69.9462,41.7635],[-69.9434,41.7641],[-69.9417,41.7631],[-69.9404,41.7596],[-69.942,41.757],[-69.9426,41.7547],[-69.9396,41.7517],[-69.9365,41.7496],[-69.937,41.7465],[-69.9356,41.7436],[-69.9338,41.7426],[-69.9315,41.7367],[-69.9328,41.7358],[-69.9338,41.7331],[-69.9329,41.7306],[-69.9333,41.7294],[-69.933,41.726],[-69.9337,41.725],[-69.933,41.723],[-69.9281,41.7225],[-69.9284,41.7293],[-69.9292,41.7392],[-69.9292,41.7449],[-69.9296,41.7497],[-69.9296,41.7566],[-69.9308,41.7609],[-69.9303,41.7631],[-69.9315,41.7662],[-69.9312,41.7682],[-69.9319,41.7734],[-69.9343,41.7856],[-69.934,41.789],[-69.9361,41.8022],[-69.937,41.8043],[-69.9376,41.8085],[-69.9384,41.8104],[-69.9398,41.8106]]]]},"properties":{"name":"Orleans"}},{"type":"Feature","geometry":{"type":"Polygon","coordinates":[[[-71.8815,42.0759],[-71.8911,42.0727],[-71.8951,42.0942],[-71.9092,42.0913],[-71.9928,42.0726],[-71.9933,42.0654],[-71.9916,42.0578],[-71.9897,42.0567],[-71.9882,42.0545],[-71.989,42.0446],[-71.9947,42.031],[-71.9931,42.0269],[-71.9875,42.0269],[-71.9034,42.0246],[-71.8839,42.0244],[-71.8854,42.0255],[-71.887,42.0283],[-71.8868,42.0298],[-71.8875,42.0322],[-71.8893,42.0358],[-71.8887,42.0392],[-71.8875,42.0419],[-71.8869,42.0452],[-71.8875,42.0504],[-71.8868,42.051],[-71.8837,42.0507],[-71.8806,42.0515],[-71.8799,42.0575],[-71.8824,42.0591],[-71.8816,42.0603],[-71.8818,42.0629],[-71.8796,42.0639],[-71.8788,42.066],[-71.879,42.0678],[-71.8815,42.0759]]]},"properties":{"name":"Dudley"}},{"type":"Feature","geometry":{"type":"Polygon","coordinates":[[[-72.1927,42.0915],[-72.2701,42.0925],[-72.2707,42.0316],[-72.1988,42.031],[-72.1993,42.032],[-72.1984,42.0353],[-72.2018,42.0398],[-72.2012,42.0444],[-72.197,42.0476],[-72.1963,42.0505],[-72.1988,42.0531],[-72.1993,42.0565],[-72.1975,42.0601],[-72.1965,42.0635],[-72.1937,42.0667],[-72.1937,42.0683],[-72.1929,42.0742],[-72.1928,42.0772],[-72.1938,42.0815],[-72.1928,42.0819],[-72.1919,42.0849],[-72.193,42.088],[-72.1927,42.0915]]]},"properties":{"name":"Wales"}},{"type":"Feature","geometry":{"type":"Polygon","coordinates":[[[-71.0696,42.0497],[-71.0805,42.0955],[-71.1386,42.0728],[-71.1687,42.0612],[-71.1587,42.0126],[-71.1565,42.001],[-71.1008,41.9932],[-71.0871,41.9908],[-71.0547,41.9851],[-71.0696,42.0497]]]},"properties":{"name":"Easton"}},{"type":"Feature","geometry":{"type":"Polygon","coordinates":[[[-70.8433,42.0948],[-70.8472,42.0963],[-70.8505,42.095],[-70.8537,42.0954],[-70.8552,42.0941],[-70.8555,42.0924],[-70.8622,42.0892],[-70.8657,42.0905],[-70.8677,42.0883],[-70.87,42.0873],[-70.8739,42.0883],[-70.8749,42.0897],[-70.8876,42.088],[-70.9024,42.0859],[-70.913,42.0844],[-70.9081,42.0617],[-70.8997,42.0253],[-70.8974,42.0249],[-70.8966,42.0233],[-70.8969,42.0192],[-70.8945,42.0264],[-70.8644,42.021],[-70.8602,42.0162],[-70.8492,42.0157],[-70.8335,42.0196],[-70.8448,42.0427],[-70.8422,42.0434],[-70.8411,42.0449],[-70.8457,42.0462],[-70.847,42.0482],[-70.8468,42.0522],[-70.8454,42.0541],[-70.8458,42.0551],[-70.8367,42.0593],[-70.839,42.0594],[-70.841,42.0604],[-70.8382,42.0639],[-70.8418,42.0717],[-70.8439,42.0772],[-70.8427,42.0889],[-70.8442,42.0902],[-70.8456,42.0928],[-70.8433,42.0948]]]},"properties":{"name":"Hanson"}},{"type":"Feature","geometry":{"type":"Polygon","coordinates":[[[-70.6485,42.0723],[-70.6513,42.0712],[-70.6828,42.0575],[-70.6959,42.0667],[-70.6973,42.0673],[-70.6986,42.0694],[-70.6984,42.0705],[-70.7497,42.097],[-70.7814,42.0468],[-70.7687,42.0451],[-70.767,42.0423],[-70.7647,42.0397],[-70.7646,42.0381],[-70.7628,42.0382],[-70.7609,42.0355],[-70.7592,42.0342],[-70.7612,42.0316],[-70.7631,42.0311],[-70.7654,42.0313],[-70.7661,42.0285],[-70.7688,42.0255],[-70.7695,42.0221],[-70.7312,42.0177],[-70.7242,42.0094],[-70.7246,42.0074],[-70.7218,42.0028],[-70.7113,42.0024],[-70.7113,42.0048],[-70.7126,42.0059],[-70.7117,42.007],[-70.7092,42.0067],[-70.7071,42.0087],[-70.7034,42.0091],[-70.7025,42.0108],[-70.7,42.0125],[-70.6972,42.0138],[-70.6961,42.0159],[-70.694,42.0136],[-70.692,42.0137],[-70.6917,42.015],[-70.6892,42.0163],[-70.6885,42.0182],[-70.6861,42.0165],[-70.6868,42.0129],[-70.685,42.0097],[-70.6818,42.0078],[-70.6805,42.0056],[-70.6782,42.0053],[-70.6725,42.0069],[-70.6692,42.0092],[-70.6678,42.0109],[-70.6688,42.0143],[-70.6692,42.0174],[-70.6706,42.0197],[-70.6738,42.0182],[-70.6766,42.0194],[-70.6765,42.0224],[-70.6751,42.0245],[-70.6721,42.0259],[-70.6707,42.0258],[-70.6712,42.0291],[-70.6698,42.0302],[-70.6704,42.0323],[-70.6693,42.0365],[-70.6701,42.0393],[-70.6691,42.0397],[-70.6674,42.042],[-70.6689,42.045],[-70.6619,42.0443],[-70.659,42.0427],[-70.6571,42.0425],[-70.6538,42.0441],[-70.6514,42.0457],[-70.651,42.047],[-70.654,42.0477],[-70.6598,42.0481],[-70.6636,42.0504],[-70.664,42.052],[-70.666,42.0523],[-70.6663,42.0539],[-70.6647,42.0543],[-70.6624,42.0538],[-70.66,42.0526],[-70.66,42.0547],[-70.6616,42.0561],[-70.6611,42.0583],[-70.6584,42.0601],[-70.6557,42.0606],[-70.6548,42.06],[-70.6567,42.0579],[-70.6556,42.0547],[-70.6529,42.0533],[-70.6491,42.0542],[-70.6487,42.0553],[-70.6463,42.0549],[-70.6458,42.0508],[-70.6447,42.0498],[-70.641,42.0443],[-70.6381,42.0413],[-70.6364,42.039],[-70.6328,42.035],[-70.6301,42.0327],[-70.629,42.0295],[-70.6269,42.028],[-70.6255,42.026],[-70.623,42.026],[-70.6218,42.0254],[-70.6168,42.021],[-70.6144,42.0178],[-70.6129,42.0148],[-70.6128,42.0132],[-70.6089,42.0132],[-70.6134,42.0182],[-70.6164,42.022],[-70.6207,42.0266],[-70.6232,42.0289],[-70.6295,42.0337],[-70.6317,42.0357],[-70.6405,42.046],[-70.6444,42.053],[-70.647,42.0603],[-70.648,42.0642],[-70.6487,42.0694],[-70.6485,42.0723]]]},"properties":{"name":"Duxbury"}},{"type":"Feature","geometry":{"type":"Polygon","coordinates":[[[-71.6967,42.0953],[-71.7681,42.0818],[-71.7746,42.1003],[-71.7924,42.1007],[-71.7972,42.0992],[-71.8092,42.0954],[-71.8113,42.0989],[-71.8301,42.0928],[-71.8045,42.0236],[-71.8007,42.0235],[-71.7997,42.0157],[-71.7992,42.0081],[-71.7715,42.0095],[-71.6809,42.0115],[-71.6812,42.0211],[-71.6817,42.0316],[-71.6825,42.0437],[-71.6817,42.0568],[-71.68,42.0709],[-71.6792,42.0742],[-71.6963,42.0711],[-71.6967,42.0953]]]},"properties":{"name":"Douglas"}},{"type":"Feature","geometry":{"type":"Polygon","coordinates":[[[-70.9024,42.0859],[-70.9159,42.1001],[-70.9468,42.0945],[-70.9765,42.0872],[-70.9752,42.0712],[-70.9632,42.0659],[-70.951,42.0609],[-70.9291,42.0663],[-70.9129,42.065],[-70.9081,42.0617],[-70.913,42.0844],[-70.9024,42.0859]]]},"properties":{"name":"Whitman"}},{"type":"Feature","geometry":{"type":"Polygon","coordinates":[[[-72.367,42.0327],[-72.3794,42.1031],[-72.4145,42.0992],[-72.4182,42.0905],[-72.4699,42.0848],[-72.4583,42.0343],[-72.3918,42.033],[-72.367,42.0327]]]},"properties":{"name":"Hampden"}},{"type":"Feature","geometry":{"type":"Polygon","coordinates":[[[-71.1785,42.0574],[-71.1963,42.0825],[-71.2059,42.0741],[-71.2389,42.1042],[-71.2388,42.1064],[-71.2533,42.1053],[-71.2553,42.1041],[-71.2717,42.0984],[-71.2803,42.0885],[-71.2845,42.0836],[-71.2851,42.0824],[-71.2877,42.0769],[-71.2871,42.0637],[-71.2894,42.0591],[-71.2891,42.045],[-71.2883,42.0145],[-71.1785,42.0574]]]},"properties":{"name":"Foxborough"}},{"type":"Feature","geometry":{"type":"Polygon","coordinates":[[[-70.7175,41.8015],[-70.7409,41.8003],[-70.7703,41.8258],[-70.7632,41.8098],[-70.7717,41.8089],[-70.7718,41.8061],[-70.7729,41.802],[-70.7762,41.798],[-70.7777,41.7969],[-70.7785,41.7917],[-70.7783,41.7898],[-70.777,41.7868],[-70.7766,41.7799],[-70.7757,41.7769],[-70.7756,41.7737],[-70.7744,41.7699],[-70.776,41.766],[-70.7788,41.7613],[-70.7804,41.7574],[-70.7809,41.754],[-70.7816,41.752],[-70.7814,41.7495],[-70.7785,41.7438],[-70.7749,41.7406],[-70.7743,41.7383],[-70.7749,41.7343],[-70.7718,41.7335],[-70.7677,41.7344],[-70.767,41.7354],[-70.7654,41.736],[-70.7638,41.7388],[-70.7596,41.7398],[-70.7606,41.741],[-70.7595,41.7422],[-70.7572,41.7429],[-70.7531,41.7423],[-70.7516,41.7392],[-70.7501,41.7382],[-70.7451,41.7387],[-70.7417,41.7362],[-70.7423,41.7338],[-70.7434,41.7322],[-70.7412,41.7319],[-70.7392,41.7332],[-70.7365,41.7321],[-70.7341,41.7297],[-70.7291,41.7286],[-70.7269,41.7271],[-70.7227,41.7231],[-70.7207,41.7237],[-70.7223,41.7264],[-70.7211,41.7282],[-70.723,41.7293],[-70.7257,41.73],[-70.7268,41.7321],[-70.7264,41.7335],[-70.7297,41.7354],[-70.7303,41.7366],[-70.7284,41.7377],[-70.7249,41.7372],[-70.723,41.7355],[-70.7171,41.7374],[-70.715,41.7391],[-70.7154,41.7405],[-70.7088,41.7424],[-70.7095,41.7447],[-70.7056,41.7446],[-70.7036,41.7406],[-70.7074,41.7386],[-70.7071,41.7349],[-70.7087,41.7343],[-70.7092,41.7325],[-70.7077,41.7302],[-70.706,41.7287],[-70.7033,41.7292],[-70.6991,41.7288],[-70.6948,41.7278],[-70.6893,41.7244],[-70.6869,41.7243],[-70.6855,41.7253],[-70.6854,41.7275],[-70.6809,41.7268],[-70.6779,41.7276],[-70.6742,41.7257],[-70.6708,41.7235],[-70.6705,41.7218],[-70.6685,41.7193],[-70.6639,41.7163],[-70.6585,41.7146],[-70.6559,41.7163],[-70.6538,41.7151],[-70.6555,41.7124],[-70.6592,41.7078],[-70.6649,41.7027],[-70.6682,41.6974],[-70.6633,41.7026],[-70.6577,41.7083],[-70.6558,41.7096],[-70.6533,41.7126],[-70.6514,41.7141],[-70.6506,41.7163],[-70.6491,41.7184],[-70.6515,41.72],[-70.651,41.7216],[-70.6545,41.7246],[-70.6534,41.7257],[-70.6508,41.7255],[-70.6521,41.7272],[-70.6493,41.7278],[-70.6474,41.7263],[-70.646,41.7243],[-70.6422,41.7238],[-70.6434,41.7253],[-70.6471,41.7265],[-70.6473,41.7276],[-70.6446,41.7281],[-70.645,41.7298],[-70.6538,41.7323],[-70.6577,41.7356],[-70.6585,41.7373],[-70.661,41.7386],[-70.6616,41.7402],[-70.6599,41.7412],[-70.6562,41.7412],[-70.6537,41.74],[-70.6489,41.7406],[-70.6474,41.74],[-70.6442,41.7377],[-70.6396,41.737],[-70.6411,41.7354],[-70.6384,41.7353],[-70.6352,41.7344],[-70.6371,41.7367],[-70.6357,41.7393],[-70.6378,41.7407],[-70.6368,41.7425],[-70.637,41.7438],[-70.634,41.7448],[-70.6276,41.744],[-70.6265,41.745],[-70.6317,41.7473],[-70.6305,41.7487],[-70.6283,41.7478],[-70.6242,41.7472],[-70.6221,41.7465],[-70.6222,41.748],[-70.6255,41.7496],[-70.6258,41.7514],[-70.628,41.7528],[-70.6306,41.7534],[-70.6305,41.7564],[-70.6294,41.7575],[-70.63,41.7613],[-70.6326,41.7629],[-70.6355,41.7671],[-70.6361,41.7697],[-70.6335,41.771],[-70.6331,41.7724],[-70.6304,41.7738],[-70.6307,41.7767],[-70.6291,41.7794],[-70.631,41.782],[-70.6299,41.7849],[-70.6307,41.7866],[-70.6281,41.787],[-70.6273,41.7878],[-70.6166,41.8054],[-70.6319,41.8063],[-70.7175,41.8015]]]},"properties":{"name":"Wareham"}},{"type":"Feature","geometry":{"type":"Polygon","coordinates":[[[-71.0074,41.8385],[-71.0334,41.85],[-71.0728,41.87],[-71.0764,41.873],[-71.0942,41.8726],[-71.0985,41.8725],[-71.1022,41.8713],[-71.1039,41.8676],[-71.1042,41.8636],[-71.1036,41.8604],[-71.1061,41.8598],[-71.1079,41.8555],[-71.1069,41.8528],[-71.1111,41.8504],[-71.1125,41.8483],[-71.1106,41.8451],[-71.1098,41.8408],[-71.1079,41.8391],[-71.1071,41.8354],[-71.1079,41.8324],[-71.1104,41.8304],[-71.1134,41.8298],[-71.1139,41.8278],[-71.1159,41.8265],[-71.1165,41.8241],[-71.1147,41.8232],[-71.1141,41.822],[-71.1149,41.8198],[-71.1112,41.8184],[-71.1081,41.8185],[-71.1082,41.8169],[-71.107,41.8155],[-71.1087,41.8138],[-71.1101,41.8134],[-71.1109,41.8116],[-71.1126,41.811],[-71.1174,41.8081],[-71.1164,41.8058],[-71.1157,41.8009],[-71.1156,41.7977],[-71.1168,41.795],[-71.1185,41.7938],[-71.1171,41.7908],[-71.115,41.7894],[-71.1152,41.7875],[-71.1137,41.784],[-71.1119,41.7833],[-71.1104,41.7852],[-71.1055,41.7884],[-71.1033,41.7907],[-71.1033,41.792],[-71.1022,41.7948],[-71.0997,41.7959],[-71.0983,41.7975],[-71.0971,41.7999],[-71.0956,41.8005],[-71.0978,41.8026],[-71.0975,41.8046],[-71.0912,41.8044],[-71.0879,41.805],[-71.0869,41.8064],[-71.0885,41.8088],[-71.091,41.8082],[-71.0928,41.8085],[-71.0929,41.8085],[-71.0934,41.8108],[-71.0931,41.8129],[-71.0885,41.8178],[-71.0366,41.8165],[-71.0074,41.8385]]]},"properties":{"name":"Berkley"}},{"type":"Feature","geometry":{"type":"Polygon","coordinates":[[[-71.1868,41.8793],[-71.2035,41.8818],[-71.1935,41.8165],[-71.1762,41.8159],[-71.1711,41.7894],[-71.1532,41.7896],[-71.1254,41.7904],[-71.1243,41.7909],[-71.1228,41.7924],[-71.1234,41.7942],[-71.1218,41.7948],[-71.1219,41.7961],[-71.1202,41.7966],[-71.1209,41.7981],[-71.1199,41.7997],[-71.1213,41.8036],[-71.1194,41.808],[-71.1196,41.8097],[-71.1183,41.8118],[-71.1165,41.8125],[-71.1155,41.8161],[-71.1166,41.8185],[-71.1166,41.8211],[-71.1185,41.8239],[-71.1179,41.8267],[-71.1151,41.8282],[-71.1149,41.8302],[-71.1108,41.8312],[-71.109,41.8339],[-71.1093,41.8384],[-71.1114,41.8406],[-71.1113,41.8438],[-71.1135,41.8474],[-71.1117,41.8511],[-71.1082,41.853],[-71.1111,41.855],[-71.1133,41.8556],[-71.1153,41.8554],[-71.1172,41.8571],[-71.1198,41.8574],[-71.1216,41.8594],[-71.1226,41.864],[-71.1215,41.865],[-71.1228,41.8665],[-71.1245,41.8665],[-71.1259,41.8678],[-71.1304,41.8684],[-71.1306,41.8703],[-71.1868,41.8793]]]},"properties":{"name":"Dighton"}},{"type":"Feature","geometry":{"type":"MultiPolygon","coordinates":[[[[-69.9384,41.8104],[-69.9381,41.814],[-69.9399,41.8148],[-69.9398,41.8106],[-69.9384,41.8104]]],[[[-69.947,41.8118],[-69.9454,41.815],[-69.9455,41.8173],[-69.9469,41.8173],[-69.9489,41.8206],[-69.95,41.824],[-69.9544,41.8254],[-69.957,41.8253],[-69.9594,41.8233],[-69.9584,41.8216],[-69.9579,41.8194],[-69.9586,41.8176],[-69.9538,41.8162],[-69.95,41.8123],[-69.947,41.8118]]],[[[-69.9627,41.8255],[-69.9632,41.8238],[-69.9597,41.8227],[-69.9593,41.824],[-69.9579,41.8259],[-69.9627,41.8255]]],[[[-69.9597,41.8272],[-69.9626,41.8277],[-69.9627,41.8261],[-69.9602,41.8263],[-69.9597,41.8272]]],[[[-69.9446,41.8284],[-69.942,41.8243],[-69.9422,41.8227],[-69.9412,41.8219],[-69.9412,41.8187],[-69.9386,41.8177],[-69.9402,41.8232],[-69.9398,41.8264],[-69.9417,41.8276],[-69.9446,41.8284]]],[[[-69.9587,41.8315],[-69.9602,41.8293],[-69.9625,41.8285],[-69.9602,41.8274],[-69.9571,41.8274],[-69.9583,41.8291],[-69.9587,41.8315]]],[[[-69.9551,41.8345],[-69.9567,41.8334],[-69.9554,41.8321],[-69.957,41.8313],[-69.9563,41.83],[-69.957,41.8287],[-69.9557,41.8279],[-69.9504,41.8275],[-69.9487,41.8265],[-69.9475,41.8297],[-69.9495,41.8314],[-69.9551,41.8345]]],[[[-69.9515,41.837],[-69.9531,41.837],[-69.9545,41.8358],[-69.954,41.8345],[-69.9482,41.8323],[-69.9502,41.8369],[-69.9515,41.837]]],[[[-69.9487,41.8372],[-69.9496,41.837],[-69.9479,41.8333],[-69.9468,41.8371],[-69.9487,41.8372]]],[[[-70.0046,41.8798],[-70.0043,41.881],[-70.0071,41.8807],[-70.0091,41.877],[-70.0096,41.8734],[-70.0086,41.8661],[-70.0077,41.8629],[-70.0074,41.8586],[-70.0061,41.8478],[-70.0041,41.8363],[-70.0043,41.8326],[-70.0049,41.8305],[-70.004,41.8285],[-70.0034,41.8231],[-70.005,41.819],[-70.005,41.8169],[-70.0021,41.8155],[-70.0024,41.814],[-70.0041,41.8133],[-70.0067,41.8133],[-70.0064,41.8102],[-70.0036,41.8072],[-70.0077,41.8062],[-70.0074,41.8048],[-70.0092,41.8027],[-70.01,41.8007],[-70.0075,41.7999],[-70.0061,41.8011],[-70.0045,41.8009],[-70.0046,41.8005],[-69.9964,41.7995],[-69.9952,41.7985],[-69.9932,41.7986],[-69.9874,41.8024],[-69.9817,41.7952],[-69.9805,41.7957],[-69.9813,41.7985],[-69.9802,41.8005],[-69.9774,41.8024],[-69.9753,41.803],[-69.9718,41.8068],[-69.9692,41.8067],[-69.9672,41.8086],[-69.9661,41.8086],[-69.9666,41.8128],[-69.964,41.8132],[-69.9624,41.8152],[-69.9603,41.816],[-69.959,41.8198],[-69.9595,41.8213],[-69.9619,41.822],[-69.9661,41.824],[-69.9657,41.8258],[-69.9666,41.8276],[-69.9693,41.8278],[-69.9685,41.8298],[-69.9686,41.8316],[-69.9667,41.8332],[-69.9646,41.834],[-69.9606,41.8339],[-69.9557,41.8377],[-69.9557,41.8393],[-69.953,41.8431],[-69.9505,41.8436],[-69.9482,41.8425],[-69.9472,41.841],[-69.9483,41.8389],[-69.9455,41.8368],[-69.9465,41.8351],[-69.9456,41.8333],[-69.9472,41.8314],[-69.9443,41.8313],[-69.9432,41.8334],[-69.9442,41.8389],[-69.9454,41.8414],[-69.9445,41.8422],[-69.9454,41.8441],[-69.9479,41.8531],[-69.9489,41.8552],[-69.9506,41.8613],[-69.9523,41.8654],[-69.9537,41.8706],[-69.9558,41.8757],[-69.9567,41.88],[-69.9796,41.8773],[-69.9843,41.8772],[-69.9873,41.8775],[-69.9901,41.8772],[-69.993,41.8762],[-69.9988,41.8769],[-70.0005,41.8777],[-70.0027,41.8774],[-70.0054,41.8783],[-70.0046,41.8798]]]]},"properties":{"name":"Eastham"}},{"type":"Feature","geometry":{"type":"Polygon","coordinates":[[[-71.2925,41.7749],[-71.3007,41.9037],[-71.3388,41.8986],[-71.3409,41.8818],[-71.334,41.8626],[-71.3426,41.8447],[-71.3354,41.8356],[-71.3452,41.8277],[-71.3475,41.8232],[-71.3393,41.8085],[-71.3391,41.8058],[-71.3405,41.8032],[-71.3412,41.7998],[-71.3405,41.7971],[-71.3388,41.7959],[-71.3355,41.7954],[-71.3344,41.7947],[-71.3322,41.791],[-71.3326,41.79],[-71.3295,41.7884],[-71.3303,41.7853],[-71.3297,41.782],[-71.3285,41.7807],[-71.3164,41.7756],[-71.2925,41.7749]]]},"properties":{"name":"Seekonk"}},{"type":"Feature","geometry":{"type":"Polygon","coordinates":[[[-70.8964,41.7943],[-70.8986,41.815],[-70.8939,41.8263],[-70.8939,41.8288],[-70.9187,41.8519],[-70.9189,41.8526],[-70.9171,41.8558],[-70.9168,41.8572],[-70.9177,41.8587],[-70.9163,41.8599],[-70.9145,41.8596],[-70.9129,41.8619],[-70.9143,41.862],[-70.9138,41.8641],[-70.9157,41.8668],[-70.9167,41.8674],[-70.9132,41.8699],[-70.9151,41.8723],[-70.9163,41.8726],[-70.9164,41.8769],[-70.9192,41.879],[-70.963,41.8962],[-70.9648,41.8994],[-70.9671,41.9013],[-70.9767,41.9014],[-70.9789,41.9039],[-70.9834,41.906],[-70.9852,41.9075],[-70.9873,41.9058],[-70.9775,41.8762],[-70.9737,41.8609],[-70.9783,41.8572],[-70.9829,41.8554],[-70.9863,41.8537],[-70.9886,41.8512],[-70.9955,41.8473],[-71.0012,41.8432],[-71.0074,41.8385],[-71.0366,41.8165],[-71.0146,41.7996],[-71.0263,41.7789],[-70.9218,41.7912],[-70.8964,41.7943]]]},"properties":{"name":"Lakeville"}},{"type":"Feature","geometry":{"type":"Polygon","coordinates":[[[-71.2082,41.9089],[-71.2225,41.9122],[-71.3007,41.9037],[-71.2925,41.7749],[-71.2836,41.7748],[-71.1878,41.7832],[-71.1935,41.8165],[-71.2035,41.8818],[-71.1868,41.8793],[-71.1939,41.9108],[-71.2082,41.9089]]]},"properties":{"name":"Rehoboth"}},{"type":"Feature","geometry":{"type":"Polygon","coordinates":[[[-70.7535,41.9332],[-70.7587,41.9475],[-70.7717,41.9461],[-70.8298,41.9277],[-70.8155,41.9136],[-70.8025,41.8753],[-70.8118,41.8736],[-70.8092,41.8687],[-70.8016,41.8623],[-70.799,41.8612],[-70.7972,41.8613],[-70.7939,41.8573],[-70.7937,41.8528],[-70.7948,41.8508],[-70.7945,41.8492],[-70.7898,41.8444],[-70.7908,41.8435],[-70.7881,41.841],[-70.7889,41.8365],[-70.7867,41.836],[-70.7846,41.8337],[-70.7809,41.8338],[-70.7795,41.8325],[-70.7751,41.8316],[-70.7725,41.8319],[-70.7719,41.831],[-70.7703,41.8258],[-70.7409,41.8003],[-70.7175,41.8015],[-70.7176,41.8074],[-70.7166,41.8085],[-70.7172,41.8099],[-70.7153,41.8129],[-70.7159,41.815],[-70.715,41.8175],[-70.7116,41.8212],[-70.7086,41.8239],[-70.7083,41.8268],[-70.7054,41.8294],[-70.7016,41.8287],[-70.6975,41.8303],[-70.6952,41.8327],[-70.6942,41.8356],[-70.6909,41.8381],[-70.6895,41.8401],[-70.6838,41.8448],[-70.6807,41.8456],[-70.7064,41.8751],[-70.7507,41.926],[-70.7535,41.9332]]]},"properties":{"name":"Carver"}},{"type":"Feature","geometry":{"type":"Polygon","coordinates":[[[-70.8609,41.955],[-70.8691,41.9483],[-70.9085,41.9664],[-70.9106,41.9661],[-70.9099,41.9642],[-70.9148,41.9621],[-70.9174,41.9619],[-70.9218,41.9625],[-70.9238,41.959],[-70.9258,41.9598],[-70.9292,41.9602],[-70.9315,41.9594],[-70.9337,41.9575],[-70.9346,41.9548],[-70.9358,41.9536],[-70.9369,41.9487],[-70.9363,41.9465],[-70.9386,41.9415],[-70.9411,41.9385],[-70.9427,41.9374],[-70.9437,41.9349],[-70.9462,41.9327],[-70.9483,41.9342],[-70.9541,41.9346],[-70.9561,41.934],[-70.9593,41.9348],[-70.9604,41.9358],[-70.9659,41.9368],[-70.9685,41.9385],[-70.9738,41.9401],[-70.9761,41.9394],[-70.9802,41.9403],[-70.9844,41.9383],[-70.9869,41.9378],[-70.9884,41.9335],[-70.9898,41.9318],[-70.9915,41.9316],[-70.9983,41.9338],[-70.9983,41.9306],[-70.9998,41.9297],[-70.9996,41.9285],[-70.9975,41.9278],[-70.996,41.9266],[-70.9957,41.9244],[-70.9972,41.9233],[-70.9968,41.9212],[-70.9974,41.9174],[-70.9963,41.9156],[-70.994,41.9163],[-70.992,41.9156],[-70.991,41.9105],[-70.9911,41.9091],[-70.9932,41.9064],[-70.9897,41.9065],[-70.9873,41.9058],[-70.9852,41.9075],[-70.9834,41.906],[-70.9789,41.9039],[-70.9767,41.9014],[-70.9671,41.9013],[-70.9648,41.8994],[-70.963,41.8962],[-70.9192,41.879],[-70.9164,41.8769],[-70.9163,41.8726],[-70.9151,41.8723],[-70.9132,41.8699],[-70.9167,41.8674],[-70.9157,41.8668],[-70.9138,41.8641],[-70.9143,41.862],[-70.9129,41.8619],[-70.9145,41.8596],[-70.9163,41.8599],[-70.9177,41.8587],[-70.9168,41.8572],[-70.9171,41.8558],[-70.9189,41.8526],[-70.9187,41.8519],[-70.8939,41.8288],[-70.8939,41.8263],[-70.8986,41.815],[-70.8964,41.7943],[-70.8853,41.7955],[-70.7717,41.8089],[-70.7632,41.8098],[-70.7703,41.8258],[-70.7719,41.831],[-70.7725,41.8319],[-70.7751,41.8316],[-70.7795,41.8325],[-70.7809,41.8338],[-70.7846,41.8337],[-70.7867,41.836],[-70.7889,41.8365],[-70.7881,41.841],[-70.7908,41.8435],[-70.7898,41.8444],[-70.7945,41.8492],[-70.7948,41.8508],[-70.7937,41.8528],[-70.7939,41.8573],[-70.7972,41.8613],[-70.799,41.8612],[-70.8016,41.8623],[-70.8092,41.8687],[-70.8118,41.8736],[-70.8025,41.8753],[-70.8155,41.9136],[-70.8298,41.9277],[-70.8456,41.9427],[-70.8609,41.955]]]},"properties":{"name":"Middleborough"}},{"type":"Feature","geometry":{"type":"MultiPolygon","coordinates":[[[[-70.0043,41.881],[-70.0052,41.8824],[-70.0069,41.8823],[-70.0071,41.8807],[-70.0043,41.881]]],[[[-70.0085,41.8993],[-70.0075,41.901],[-70.0138,41.9015],[-70.0163,41.9003],[-70.0186,41.9003],[-70.0198,41.8995],[-70.023,41.9003],[-70.0242,41.8988],[-70.0236,41.8958],[-70.0199,41.892],[-70.0183,41.8911],[-70.0154,41.8908],[-70.0112,41.891],[-70.0098,41.8915],[-70.0066,41.8904],[-70.0048,41.889],[-70.0016,41.8893],[-70.0017,41.891],[-70.004,41.8923],[-70.0035,41.895],[-70.0074,41.8973],[-70.0086,41.897],[-70.0109,41.8979],[-70.0112,41.9],[-70.0085,41.8993]]],[[[-69.9567,41.88],[-69.9615,41.8931],[-69.963,41.8979],[-69.9653,41.9032],[-69.9682,41.9116],[-69.9732,41.9224],[-69.9784,41.9343],[-69.9875,41.9512],[-69.9971,41.9668],[-70.028,41.964],[-70.0388,41.9629],[-70.0776,41.9578],[-70.0765,41.9556],[-70.0764,41.9539],[-70.0775,41.9469],[-70.077,41.9419],[-70.0742,41.9388],[-70.0733,41.9336],[-70.0738,41.9283],[-70.0733,41.9246],[-70.0734,41.9219],[-70.0731,41.9184],[-70.0733,41.9151],[-70.0723,41.9131],[-70.0721,41.9034],[-70.0716,41.8983],[-70.072,41.8956],[-70.071,41.8949],[-70.0695,41.8919],[-70.0693,41.8879],[-70.0681,41.8876],[-70.0687,41.8914],[-70.0705,41.8957],[-70.0705,41.8994],[-70.0687,41.9006],[-70.0662,41.9008],[-70.0663,41.904],[-70.0651,41.908],[-70.0656,41.9099],[-70.0638,41.9132],[-70.0642,41.9146],[-70.0624,41.9158],[-70.0556,41.9192],[-70.0544,41.9204],[-70.0546,41.9221],[-70.0575,41.9211],[-70.0588,41.9214],[-70.0623,41.924],[-70.0651,41.9234],[-70.0677,41.9238],[-70.0705,41.9255],[-70.0706,41.9286],[-70.0677,41.9308],[-70.0649,41.9315],[-70.0654,41.9282],[-70.0633,41.9281],[-70.0591,41.9252],[-70.0565,41.9268],[-70.0507,41.9295],[-70.0434,41.9303],[-70.0349,41.9302],[-70.0303,41.9289],[-70.0299,41.9296],[-70.0268,41.9299],[-70.0228,41.9285],[-70.0252,41.9215],[-70.0235,41.9201],[-70.0256,41.9193],[-70.0273,41.9198],[-70.0294,41.9224],[-70.0303,41.9258],[-70.0327,41.9235],[-70.0324,41.9208],[-70.0311,41.9187],[-70.0306,41.9166],[-70.0291,41.9156],[-70.0278,41.9137],[-70.026,41.9125],[-70.0243,41.91],[-70.0223,41.9095],[-70.0184,41.9067],[-70.0145,41.9056],[-70.0096,41.9064],[-70.0064,41.9059],[-70.0063,41.9023],[-70.0047,41.8993],[-70.0029,41.8995],[-70.0026,41.8978],[-70.0008,41.8963],[-70.0033,41.8949],[-70.0036,41.8929],[-70.0017,41.8915],[-70.0004,41.8893],[-70.0006,41.888],[-70.006,41.8847],[-70.0044,41.8833],[-70.0039,41.8809],[-70.0046,41.8798],[-70.0054,41.8783],[-70.0027,41.8774],[-70.0005,41.8777],[-69.9988,41.8769],[-69.993,41.8762],[-69.9901,41.8772],[-69.9873,41.8775],[-69.9843,41.8772],[-69.9796,41.8773],[-69.9567,41.88]]]]},"properties":{"name":"Wellfleet"}},{"type":"Feature","geometry":{"type":"MultiPolygon","coordinates":[[[[-70.5377,41.8105],[-70.5399,41.814],[-70.5425,41.8194],[-70.5431,41.824],[-70.5426,41.8293],[-70.5414,41.8321],[-70.5378,41.8339],[-70.5367,41.8352],[-70.5369,41.837],[-70.5358,41.8391],[-70.5335,41.8399],[-70.5309,41.8442],[-70.5309,41.8485],[-70.5288,41.8509],[-70.5292,41.8531],[-70.5286,41.8546],[-70.5263,41.8564],[-70.5255,41.8582],[-70.5263,41.8605],[-70.5314,41.8662],[-70.5321,41.8679],[-70.5319,41.8721],[-70.5323,41.8747],[-70.5316,41.8763],[-70.5314,41.8799],[-70.5328,41.8839],[-70.5331,41.886],[-70.5322,41.8882],[-70.5327,41.8909],[-70.5357,41.8942],[-70.5407,41.8994],[-70.544,41.9037],[-70.5469,41.9092],[-70.5473,41.9119],[-70.5468,41.9155],[-70.5459,41.9177],[-70.5445,41.919],[-70.5393,41.9198],[-70.5379,41.9209],[-70.5392,41.9222],[-70.54,41.9254],[-70.5392,41.9266],[-70.5418,41.927],[-70.5433,41.9264],[-70.5459,41.9267],[-70.5546,41.9304],[-70.5595,41.9334],[-70.566,41.9363],[-70.5674,41.9377],[-70.5685,41.9401],[-70.5727,41.9431],[-70.5773,41.9454],[-70.5839,41.9503],[-70.5933,41.9498],[-70.5974,41.9487],[-70.5999,41.9471],[-70.6032,41.9438],[-70.6057,41.9422],[-70.6092,41.941],[-70.6126,41.9412],[-70.6158,41.9405],[-70.621,41.9418],[-70.6243,41.9436],[-70.6291,41.9483],[-70.6325,41.9523],[-70.6375,41.9589],[-70.6402,41.9627],[-70.6429,41.9677],[-70.6461,41.973],[-70.648,41.9757],[-70.6501,41.98],[-70.6532,41.9802],[-70.6529,41.9772],[-70.6508,41.9755],[-70.6491,41.9749],[-70.6462,41.9712],[-70.6447,41.9687],[-70.6429,41.9644],[-70.6414,41.9632],[-70.6403,41.9604],[-70.6367,41.9565],[-70.637,41.9545],[-70.6342,41.953],[-70.6303,41.9479],[-70.6315,41.9467],[-70.6366,41.9482],[-70.6395,41.9498],[-70.6433,41.9494],[-70.6501,41.9503],[-70.6505,41.9517],[-70.6544,41.9528],[-70.6561,41.9554],[-70.6601,41.9563],[-70.6617,41.958],[-70.6623,41.9599],[-70.6649,41.9599],[-70.667,41.9612],[-70.6666,41.9641],[-70.6693,41.9647],[-70.6707,41.967],[-70.6749,41.9714],[-70.678,41.9766],[-70.6815,41.9794],[-70.69,41.9818],[-70.6928,41.9837],[-70.7217,41.9542],[-70.7535,41.9332],[-70.7507,41.926],[-70.7064,41.8751],[-70.6807,41.8456],[-70.6838,41.8448],[-70.6895,41.8401],[-70.6909,41.8381],[-70.6942,41.8356],[-70.6952,41.8327],[-70.6975,41.8303],[-70.7016,41.8287],[-70.7054,41.8294],[-70.7083,41.8268],[-70.7086,41.8239],[-70.7116,41.8212],[-70.715,41.8175],[-70.7159,41.815],[-70.7153,41.8129],[-70.7172,41.8099],[-70.7166,41.8085],[-70.7176,41.8074],[-70.7175,41.8015],[-70.6319,41.8063],[-70.6166,41.8054],[-70.6273,41.7878],[-70.6281,41.787],[-70.6307,41.7866],[-70.6299,41.7849],[-70.631,41.782],[-70.6291,41.7794],[-70.6307,41.7767],[-70.6304,41.7738],[-70.6331,41.7724],[-70.6335,41.771],[-70.6361,41.7697],[-70.6355,41.7671],[-70.6326,41.7629],[-70.6029,41.7747],[-70.5654,41.7867],[-70.5377,41.8105]]],[[[-70.6351,42.0046],[-70.6344,42.0086],[-70.6345,42.012],[-70.6361,42.013],[-70.6385,42.0102],[-70.6396,42.0083],[-70.6404,42.0042],[-70.6395,42.0026],[-70.6367,42.0046],[-70.6351,42.0046]]],[[[-70.6128,42.0132],[-70.6131,42.0114],[-70.6166,42.0088],[-70.6219,42.0074],[-70.6266,42.0045],[-70.6307,42.0014],[-70.6315,42.0005],[-70.6314,41.9978],[-70.6325,41.9966],[-70.6354,41.9981],[-70.6374,41.9978],[-70.6386,41.9963],[-70.6383,41.995],[-70.6363,41.9939],[-70.6323,41.9943],[-70.6263,42.0004],[-70.6226,42.0033],[-70.6173,42.0061],[-70.6122,42.0072],[-70.6066,42.0053],[-70.6046,42.0034],[-70.6019,42.0026],[-70.5994,42.0035],[-70.5995,42.0059],[-70.6029,42.0079],[-70.6089,42.0132],[-70.6128,42.0132]]]]},"properties":{"name":"Plymouth"}},{"type":"Feature","geometry":{"type":"Polygon","coordinates":[[[-71.2593,41.9742],[-71.2687,41.9873],[-71.336,41.9408],[-71.3814,41.9148],[-71.3815,41.8935],[-71.3388,41.8986],[-71.3007,41.9037],[-71.2225,41.9122],[-71.2082,41.9089],[-71.2593,41.9742]]]},"properties":{"name":"Attleboro"}},{"type":"Feature","geometry":{"type":"Polygon","coordinates":[[[-71.0547,41.9851],[-71.0871,41.9908],[-71.0853,41.9823],[-71.0824,41.9799],[-71.0807,41.9773],[-71.0803,41.9755],[-71.0811,41.9722],[-71.0831,41.9689],[-71.0838,41.9656],[-71.0805,41.9595],[-71.0835,41.9546],[-71.0856,41.9499],[-71.0863,41.9463],[-71.0898,41.942],[-71.0919,41.9405],[-71.0927,41.939],[-71.0633,41.9033],[-71.0581,41.9024],[-71.0559,41.9012],[-71.0546,41.9024],[-71.0544,41.9041],[-71.0526,41.905],[-71.0477,41.9045],[-71.0451,41.9015],[-71.0454,41.8998],[-71.0443,41.8976],[-71.0416,41.8949],[-71.0457,41.8929],[-71.0449,41.8914],[-71.0468,41.891],[-71.0487,41.8891],[-71.0477,41.8867],[-71.0432,41.8846],[-71.0386,41.8858],[-71.0358,41.885],[-71.0321,41.8867],[-71.0304,41.8861],[-71.0261,41.8863],[-71.0235,41.8871],[-71.0205,41.8894],[-71.0178,41.8894],[-71.0161,41.8903],[-71.0149,41.8921],[-71.0131,41.8924],[-71.0119,41.89],[-71.0086,41.8905],[-71.0055,41.8846],[-71.0035,41.885],[-71.0036,41.883],[-70.9977,41.8842],[-70.995,41.8851],[-70.9921,41.8897],[-70.9937,41.8911],[-70.9936,41.8943],[-70.9945,41.897],[-70.9999,41.8969],[-70.9977,41.8997],[-70.9954,41.9039],[-70.9932,41.9064],[-70.9911,41.9091],[-70.991,41.9105],[-70.992,41.9156],[-70.994,41.9163],[-70.9963,41.9156],[-70.9974,41.9174],[-70.9968,41.9212],[-70.9972,41.9233],[-70.9957,41.9244],[-70.996,41.9266],[-70.9975,41.9278],[-70.9996,41.9285],[-70.9998,41.9297],[-71.0106,41.9401],[-71.0166,41.9439],[-71.0223,41.9471],[-71.0261,41.9496],[-71.0439,41.9603],[-71.0495,41.9631],[-71.0542,41.9827],[-71.0547,41.9851]]]},"properties":{"name":"Raynham"}},{"type":"Feature","geometry":{"type":"Polygon","coordinates":[[[-71.0871,41.9908],[-71.1008,41.9932],[-71.1258,41.967],[-71.1557,41.938],[-71.1939,41.9108],[-71.1868,41.8793],[-71.1306,41.8703],[-71.1304,41.8684],[-71.1259,41.8678],[-71.1245,41.8665],[-71.1228,41.8665],[-71.1215,41.865],[-71.1226,41.864],[-71.1216,41.8594],[-71.1198,41.8574],[-71.1172,41.8571],[-71.1153,41.8554],[-71.1141,41.8557],[-71.11,41.8549],[-71.109,41.8551],[-71.1071,41.8601],[-71.1046,41.8608],[-71.105,41.8631],[-71.1046,41.8682],[-71.1037,41.8692],[-71.1029,41.8718],[-71.0981,41.8729],[-71.0942,41.8726],[-71.0764,41.873],[-71.0728,41.87],[-71.0334,41.85],[-71.0074,41.8385],[-71.0012,41.8432],[-70.9955,41.8473],[-70.9886,41.8512],[-70.9863,41.8537],[-70.9829,41.8554],[-70.9783,41.8572],[-70.9737,41.8609],[-70.9775,41.8762],[-70.9873,41.9058],[-70.9897,41.9065],[-70.9932,41.9064],[-70.9954,41.9039],[-70.9977,41.8997],[-70.9999,41.8969],[-70.9945,41.897],[-70.9936,41.8943],[-70.9937,41.8911],[-70.9921,41.8897],[-70.995,41.8851],[-70.9977,41.8842],[-71.0036,41.883],[-71.0035,41.885],[-71.0055,41.8846],[-71.0086,41.8905],[-71.0119,41.89],[-71.0131,41.8924],[-71.0149,41.8921],[-71.0161,41.8903],[-71.0178,41.8894],[-71.0205,41.8894],[-71.0235,41.8871],[-71.0261,41.8863],[-71.0304,41.8861],[-71.0321,41.8867],[-71.0358,41.885],[-71.0386,41.8858],[-71.0432,41.8846],[-71.0477,41.8867],[-71.0487,41.8891],[-71.0468,41.891],[-71.0449,41.8914],[-71.0457,41.8929],[-71.0416,41.8949],[-71.0443,41.8976],[-71.0454,41.8998],[-71.0451,41.9015],[-71.0477,41.9045],[-71.0526,41.905],[-71.0544,41.9041],[-71.0546,41.9024],[-71.0559,41.9012],[-71.0581,41.9024],[-71.0633,41.9033],[-71.0927,41.939],[-71.0919,41.9405],[-71.0898,41.942],[-71.0863,41.9463],[-71.0856,41.9499],[-71.0835,41.9546],[-71.0805,41.9595],[-71.0838,41.9656],[-71.0831,41.9689],[-71.0811,41.9722],[-71.0803,41.9755],[-71.0807,41.9773],[-71.0824,41.9799],[-71.0853,41.9823],[-71.0871,41.9908]]]},"properties":{"name":"Taunton"}},{"type":"Feature","geometry":{"type":"Polygon","coordinates":[[[-70.8992,41.9963],[-70.9029,41.9966],[-70.9078,41.9961],[-70.9126,41.9969],[-70.9175,42.0024],[-70.9175,42.0046],[-70.9205,42.0071],[-70.9256,42.0089],[-70.9303,42.0078],[-70.9348,42.0079],[-70.9392,42.0074],[-70.9428,42.0066],[-70.9537,42.0059],[-70.9796,42.011],[-70.9788,42.0074],[-70.9906,42.0039],[-71.0027,41.9981],[-71.0542,41.9827],[-71.0495,41.9631],[-71.0439,41.9603],[-71.0261,41.9496],[-71.0223,41.9471],[-71.0166,41.9439],[-71.0106,41.9401],[-70.9998,41.9297],[-70.9983,41.9306],[-70.9983,41.9338],[-70.9915,41.9316],[-70.9898,41.9318],[-70.9884,41.9335],[-70.9869,41.9378],[-70.9844,41.9383],[-70.9802,41.9403],[-70.9761,41.9394],[-70.9738,41.9401],[-70.9685,41.9385],[-70.9659,41.9368],[-70.9604,41.9358],[-70.9593,41.9348],[-70.9561,41.934],[-70.9541,41.9346],[-70.9483,41.9342],[-70.9462,41.9327],[-70.9437,41.9349],[-70.9427,41.9374],[-70.9411,41.9385],[-70.9386,41.9415],[-70.9363,41.9465],[-70.9369,41.9487],[-70.9358,41.9536],[-70.9346,41.9548],[-70.9337,41.9575],[-70.9315,41.9594],[-70.9292,41.9602],[-70.9258,41.9598],[-70.9238,41.959],[-70.9218,41.9625],[-70.9174,41.9619],[-70.9148,41.9621],[-70.9099,41.9642],[-70.9106,41.9661],[-70.9085,41.9664],[-70.9073,41.9676],[-70.9073,41.9702],[-70.9089,41.9724],[-70.9083,41.9738],[-70.9117,41.977],[-70.9121,41.979],[-70.9112,41.9803],[-70.9014,41.983],[-70.8998,41.9883],[-70.8992,41.9963]]]},"properties":{"name":"Bridgewater"}},{"type":"Feature","geometry":{"type":"Polygon","coordinates":[[[-71.1008,41.9932],[-71.1565,42.001],[-71.1587,42.0126],[-71.1825,42.0023],[-71.2023,41.9959],[-71.2593,41.9742],[-71.2082,41.9089],[-71.1939,41.9108],[-71.1557,41.938],[-71.1258,41.967],[-71.1008,41.9932]]]},"properties":{"name":"Norton"}},{"type":"Feature","geometry":{"type":"Polygon","coordinates":[[[-71.2687,41.9873],[-71.2883,42.0145],[-71.3643,41.9853],[-71.3814,41.9851],[-71.3814,41.9148],[-71.336,41.9408],[-71.2687,41.9873]]]},"properties":{"name":"North Attleborough"}},{"type":"Feature","geometry":{"type":"Polygon","coordinates":[[[-70.7587,41.9475],[-70.7655,41.967],[-70.7875,41.9784],[-70.7909,41.9884],[-70.7959,42.0055],[-70.7993,42.0136],[-70.8073,42.0129],[-70.808,42.0121],[-70.8067,42.0101],[-70.8187,41.9967],[-70.8229,41.9845],[-70.8631,41.9568],[-70.8609,41.955],[-70.8456,41.9427],[-70.8298,41.9277],[-70.7717,41.9461],[-70.7587,41.9475]]]},"properties":{"name":"Plympton"}},{"type":"Feature","geometry":{"type":"Polygon","coordinates":[[[-70.7695,42.0221],[-70.7755,42.0232],[-70.7967,42.0206],[-70.8005,42.0164],[-70.7993,42.0136],[-70.7959,42.0055],[-70.7909,41.9884],[-70.7875,41.9784],[-70.7655,41.967],[-70.7587,41.9475],[-70.7535,41.9332],[-70.7217,41.9542],[-70.6928,41.9837],[-70.695,41.9845],[-70.6996,41.988],[-70.6992,41.9951],[-70.7006,41.9979],[-70.7038,41.9999],[-70.7066,42.001],[-70.71,42],[-70.7113,42.0024],[-70.7218,42.0028],[-70.7246,42.0074],[-70.7242,42.0094],[-70.7312,42.0177],[-70.7695,42.0221]]]},"properties":{"name":"Kingston"}},{"type":"Feature","geometry":{"type":"Polygon","coordinates":[[[-70.8335,42.0196],[-70.8492,42.0157],[-70.8602,42.0162],[-70.8644,42.021],[-70.8945,42.0264],[-70.8969,42.0192],[-70.8977,42.0164],[-70.8996,42.003],[-70.8992,41.9963],[-70.8998,41.9883],[-70.9014,41.983],[-70.9112,41.9803],[-70.9121,41.979],[-70.9117,41.977],[-70.9083,41.9738],[-70.9089,41.9724],[-70.9073,41.9702],[-70.9073,41.9676],[-70.9085,41.9664],[-70.8691,41.9483],[-70.8609,41.955],[-70.8631,41.9568],[-70.8229,41.9845],[-70.8187,41.9967],[-70.8067,42.0101],[-70.808,42.0121],[-70.8073,42.0129],[-70.8097,42.0153],[-70.8094,42.0167],[-70.8119,42.0176],[-70.8137,42.0196],[-70.813,42.0227],[-70.815,42.024],[-70.8335,42.0196]]]},"properties":{"name":"Halifax"}},{"type":"Feature","geometry":{"type":"Polygon","coordinates":[[[-71.2883,42.0145],[-71.2891,42.045],[-71.3813,42.0189],[-71.3814,41.9851],[-71.3643,41.9853],[-71.2883,42.0145]]]},"properties":{"name":"Plainville"}},{"type":"Feature","geometry":{"type":"Polygon","coordinates":[[[-70.9872,42.0466],[-71.0229,42.0422],[-71.0258,42.0551],[-71.0696,42.0497],[-71.0547,41.9851],[-71.0542,41.9827],[-71.0027,41.9981],[-70.9906,42.0039],[-70.9788,42.0074],[-70.9796,42.011],[-70.9872,42.0466]]]},"properties":{"name":"West Bridgewater"}},{"type":"Feature","geometry":{"type":"Polygon","coordinates":[[[-71.1587,42.0126],[-71.1687,42.0612],[-71.1785,42.0574],[-71.2883,42.0145],[-71.2687,41.9873],[-71.2593,41.9742],[-71.2023,41.9959],[-71.1825,42.0023],[-71.1587,42.0126]]]},"properties":{"name":"Mansfield"}},{"type":"Feature","geometry":{"type":"Polygon","coordinates":[[[-71.5637,42.0143],[-71.5639,42.0641],[-71.592,42.0637],[-71.5911,42.0136],[-71.5637,42.0143]]]},"properties":{"name":"Millville"}},{"type":"Feature","geometry":{"type":"Polygon","coordinates":[[[-71.4983,42.0173],[-71.4983,42.0649],[-71.5639,42.0641],[-71.5637,42.0143],[-71.5278,42.0151],[-71.4983,42.0173]]]},"properties":{"name":"Blackstone"}},{"type":"Feature","geometry":{"type":"Polygon","coordinates":[[[-70.9081,42.0617],[-70.9129,42.065],[-70.9291,42.0663],[-70.951,42.0609],[-70.9632,42.0659],[-70.9752,42.0712],[-70.9808,42.0689],[-70.9899,42.0595],[-70.9872,42.0466],[-70.9796,42.011],[-70.9537,42.0059],[-70.9428,42.0066],[-70.9392,42.0074],[-70.9348,42.0079],[-70.9303,42.0078],[-70.9256,42.0089],[-70.9205,42.0071],[-70.9175,42.0046],[-70.9175,42.0024],[-70.9126,41.9969],[-70.9078,41.9961],[-70.9029,41.9966],[-70.8992,41.9963],[-70.8996,42.003],[-70.8977,42.0164],[-70.8969,42.0192],[-70.8966,42.0233],[-70.8974,42.0249],[-70.8997,42.0253],[-70.9081,42.0617]]]},"properties":{"name":"East Bridgewater"}},{"type":"Feature","geometry":{"type":"Polygon","coordinates":[[[-72.5366,42.0637],[-72.5878,42.0719],[-72.5894,42.0722],[-72.5918,42.0696],[-72.6005,42.0577],[-72.6053,42.05],[-72.6073,42.0449],[-72.608,42.0388],[-72.608,42.0311],[-72.6072,42.0251],[-72.5822,42.0247],[-72.5728,42.0302],[-72.5495,42.0326],[-72.5316,42.0346],[-72.5354,42.0569],[-72.5366,42.0637]]]},"properties":{"name":"Longmeadow"}},{"type":"Feature","geometry":{"type":"Polygon","coordinates":[[[-69.9971,41.9668],[-70.0016,41.9742],[-70.0095,41.9863],[-70.0161,41.9957],[-70.0266,42.0092],[-70.0319,42.0154],[-70.0337,42.0184],[-70.038,42.0229],[-70.0449,42.0297],[-70.054,42.0378],[-70.0588,42.0416],[-70.0671,42.0472],[-70.0773,42.0527],[-70.0835,42.0543],[-70.0872,42.0564],[-70.095,42.0601],[-70.1014,42.0627],[-70.1092,42.0655],[-70.118,42.0683],[-70.1258,42.0706],[-70.1362,42.0734],[-70.1455,42.0756],[-70.1543,42.0771],[-70.1465,42.0652],[-70.1474,42.0639],[-70.1474,42.061],[-70.142,42.0581],[-70.1279,42.0534],[-70.1228,42.0514],[-70.1184,42.0494],[-70.1116,42.0454],[-70.1034,42.0397],[-70.0969,42.0337],[-70.0937,42.03],[-70.0909,42.0262],[-70.0888,42.0225],[-70.0856,42.0156],[-70.0835,42.0098],[-70.0813,42.002],[-70.0793,41.9963],[-70.0801,41.9925],[-70.0798,41.9904],[-70.0782,41.986],[-70.0773,41.9805],[-70.077,41.9647],[-70.0776,41.9578],[-70.0388,41.9629],[-70.028,41.964],[-69.9971,41.9668]]]},"properties":{"name":"Truro"}},{"type":"Feature","geometry":{"type":"Polygon","coordinates":[[[-70.1543,42.0771],[-70.169,42.0803],[-70.1941,42.0824],[-70.2033,42.0825],[-70.2117,42.082],[-70.2203,42.0806],[-70.2266,42.0791],[-70.235,42.0761],[-70.2373,42.0747],[-70.242,42.0708],[-70.2447,42.0682],[-70.2474,42.0636],[-70.2465,42.0609],[-70.2448,42.0596],[-70.2398,42.0594],[-70.2338,42.0569],[-70.2303,42.0545],[-70.2261,42.0524],[-70.2195,42.0463],[-70.2169,42.0434],[-70.2144,42.0398],[-70.2123,42.0348],[-70.2098,42.032],[-70.2038,42.0271],[-70.1952,42.0209],[-70.1899,42.0192],[-70.1859,42.0193],[-70.1819,42.0205],[-70.1777,42.0222],[-70.1734,42.0249],[-70.1708,42.0276],[-70.168,42.0312],[-70.1665,42.0337],[-70.1688,42.0347],[-70.1722,42.0301],[-70.1759,42.0275],[-70.1804,42.0264],[-70.1841,42.0261],[-70.1859,42.0254],[-70.1855,42.0242],[-70.1889,42.024],[-70.1922,42.0261],[-70.1963,42.0256],[-70.1979,42.0267],[-70.1996,42.0259],[-70.2019,42.0272],[-70.2035,42.0289],[-70.2001,42.0295],[-70.2001,42.0309],[-70.198,42.0311],[-70.1982,42.0338],[-70.1975,42.0373],[-70.1947,42.0362],[-70.1942,42.0373],[-70.1947,42.0398],[-70.1919,42.0427],[-70.19,42.0465],[-70.1885,42.0482],[-70.1853,42.0501],[-70.1838,42.0521],[-70.1803,42.0547],[-70.1772,42.0567],[-70.174,42.0582],[-70.1677,42.0602],[-70.1618,42.0615],[-70.1563,42.0622],[-70.1514,42.062],[-70.1474,42.061],[-70.1474,42.0639],[-70.1465,42.0652],[-70.1543,42.0771]]]},"properties":{"name":"Provincetown"}},{"type":"Feature","geometry":{"type":"Polygon","coordinates":[[[-71.2851,42.0824],[-71.295,42.0847],[-71.3157,42.0901],[-71.3593,42.0895],[-71.3653,42.0762],[-71.3882,42.041],[-71.4559,42.0349],[-71.4581,42.0179],[-71.3813,42.0189],[-71.2891,42.045],[-71.2894,42.0591],[-71.2871,42.0637],[-71.2877,42.0769],[-71.2851,42.0824]]]},"properties":{"name":"Wrentham"}},{"type":"Feature","geometry":{"type":"Polygon","coordinates":[[[-71.8045,42.0236],[-71.8301,42.0928],[-71.8815,42.0759],[-71.879,42.0678],[-71.8788,42.066],[-71.8796,42.0639],[-71.8818,42.0629],[-71.8816,42.0603],[-71.8824,42.0591],[-71.8799,42.0575],[-71.8806,42.0515],[-71.8837,42.0507],[-71.8868,42.051],[-71.8875,42.0504],[-71.8869,42.0452],[-71.8875,42.0419],[-71.8887,42.0392],[-71.8893,42.0358],[-71.8875,42.0322],[-71.8868,42.0298],[-71.887,42.0283],[-71.8854,42.0255],[-71.8839,42.0244],[-71.8045,42.0236]]]},"properties":{"name":"Webster"}},{"type":"Feature","geometry":{"type":"Polygon","coordinates":[[[-72.1351,42.0907],[-72.1927,42.0915],[-72.193,42.088],[-72.1919,42.0849],[-72.1928,42.0819],[-72.1938,42.0815],[-72.1928,42.0772],[-72.1929,42.0742],[-72.1937,42.0683],[-72.1937,42.0667],[-72.1965,42.0635],[-72.1975,42.0601],[-72.1993,42.0565],[-72.1988,42.0531],[-72.1963,42.0505],[-72.197,42.0476],[-72.2012,42.0444],[-72.2018,42.0398],[-72.1984,42.0353],[-72.1993,42.032],[-72.1988,42.031],[-72.1432,42.0305],[-72.1357,42.0302],[-72.1351,42.0907]]]},"properties":{"name":"Holland"}},{"type":"Feature","geometry":{"type":"Polygon","coordinates":[[[-72.4699,42.0848],[-72.4711,42.0897],[-72.4995,42.0861],[-72.5397,42.0812],[-72.5366,42.0637],[-72.5354,42.0569],[-72.5316,42.0346],[-72.4922,42.0342],[-72.4583,42.0343],[-72.4699,42.0848]]]},"properties":{"name":"East Longmeadow"}},{"type":"Feature","geometry":{"type":"Polygon","coordinates":[[[-71.4023,42.1788],[-71.4235,42.1781],[-71.4237,42.1793],[-71.4302,42.1794],[-71.444,42.1749],[-71.464,42.1582],[-71.4727,42.1569],[-71.4781,42.1568],[-71.4785,42.1314],[-71.4614,42.1336],[-71.4427,42.1358],[-71.4414,42.1348],[-71.4385,42.1352],[-71.4356,42.1342],[-71.4318,42.138],[-71.4303,42.139],[-71.428,42.1381],[-71.4233,42.1391],[-71.4195,42.139],[-71.419,42.1365],[-71.4152,42.1382],[-71.4159,42.1357],[-71.4139,42.1339],[-71.4111,42.1345],[-71.4088,42.1342],[-71.4042,42.1376],[-71.4025,42.1395],[-71.3993,42.1389],[-71.3971,42.1373],[-71.385,42.1353],[-71.3833,42.1352],[-71.3828,42.1332],[-71.3802,42.1329],[-71.38,42.1346],[-71.3781,42.1354],[-71.3756,42.1354],[-71.4023,42.1788]]]},"properties":{"name":"Medway"}},{"type":"Feature","geometry":{"type":"Polygon","coordinates":[[[-73.1863,42.1536],[-73.2245,42.1482],[-73.2471,42.1686],[-73.2715,42.1657],[-73.2732,42.1663],[-73.2751,42.1681],[-73.2828,42.1695],[-73.2891,42.1723],[-73.2872,42.1592],[-73.2971,42.1592],[-73.2913,42.1207],[-73.3044,42.1067],[-73.2963,42.047],[-73.2336,42.0451],[-73.1721,42.0434],[-73.1863,42.1536]]]},"properties":{"name":"New Marlborough"}},{"type":"Feature","geometry":{"type":"Polygon","coordinates":[[[-72.1419,42.161],[-72.1993,42.1537],[-72.2006,42.1613],[-72.2639,42.1838],[-72.2632,42.1821],[-72.264,42.1807],[-72.2632,42.1788],[-72.2617,42.1769],[-72.2639,42.1747],[-72.2635,42.1733],[-72.2616,42.1717],[-72.2621,42.1698],[-72.2647,42.1671],[-72.2671,42.166],[-72.2682,42.1627],[-72.2667,42.1607],[-72.2684,42.1583],[-72.2653,42.1546],[-72.2668,42.1535],[-72.268,42.1487],[-72.2693,42.1476],[-72.269,42.1459],[-72.2706,42.1436],[-72.2731,42.1429],[-72.2745,42.1437],[-72.2701,42.0925],[-72.1927,42.0915],[-72.1351,42.0907],[-72.135,42.1618],[-72.1419,42.161]]]},"properties":{"name":"Brimfield"}},{"type":"Feature","geometry":{"type":"Polygon","coordinates":[[[-72.389,42.1523],[-72.3952,42.1848],[-72.398,42.1825],[-72.401,42.1815],[-72.4052,42.1792],[-72.4102,42.1777],[-72.4123,42.1749],[-72.4103,42.1742],[-72.4111,42.1711],[-72.4111,42.1686],[-72.412,42.1669],[-72.4103,42.1626],[-72.4106,42.1611],[-72.409,42.1548],[-72.4095,42.1538],[-72.4122,42.153],[-72.4142,42.1533],[-72.4177,42.1549],[-72.4194,42.157],[-72.4213,42.1572],[-72.4285,42.1566],[-72.4307,42.1555],[-72.4326,42.1555],[-72.437,42.1565],[-72.4407,42.156],[-72.4466,42.1536],[-72.4493,42.1534],[-72.4533,42.155],[-72.4582,42.1548],[-72.4654,42.1527],[-72.4696,42.1527],[-72.4753,42.1539],[-72.4788,42.1535],[-72.4846,42.1565],[-72.4711,42.0897],[-72.4699,42.0848],[-72.4182,42.0905],[-72.4145,42.0992],[-72.3794,42.1031],[-72.389,42.1523]]]},"properties":{"name":"Wilbraham"}},{"type":"Feature","geometry":{"type":"Polygon","coordinates":[[[-71.6914,42.1631],[-71.6952,42.1758],[-71.7186,42.173],[-71.7235,42.1915],[-71.734,42.1867],[-71.7338,42.1835],[-71.7405,42.1792],[-71.7441,42.1824],[-71.8296,42.1449],[-71.8319,42.1438],[-71.8295,42.1294],[-71.818,42.1333],[-71.7972,42.0992],[-71.7924,42.1007],[-71.7746,42.1003],[-71.7681,42.0818],[-71.6967,42.0953],[-71.6966,42.0972],[-71.68,42.1002],[-71.68,42.1034],[-71.6855,42.1073],[-71.7078,42.0999],[-71.692,42.1203],[-71.7047,42.1253],[-71.6937,42.1362],[-71.6914,42.1492],[-71.6937,42.1612],[-71.6914,42.1631]]]},"properties":{"name":"Sutton"}},{"type":"Feature","geometry":{"type":"Polygon","coordinates":[[[-72.706,42.0808],[-72.8372,42.1022],[-72.8334,42.0943],[-72.8324,42.0842],[-72.8357,42.0745],[-72.8389,42.0693],[-72.8366,42.0623],[-72.8341,42.0583],[-72.835,42.0371],[-72.8138,42.0367],[-72.8171,41.9977],[-72.7667,42.0033],[-72.7663,42.0079],[-72.763,42.0085],[-72.7614,42.0097],[-72.7631,42.012],[-72.7631,42.0133],[-72.759,42.0154],[-72.7598,42.0169],[-72.7625,42.0182],[-72.7629,42.0196],[-72.7647,42.0199],[-72.7614,42.0227],[-72.7572,42.0211],[-72.7558,42.0247],[-72.7545,42.0258],[-72.7521,42.029],[-72.7526,42.0312],[-72.7546,42.0326],[-72.7573,42.0334],[-72.7559,42.0363],[-72.7146,42.0366],[-72.7146,42.0369],[-72.7131,42.0389],[-72.7125,42.0412],[-72.7126,42.0439],[-72.711,42.0498],[-72.7096,42.0521],[-72.7081,42.0555],[-72.7076,42.0592],[-72.7081,42.0645],[-72.7061,42.0735],[-72.7067,42.0738],[-72.706,42.0808]]]},"properties":{"name":"Southwick"}},{"type":"Feature","geometry":{"type":"Polygon","coordinates":[[[-72.5885,42.0932],[-72.5918,42.092],[-72.594,42.0935],[-72.5958,42.0939],[-72.5988,42.0932],[-72.6007,42.0863],[-72.6021,42.0863],[-72.6053,42.0877],[-72.6095,42.0886],[-72.6139,42.0875],[-72.6209,42.0877],[-72.6281,42.0904],[-72.629,42.0911],[-72.6311,42.0952],[-72.6295,42.0973],[-72.6312,42.1004],[-72.6333,42.1006],[-72.6366,42.0992],[-72.6386,42.0988],[-72.6435,42.0994],[-72.6471,42.0993],[-72.6514,42.098],[-72.6547,42.0976],[-72.658,42.0964],[-72.6605,42.0925],[-72.6614,42.0895],[-72.6608,42.0868],[-72.6618,42.0846],[-72.6634,42.0844],[-72.6667,42.087],[-72.6684,42.0913],[-72.6701,42.0932],[-72.6732,42.0949],[-72.6757,42.0984],[-72.6765,42.1005],[-72.6817,42.1008],[-72.6825,42.1028],[-72.6827,42.1063],[-72.6847,42.1071],[-72.6887,42.1062],[-72.6949,42.1059],[-72.6957,42.1031],[-72.6971,42.1008],[-72.7006,42.0933],[-72.702,42.091],[-72.7029,42.0877],[-72.7057,42.0821],[-72.706,42.0808],[-72.7067,42.0738],[-72.7061,42.0735],[-72.7081,42.0645],[-72.7076,42.0592],[-72.7081,42.0555],[-72.7096,42.0521],[-72.711,42.0498],[-72.7126,42.0439],[-72.7125,42.0412],[-72.7131,42.0389],[-72.7146,42.0369],[-72.6993,42.037],[-72.6729,42.0352],[-72.6402,42.032],[-72.612,42.0311],[-72.608,42.0311],[-72.608,42.0388],[-72.6073,42.0449],[-72.6053,42.05],[-72.6005,42.0577],[-72.5918,42.0696],[-72.5894,42.0722],[-72.587,42.0751],[-72.5836,42.0781],[-72.5827,42.0795],[-72.5828,42.0821],[-72.5841,42.087],[-72.5859,42.0904],[-72.5885,42.0932]]]},"properties":{"name":"Agawam"}},{"type":"Feature","geometry":{"type":"Polygon","coordinates":[[[-71.592,42.0637],[-71.5926,42.1143],[-71.5959,42.1127],[-71.6015,42.1113],[-71.6035,42.1121],[-71.6509,42.0955],[-71.68,42.1034],[-71.68,42.1002],[-71.6966,42.0972],[-71.6967,42.0953],[-71.6963,42.0711],[-71.6792,42.0742],[-71.68,42.0709],[-71.6817,42.0568],[-71.6825,42.0437],[-71.6817,42.0316],[-71.6812,42.0211],[-71.6809,42.0115],[-71.5911,42.0136],[-71.592,42.0637]]]},"properties":{"name":"Uxbridge"}},{"type":"Feature","geometry":{"type":"Polygon","coordinates":[[[-71.9928,42.0726],[-71.9925,42.0782],[-71.9957,42.0775],[-71.9966,42.0821],[-71.9927,42.0831],[-71.9939,42.0875],[-71.9961,42.0873],[-71.9981,42.0979],[-72.003,42.0966],[-72.0273,42.105],[-72.0255,42.1079],[-72.0276,42.1074],[-72.0291,42.1151],[-72.0318,42.1144],[-72.0308,42.1098],[-72.0363,42.1082],[-72.0362,42.1095],[-72.0391,42.1091],[-72.0396,42.1123],[-72.042,42.1117],[-72.0405,42.1042],[-72.0468,42.1034],[-72.0521,42.0884],[-72.0534,42.0825],[-72.0551,42.0831],[-72.0587,42.0828],[-72.0594,42.0808],[-72.0609,42.0789],[-72.0608,42.0774],[-72.0595,42.0749],[-72.06,42.0726],[-72.061,42.0717],[-72.064,42.0728],[-72.0666,42.0718],[-72.0744,42.0585],[-72.0998,42.0288],[-72.0718,42.0276],[-71.9931,42.0269],[-71.9947,42.031],[-71.989,42.0446],[-71.9882,42.0545],[-71.9897,42.0567],[-71.9916,42.0578],[-71.9933,42.0654],[-71.9928,42.0726]]]},"properties":{"name":"Southbridge"}},{"type":"Feature","geometry":{"type":"Polygon","coordinates":[[[-70.7771,42.1167],[-70.7788,42.1156],[-70.7814,42.1168],[-70.7828,42.1165],[-70.7821,42.1142],[-70.7835,42.1118],[-70.7878,42.1117],[-70.7917,42.1092],[-70.7922,42.1085],[-70.7897,42.1064],[-70.7927,42.1062],[-70.7937,42.1068],[-70.7951,42.1094],[-70.7984,42.1124],[-70.7999,42.1121],[-70.8006,42.1097],[-70.8038,42.1115],[-70.805,42.1112],[-70.8072,42.1085],[-70.8122,42.1041],[-70.812,42.1025],[-70.8099,42.1007],[-70.8096,42.0992],[-70.8115,42.098],[-70.8132,42.0982],[-70.8163,42.0994],[-70.82,42.0995],[-70.8212,42.1007],[-70.8267,42.1003],[-70.8342,42.0976],[-70.8381,42.0966],[-70.8404,42.0945],[-70.8433,42.0948],[-70.8456,42.0928],[-70.8442,42.0902],[-70.8427,42.0889],[-70.8439,42.0772],[-70.8418,42.0717],[-70.8382,42.0639],[-70.841,42.0604],[-70.839,42.0594],[-70.8367,42.0593],[-70.8458,42.0551],[-70.8454,42.0541],[-70.8468,42.0522],[-70.847,42.0482],[-70.8457,42.0462],[-70.8411,42.0449],[-70.8422,42.0434],[-70.8448,42.0427],[-70.8335,42.0196],[-70.815,42.024],[-70.813,42.0227],[-70.8137,42.0196],[-70.8119,42.0176],[-70.8094,42.0167],[-70.8097,42.0153],[-70.8073,42.0129],[-70.7993,42.0136],[-70.8005,42.0164],[-70.7967,42.0206],[-70.7755,42.0232],[-70.7695,42.0221],[-70.7688,42.0255],[-70.7661,42.0285],[-70.7654,42.0313],[-70.7631,42.0311],[-70.7612,42.0316],[-70.7592,42.0342],[-70.7609,42.0355],[-70.7628,42.0382],[-70.7646,42.0381],[-70.7647,42.0397],[-70.767,42.0423],[-70.7687,42.0451],[-70.7814,42.0468],[-70.7497,42.097],[-70.7623,42.1033],[-70.7595,42.1096],[-70.7659,42.1099],[-70.7665,42.114],[-70.776,42.1129],[-70.7751,42.1153],[-70.7771,42.1167]]]},"properties":{"name":"Pembroke"}},{"type":"Feature","geometry":{"type":"Polygon","coordinates":[[[-70.9765,42.0872],[-70.9751,42.0878],[-70.9759,42.0899],[-70.9752,42.0907],[-70.9755,42.0954],[-70.9751,42.0962],[-70.9772,42.0999],[-70.9767,42.1027],[-70.9779,42.1048],[-70.9774,42.1056],[-70.9781,42.1079],[-70.9807,42.1093],[-70.9808,42.1112],[-70.9788,42.1134],[-70.9791,42.1141],[-70.9986,42.1116],[-71.002,42.1265],[-71.0219,42.1187],[-71.0613,42.1032],[-71.0805,42.0955],[-71.0696,42.0497],[-71.0258,42.0551],[-71.0229,42.0422],[-70.9872,42.0466],[-70.9899,42.0595],[-70.9808,42.0689],[-70.9752,42.0712],[-70.9765,42.0872]]]},"properties":{"name":"Brockton"}},{"type":"Feature","geometry":{"type":"Polygon","coordinates":[[[-71.4414,42.1348],[-71.4427,42.1358],[-71.4614,42.1336],[-71.4785,42.1314],[-71.4903,42.1245],[-71.5014,42.1167],[-71.5012,42.1133],[-71.5004,42.1128],[-71.503,42.1106],[-71.5024,42.1089],[-71.5006,42.1073],[-71.5012,42.1059],[-71.4997,42.1035],[-71.4965,42.1014],[-71.4955,42.1],[-71.4966,42.0971],[-71.4975,42.0964],[-71.4982,42.0914],[-71.4983,42.0649],[-71.4983,42.0173],[-71.4581,42.0179],[-71.4559,42.0349],[-71.4548,42.0441],[-71.4547,42.0522],[-71.455,42.0631],[-71.4559,42.0632],[-71.4553,42.0728],[-71.4537,42.0726],[-71.452,42.0838],[-71.4466,42.1021],[-71.444,42.1173],[-71.4425,42.1316],[-71.4414,42.1348]]]},"properties":{"name":"Bellingham"}},{"type":"Feature","geometry":{"type":"Polygon","coordinates":[[[-71.3802,42.1329],[-71.3828,42.1332],[-71.3833,42.1352],[-71.385,42.1353],[-71.3971,42.1373],[-71.3993,42.1389],[-71.4025,42.1395],[-71.4042,42.1376],[-71.4088,42.1342],[-71.4111,42.1345],[-71.4139,42.1339],[-71.4159,42.1357],[-71.4152,42.1382],[-71.419,42.1365],[-71.4195,42.139],[-71.4233,42.1391],[-71.428,42.1381],[-71.4303,42.139],[-71.4318,42.138],[-71.4356,42.1342],[-71.4385,42.1352],[-71.4414,42.1348],[-71.4425,42.1316],[-71.444,42.1173],[-71.4466,42.1021],[-71.452,42.0838],[-71.4537,42.0726],[-71.4553,42.0728],[-71.4559,42.0632],[-71.455,42.0631],[-71.4547,42.0522],[-71.4548,42.0441],[-71.4559,42.0349],[-71.3882,42.041],[-71.3653,42.0762],[-71.3593,42.0895],[-71.3677,42.1073],[-71.38,42.1266],[-71.3807,42.1291],[-71.3802,42.1329]]]},"properties":{"name":"Franklin"}},{"type":"Feature","geometry":{"type":"Polygon","coordinates":[[[-71.4997,42.1035],[-71.5062,42.1027],[-71.5169,42.0995],[-71.5213,42.0999],[-71.5238,42.1016],[-71.5287,42.1037],[-71.5316,42.1065],[-71.5355,42.1108],[-71.5365,42.1126],[-71.5418,42.1184],[-71.5447,42.1205],[-71.5486,42.122],[-71.5508,42.1235],[-71.5523,42.126],[-71.5539,42.1277],[-71.556,42.1286],[-71.561,42.133],[-71.5693,42.1426],[-71.5716,42.1424],[-71.57,42.1392],[-71.5734,42.1358],[-71.5927,42.1216],[-71.5926,42.1143],[-71.592,42.0637],[-71.5639,42.0641],[-71.4983,42.0649],[-71.4982,42.0914],[-71.4975,42.0964],[-71.4966,42.0971],[-71.4955,42.1],[-71.4965,42.1014],[-71.4997,42.1035]]]},"properties":{"name":"Mendon"}},{"type":"Feature","geometry":{"type":"Polygon","coordinates":[[[-72.8957,42.1239],[-72.9819,42.1367],[-72.9703,42.0786],[-72.979,42.0382],[-72.8733,42.0377],[-72.8723,42.0375],[-72.8637,42.0375],[-72.835,42.0371],[-72.8341,42.0583],[-72.8366,42.0623],[-72.8389,42.0693],[-72.8357,42.0745],[-72.8324,42.0842],[-72.8334,42.0943],[-72.8372,42.1022],[-72.8393,42.1117],[-72.8539,42.115],[-72.8957,42.1239]]]},"properties":{"name":"Granville"}},{"type":"Feature","geometry":{"type":"Polygon","coordinates":[[[-71.2803,42.0885],[-71.2959,42.1166],[-71.2972,42.1205],[-71.3003,42.126],[-71.299,42.1266],[-71.3017,42.1364],[-71.3012,42.1379],[-71.299,42.1389],[-71.2989,42.1403],[-71.3005,42.1428],[-71.2999,42.1438],[-71.3008,42.1481],[-71.3035,42.1487],[-71.3037,42.1495],[-71.3397,42.1494],[-71.3422,42.1483],[-71.3447,42.1462],[-71.3487,42.1405],[-71.3588,42.1345],[-71.3604,42.135],[-71.3624,42.1329],[-71.3639,42.1331],[-71.3665,42.1321],[-71.3665,42.1338],[-71.3699,42.1338],[-71.3709,42.1332],[-71.3756,42.1354],[-71.3781,42.1354],[-71.38,42.1346],[-71.3802,42.1329],[-71.3807,42.1291],[-71.38,42.1266],[-71.3677,42.1073],[-71.3593,42.0895],[-71.3157,42.0901],[-71.295,42.0847],[-71.2851,42.0824],[-71.2845,42.0836],[-71.2803,42.0885]]]},"properties":{"name":"Norfolk"}},{"type":"Feature","geometry":{"type":"Polygon","coordinates":[[[-70.9159,42.1001],[-70.9315,42.1165],[-70.9408,42.1514],[-70.9813,42.1355],[-71.0022,42.1273],[-71.002,42.1265],[-70.9986,42.1116],[-70.9791,42.1141],[-70.9788,42.1134],[-70.9808,42.1112],[-70.9807,42.1093],[-70.9781,42.1079],[-70.9774,42.1056],[-70.9779,42.1048],[-70.9767,42.1027],[-70.9772,42.0999],[-70.9751,42.0962],[-70.9755,42.0954],[-70.9752,42.0907],[-70.9759,42.0899],[-70.9751,42.0878],[-70.9765,42.0872],[-70.9468,42.0945],[-70.9159,42.1001]]]},"properties":{"name":"Abington"}},{"type":"Feature","geometry":{"type":"Polygon","coordinates":[[[-71.0351,42.1356],[-71.0401,42.1372],[-71.0565,42.1538],[-71.0638,42.1405],[-71.065,42.1387],[-71.071,42.1321],[-71.0603,42.107],[-71.0613,42.1032],[-71.0219,42.1187],[-71.027,42.1237],[-71.0276,42.1277],[-71.0272,42.1329],[-71.0351,42.1356]]]},"properties":{"name":"Avon"}},{"type":"Feature","geometry":{"type":"Polygon","coordinates":[[[-71.5014,42.1167],[-71.5039,42.1182],[-71.5053,42.1183],[-71.5073,42.1203],[-71.5071,42.1212],[-71.5098,42.1239],[-71.5192,42.1242],[-71.5287,42.1313],[-71.5382,42.138],[-71.5393,42.1384],[-71.5632,42.1534],[-71.5609,42.1555],[-71.561,42.1583],[-71.5714,42.1518],[-71.5716,42.1424],[-71.5693,42.1426],[-71.561,42.133],[-71.556,42.1286],[-71.5539,42.1277],[-71.5523,42.126],[-71.5508,42.1235],[-71.5486,42.122],[-71.5447,42.1205],[-71.5418,42.1184],[-71.5365,42.1126],[-71.5355,42.1108],[-71.5316,42.1065],[-71.5287,42.1037],[-71.5238,42.1016],[-71.5213,42.0999],[-71.5169,42.0995],[-71.5062,42.1027],[-71.4997,42.1035],[-71.5012,42.1059],[-71.5006,42.1073],[-71.5024,42.1089],[-71.503,42.1106],[-71.5004,42.1128],[-71.5012,42.1133],[-71.5014,42.1167]]]},"properties":{"name":"Hopedale"}},{"type":"Feature","geometry":{"type":"Polygon","coordinates":[[[-73.0349,42.1437],[-73.0709,42.1482],[-73.0703,42.145],[-73.0721,42.1435],[-73.0705,42.1402],[-73.0692,42.139],[-73.0685,42.1355],[-73.0698,42.1334],[-73.0693,42.1309],[-73.0672,42.1274],[-73.0662,42.1242],[-73.0643,42.1228],[-73.0614,42.1194],[-73.0612,42.1181],[-73.0632,42.1159],[-73.0657,42.1148],[-73.071,42.1131],[-73.0731,42.1108],[-73.0718,42.1093],[-73.0729,42.107],[-73.0751,42.1054],[-73.0742,42.1019],[-73.0731,42.0942],[-73.0618,42.0706],[-73.0582,42.0668],[-73.0617,42.0619],[-73.0586,42.0597],[-73.0561,42.0589],[-73.0543,42.0569],[-73.0539,42.055],[-73.0565,42.0474],[-73.0558,42.045],[-73.0533,42.0398],[-73.0368,42.0393],[-72.979,42.0382],[-72.9703,42.0786],[-72.9819,42.1367],[-73.0349,42.1437]]]},"properties":{"name":"Tolland"}},{"type":"Feature","geometry":{"type":"Polygon","coordinates":[[[-70.8038,42.1115],[-70.8041,42.1131],[-70.8059,42.1146],[-70.8088,42.1151],[-70.8101,42.118],[-70.8082,42.1202],[-70.8091,42.1226],[-70.809,42.1244],[-70.8118,42.1267],[-70.8138,42.1269],[-70.816,42.1286],[-70.8165,42.1315],[-70.8182,42.1315],[-70.8212,42.1332],[-70.8226,42.1323],[-70.8268,42.1318],[-70.8324,42.133],[-70.8347,42.1355],[-70.835,42.1397],[-70.8368,42.141],[-70.8375,42.1455],[-70.8387,42.1455],[-70.8403,42.1481],[-70.8403,42.1493],[-70.8426,42.1509],[-70.8428,42.1521],[-70.8472,42.1571],[-70.8472,42.1583],[-70.8843,42.1537],[-70.9001,42.1517],[-70.8895,42.118],[-70.8876,42.088],[-70.8749,42.0897],[-70.8739,42.0883],[-70.87,42.0873],[-70.8677,42.0883],[-70.8657,42.0905],[-70.8622,42.0892],[-70.8555,42.0924],[-70.8552,42.0941],[-70.8537,42.0954],[-70.8505,42.095],[-70.8472,42.0963],[-70.8433,42.0948],[-70.8404,42.0945],[-70.8381,42.0966],[-70.8342,42.0976],[-70.8267,42.1003],[-70.8212,42.1007],[-70.82,42.0995],[-70.8163,42.0994],[-70.8132,42.0982],[-70.8115,42.098],[-70.8096,42.0992],[-70.8099,42.1007],[-70.812,42.1025],[-70.8122,42.1041],[-70.8072,42.1085],[-70.805,42.1112],[-70.8038,42.1115]]]},"properties":{"name":"Hanover"}},{"type":"Feature","geometry":{"type":"Polygon","coordinates":[[[-72.2745,42.1437],[-72.2805,42.1433],[-72.2822,42.1414],[-72.2859,42.1413],[-72.2873,42.1419],[-72.2907,42.1421],[-72.2928,42.1436],[-72.2956,42.1432],[-72.2973,42.1445],[-72.2988,42.1447],[-72.3027,42.1442],[-72.3087,42.1447],[-72.3114,42.1433],[-72.3144,42.1444],[-72.314,42.1458],[-72.3157,42.1479],[-72.3171,42.1479],[-72.3184,42.1464],[-72.321,42.1475],[-72.3217,42.1492],[-72.3247,42.1497],[-72.3255,42.151],[-72.3303,42.152],[-72.3325,42.1563],[-72.335,42.1586],[-72.3387,42.1594],[-72.3415,42.1591],[-72.3422,42.1609],[-72.3465,42.1616],[-72.3488,42.1605],[-72.3504,42.161],[-72.3553,42.1607],[-72.3574,42.1592],[-72.3607,42.1586],[-72.3649,42.1555],[-72.3655,42.1546],[-72.3701,42.1537],[-72.371,42.1541],[-72.3788,42.1527],[-72.3821,42.1524],[-72.389,42.1523],[-72.3794,42.1031],[-72.367,42.0327],[-72.3536,42.0326],[-72.3388,42.0322],[-72.2707,42.0316],[-72.2701,42.0925],[-72.2745,42.1437]]]},"properties":{"name":"Monson"}},{"type":"Feature","geometry":{"type":"Polygon","coordinates":[[[-71.0613,42.1032],[-71.0603,42.107],[-71.071,42.1321],[-71.065,42.1387],[-71.0638,42.1405],[-71.0565,42.1538],[-71.0666,42.1641],[-71.0956,42.1479],[-71.1319,42.1393],[-71.1312,42.143],[-71.1347,42.1437],[-71.1353,42.1419],[-71.1376,42.1425],[-71.1386,42.1419],[-71.1387,42.14],[-71.1399,42.1399],[-71.1408,42.1381],[-71.1445,42.1377],[-71.1492,42.1386],[-71.1502,42.1359],[-71.1488,42.1318],[-71.1485,42.1287],[-71.146,42.1254],[-71.1391,42.1202],[-71.1357,42.1133],[-71.1341,42.1118],[-71.132,42.1075],[-71.1312,42.1016],[-71.133,42.0971],[-71.1364,42.09],[-71.1376,42.0889],[-71.1394,42.0852],[-71.1388,42.0832],[-71.1396,42.0819],[-71.1395,42.0785],[-71.1385,42.0765],[-71.1391,42.075],[-71.1386,42.0728],[-71.0805,42.0955],[-71.0613,42.1032]]]},"properties":{"name":"Stoughton"}},{"type":"Feature","geometry":{"type":"Polygon","coordinates":[[[-71.6422,42.1657],[-71.679,42.1658],[-71.6914,42.1631],[-71.6937,42.1612],[-71.6914,42.1492],[-71.6937,42.1362],[-71.7047,42.1253],[-71.692,42.1203],[-71.7078,42.0999],[-71.6855,42.1073],[-71.68,42.1034],[-71.6509,42.0955],[-71.6035,42.1121],[-71.6015,42.1113],[-71.5959,42.1127],[-71.5926,42.1143],[-71.5927,42.1216],[-71.6006,42.1237],[-71.6023,42.1256],[-71.6058,42.1249],[-71.6422,42.1657]]]},"properties":{"name":"Northbridge"}},{"type":"Feature","geometry":{"type":"Polygon","coordinates":[[[-72.4846,42.1565],[-72.4872,42.1573],[-72.4886,42.1592],[-72.4899,42.1597],[-72.4898,42.1621],[-72.4931,42.1612],[-72.5062,42.1621],[-72.5108,42.1605],[-72.516,42.1608],[-72.5201,42.1613],[-72.5234,42.1608],[-72.5287,42.1583],[-72.5334,42.1574],[-72.5358,42.1575],[-72.538,42.1548],[-72.5403,42.1553],[-72.5414,42.1573],[-72.618,42.1251],[-72.6215,42.1238],[-72.6221,42.1201],[-72.6207,42.1159],[-72.6157,42.11],[-72.6104,42.1063],[-72.6011,42.1025],[-72.5968,42.1003],[-72.5926,42.0974],[-72.5885,42.0932],[-72.5859,42.0904],[-72.5841,42.087],[-72.5828,42.0821],[-72.5827,42.0795],[-72.5836,42.0781],[-72.587,42.0751],[-72.5894,42.0722],[-72.5878,42.0719],[-72.5366,42.0637],[-72.5397,42.0812],[-72.4995,42.0861],[-72.4711,42.0897],[-72.4846,42.1565]]]},"properties":{"name":"Springfield"}},{"type":"Feature","geometry":{"type":"Polygon","coordinates":[[[-71.1786,42.1659],[-71.1803,42.1654],[-71.1865,42.1663],[-71.1879,42.1644],[-71.1877,42.1632],[-71.1887,42.1611],[-71.1869,42.1533],[-71.1945,42.1499],[-71.226,42.1354],[-71.2281,42.1333],[-71.2297,42.133],[-71.232,42.1315],[-71.2334,42.1287],[-71.2333,42.126],[-71.2311,42.1233],[-71.2333,42.1234],[-71.238,42.1216],[-71.2391,42.1203],[-71.2385,42.1177],[-71.2394,42.1159],[-71.238,42.1129],[-71.2389,42.1122],[-71.2388,42.1064],[-71.2389,42.1042],[-71.2059,42.0741],[-71.1963,42.0825],[-71.1785,42.0574],[-71.1687,42.0612],[-71.1386,42.0728],[-71.1391,42.075],[-71.1385,42.0765],[-71.1395,42.0785],[-71.1396,42.0819],[-71.1388,42.0832],[-71.1394,42.0852],[-71.1376,42.0889],[-71.1364,42.09],[-71.133,42.0971],[-71.1312,42.1016],[-71.132,42.1075],[-71.1341,42.1118],[-71.1357,42.1133],[-71.1391,42.1202],[-71.146,42.1254],[-71.1485,42.1287],[-71.1488,42.1318],[-71.1502,42.1359],[-71.1492,42.1386],[-71.1635,42.1415],[-71.1622,42.1453],[-71.172,42.1515],[-71.1764,42.1554],[-71.1758,42.1556],[-71.1786,42.1659]]]},"properties":{"name":"Sharon"}},{"type":"Feature","geometry":{"type":"Polygon","coordinates":[[[-70.6829,42.1253],[-70.6846,42.1272],[-70.6883,42.1305],[-70.6901,42.1334],[-70.6917,42.1335],[-70.6939,42.1361],[-70.694,42.1374],[-70.6957,42.1398],[-70.6974,42.1412],[-70.7016,42.1425],[-70.7036,42.1454],[-70.7036,42.1481],[-70.7048,42.1497],[-70.7069,42.1498],[-70.7086,42.1511],[-70.7118,42.1527],[-70.7128,42.1542],[-70.7126,42.1575],[-70.7169,42.1612],[-70.7202,42.1621],[-70.7224,42.1623],[-70.7256,42.1637],[-70.728,42.1641],[-70.7295,42.1627],[-70.7296,42.1604],[-70.7328,42.1592],[-70.736,42.1605],[-70.7375,42.1615],[-70.7406,42.1604],[-70.7445,42.1608],[-70.7471,42.1619],[-70.7479,42.1638],[-70.7495,42.1647],[-70.7524,42.164],[-70.754,42.1633],[-70.7544,42.1606],[-70.7558,42.1592],[-70.7596,42.1595],[-70.7615,42.1572],[-70.7625,42.1569],[-70.7652,42.1589],[-70.7667,42.1574],[-70.7672,42.1552],[-70.7698,42.1541],[-70.7722,42.1553],[-70.7746,42.1549],[-70.779,42.1566],[-70.7824,42.1562],[-70.7832,42.1501],[-70.7858,42.1492],[-70.7864,42.1467],[-70.7879,42.1451],[-70.7853,42.1431],[-70.7831,42.1421],[-70.783,42.1391],[-70.7805,42.1367],[-70.7814,42.1346],[-70.7799,42.1323],[-70.7818,42.1313],[-70.7812,42.1296],[-70.7795,42.1298],[-70.7788,42.1281],[-70.7795,42.1262],[-70.7781,42.1252],[-70.7796,42.1218],[-70.7774,42.1204],[-70.7779,42.1192],[-70.7771,42.1167],[-70.7751,42.1153],[-70.776,42.1129],[-70.7665,42.114],[-70.7659,42.1099],[-70.7595,42.1096],[-70.7623,42.1033],[-70.7497,42.097],[-70.6984,42.0705],[-70.6986,42.0694],[-70.6973,42.0673],[-70.6959,42.0667],[-70.6828,42.0575],[-70.6513,42.0712],[-70.6485,42.0723],[-70.6484,42.0739],[-70.6472,42.077],[-70.6427,42.0788],[-70.6398,42.0807],[-70.6387,42.082],[-70.6396,42.0852],[-70.6395,42.0873],[-70.642,42.09],[-70.6424,42.0912],[-70.6447,42.0923],[-70.6478,42.095],[-70.6486,42.0962],[-70.6524,42.0982],[-70.6546,42.1003],[-70.659,42.1033],[-70.6625,42.1064],[-70.6664,42.1108],[-70.6706,42.116],[-70.6717,42.1182],[-70.6749,42.1209],[-70.68,42.1263],[-70.6829,42.1253]]]},"properties":{"name":"Marshfield"}},{"type":"Feature","geometry":{"type":"Polygon","coordinates":[[[-71.4781,42.1568],[-71.478,42.1659],[-71.4931,42.1662],[-71.4974,42.1666],[-71.5026,42.1914],[-71.5069,42.1889],[-71.5395,42.1897],[-71.5557,42.1825],[-71.5529,42.1811],[-71.5517,42.1786],[-71.5559,42.1773],[-71.5575,42.1785],[-71.5609,42.179],[-71.562,42.1786],[-71.5617,42.1747],[-71.5624,42.1742],[-71.5623,42.1714],[-71.5598,42.1671],[-71.5628,42.1678],[-71.5645,42.1651],[-71.5635,42.1633],[-71.5634,42.1606],[-71.561,42.1583],[-71.5609,42.1555],[-71.5632,42.1534],[-71.5393,42.1384],[-71.5382,42.138],[-71.5287,42.1313],[-71.5192,42.1242],[-71.5098,42.1239],[-71.5071,42.1212],[-71.5073,42.1203],[-71.5053,42.1183],[-71.5039,42.1182],[-71.5014,42.1167],[-71.4903,42.1245],[-71.4785,42.1314],[-71.4781,42.1568]]]},"properties":{"name":"Milford"}},{"type":"Feature","geometry":{"type":"Polygon","coordinates":[[[-71.9092,42.0913],[-71.9119,42.1013],[-71.8995,42.1041],[-71.9037,42.1251],[-71.917,42.1909],[-71.9394,42.1892],[-72.0199,42.1838],[-72.0186,42.1757],[-72.0294,42.1744],[-72.024,42.1418],[-72.0468,42.1349],[-72.042,42.1117],[-72.0396,42.1123],[-72.0391,42.1091],[-72.0362,42.1095],[-72.0363,42.1082],[-72.0308,42.1098],[-72.0318,42.1144],[-72.0291,42.1151],[-72.0276,42.1074],[-72.0255,42.1079],[-72.0273,42.105],[-72.003,42.0966],[-71.9981,42.0979],[-71.9961,42.0873],[-71.9939,42.0875],[-71.9927,42.0831],[-71.9966,42.0821],[-71.9957,42.0775],[-71.9925,42.0782],[-71.9928,42.0726],[-71.9092,42.0913]]]},"properties":{"name":"Charlton"}},{"type":"Feature","geometry":{"type":"Polygon","coordinates":[[[-72.6273,42.162],[-72.6849,42.1629],[-72.6855,42.1546],[-72.6867,42.1507],[-72.688,42.1494],[-72.6892,42.1463],[-72.6867,42.1439],[-72.6872,42.1424],[-72.6864,42.1359],[-72.6902,42.1287],[-72.6909,42.1257],[-72.6908,42.1229],[-72.6925,42.117],[-72.693,42.1127],[-72.6949,42.1059],[-72.6887,42.1062],[-72.6847,42.1071],[-72.6827,42.1063],[-72.6825,42.1028],[-72.6817,42.1008],[-72.6765,42.1005],[-72.6757,42.0984],[-72.6732,42.0949],[-72.6701,42.0932],[-72.6684,42.0913],[-72.6667,42.087],[-72.6634,42.0844],[-72.6618,42.0846],[-72.6608,42.0868],[-72.6614,42.0895],[-72.6605,42.0925],[-72.658,42.0964],[-72.6547,42.0976],[-72.6514,42.098],[-72.6471,42.0993],[-72.6435,42.0994],[-72.6386,42.0988],[-72.6366,42.0992],[-72.6333,42.1006],[-72.6312,42.1004],[-72.6295,42.0973],[-72.6311,42.0952],[-72.629,42.0911],[-72.6281,42.0904],[-72.6209,42.0877],[-72.6139,42.0875],[-72.6095,42.0886],[-72.6053,42.0877],[-72.6021,42.0863],[-72.6007,42.0863],[-72.5988,42.0932],[-72.5958,42.0939],[-72.594,42.0935],[-72.5918,42.092],[-72.5885,42.0932],[-72.5926,42.0974],[-72.5968,42.1003],[-72.6011,42.1025],[-72.6104,42.1063],[-72.6157,42.11],[-72.6207,42.1159],[-72.6221,42.1201],[-72.6215,42.1238],[-72.6182,42.1289],[-72.6158,42.1334],[-72.615,42.1376],[-72.6166,42.1411],[-72.6183,42.1436],[-72.6202,42.1454],[-72.6245,42.1485],[-72.6271,42.1514],[-72.6279,42.1546],[-72.6278,42.1578],[-72.6273,42.162]]]},"properties":{"name":"West Springfield"}},{"type":"Feature","geometry":{"type":"Polygon","coordinates":[[[-70.9765,42.1683],[-71.0029,42.1684],[-71.0121,42.1685],[-71.022,42.169],[-71.0275,42.1563],[-71.0351,42.1356],[-71.0272,42.1329],[-71.0276,42.1277],[-71.027,42.1237],[-71.0219,42.1187],[-71.002,42.1265],[-71.0022,42.1273],[-70.9813,42.1355],[-70.9765,42.1683]]]},"properties":{"name":"Holbrook"}},{"type":"Feature","geometry":{"type":"Polygon","coordinates":[[[-73.4287,42.1213],[-73.4365,42.1181],[-73.4725,42.1504],[-73.4831,42.1549],[-73.4934,42.1269],[-73.5082,42.0861],[-73.497,42.0496],[-73.4874,42.0495],[-73.4368,42.0505],[-73.4347,42.0545],[-73.4282,42.0818],[-73.42,42.1038],[-73.4287,42.1213]]]},"properties":{"name":"Mount Washington"}},{"type":"Feature","geometry":{"type":"Polygon","coordinates":[[[-70.8843,42.1537],[-70.8903,42.1717],[-70.8935,42.1698],[-70.9249,42.1576],[-70.9408,42.1514],[-70.9315,42.1165],[-70.9159,42.1001],[-70.9024,42.0859],[-70.8876,42.088],[-70.8895,42.118],[-70.9001,42.1517],[-70.8843,42.1537]]]},"properties":{"name":"Rockland"}},{"type":"Feature","geometry":{"type":"Polygon","coordinates":[[[-72.042,42.1117],[-72.0468,42.1349],[-72.024,42.1418],[-72.0294,42.1744],[-72.069,42.1696],[-72.0724,42.1693],[-72.0894,42.1671],[-72.0868,42.1544],[-72.1087,42.1516],[-72.1115,42.1645],[-72.135,42.1618],[-72.1351,42.0907],[-72.1357,42.0302],[-72.0998,42.0288],[-72.0744,42.0585],[-72.0666,42.0718],[-72.064,42.0728],[-72.061,42.0717],[-72.06,42.0726],[-72.0595,42.0749],[-72.0608,42.0774],[-72.0609,42.0789],[-72.0594,42.0808],[-72.0587,42.0828],[-72.0551,42.0831],[-72.0534,42.0825],[-72.0521,42.0884],[-72.0468,42.1034],[-72.0405,42.1042],[-72.042,42.1117]]]},"properties":{"name":"Sturbridge"}},{"type":"Feature","geometry":{"type":"Polygon","coordinates":[[[-73.2971,42.1592],[-73.389,42.1602],[-73.3883,42.1552],[-73.3934,42.1551],[-73.3931,42.1526],[-73.4067,42.1484],[-73.4043,42.132],[-73.4349,42.1324],[-73.4287,42.1213],[-73.42,42.1038],[-73.4282,42.0818],[-73.4347,42.0545],[-73.4368,42.0505],[-73.4329,42.0506],[-73.34,42.0483],[-73.2963,42.047],[-73.3044,42.1067],[-73.2913,42.1207],[-73.2971,42.1592]]]},"properties":{"name":"Sheffield"}},{"type":"Feature","geometry":{"type":"Polygon","coordinates":[[[-71.103,42.2007],[-71.1142,42.2121],[-71.1307,42.2279],[-71.1326,42.2271],[-71.1365,42.2271],[-71.1401,42.2239],[-71.1407,42.2215],[-71.1422,42.2195],[-71.1414,42.2187],[-71.1428,42.2157],[-71.1424,42.2145],[-71.1435,42.2131],[-71.1424,42.2122],[-71.1449,42.2095],[-71.1459,42.2092],[-71.1484,42.2068],[-71.1463,42.2064],[-71.1462,42.2045],[-71.1501,42.2008],[-71.1523,42.1981],[-71.1549,42.1969],[-71.1579,42.1951],[-71.1601,42.19],[-71.1603,42.1885],[-71.1628,42.1867],[-71.1629,42.185],[-71.1654,42.1822],[-71.164,42.1816],[-71.1653,42.18],[-71.1674,42.1797],[-71.1666,42.1781],[-71.1673,42.176],[-71.1662,42.1742],[-71.1673,42.1692],[-71.1697,42.1672],[-71.1745,42.1645],[-71.176,42.1645],[-71.1786,42.1659],[-71.1758,42.1556],[-71.1764,42.1554],[-71.172,42.1515],[-71.1622,42.1453],[-71.1635,42.1415],[-71.1492,42.1386],[-71.1445,42.1377],[-71.1408,42.1381],[-71.1399,42.1399],[-71.1387,42.14],[-71.1386,42.1419],[-71.1376,42.1425],[-71.1353,42.1419],[-71.1347,42.1437],[-71.1312,42.143],[-71.1319,42.1393],[-71.0956,42.1479],[-71.0666,42.1641],[-71.103,42.2007]]]},"properties":{"name":"Canton"}},{"type":"Feature","geometry":{"type":"Polygon","coordinates":[[[-71.5993,42.226],[-71.6211,42.2309],[-71.6444,42.2266],[-71.6373,42.1832],[-71.6492,42.1817],[-71.6413,42.1749],[-71.6463,42.1729],[-71.6422,42.1657],[-71.6058,42.1249],[-71.6023,42.1256],[-71.6006,42.1237],[-71.5927,42.1216],[-71.5734,42.1358],[-71.57,42.1392],[-71.5716,42.1424],[-71.5714,42.1518],[-71.561,42.1583],[-71.5634,42.1606],[-71.5635,42.1633],[-71.5645,42.1651],[-71.5628,42.1678],[-71.5598,42.1671],[-71.5623,42.1714],[-71.5624,42.1742],[-71.5617,42.1747],[-71.562,42.1786],[-71.5609,42.179],[-71.5575,42.1785],[-71.5559,42.1773],[-71.5517,42.1786],[-71.5529,42.1811],[-71.5557,42.1825],[-71.5551,42.1845],[-71.5563,42.1859],[-71.5558,42.1898],[-71.5568,42.1925],[-71.5722,42.1927],[-71.5714,42.1947],[-71.5829,42.1956],[-71.6022,42.2181],[-71.5993,42.226]]]},"properties":{"name":"Upton"}},{"type":"Feature","geometry":{"type":"Polygon","coordinates":[[[-71.7971,42.21],[-71.8038,42.2209],[-71.8068,42.2239],[-71.81,42.2313],[-71.8566,42.2267],[-71.866,42.226],[-71.8762,42.215],[-71.8951,42.1924],[-71.8758,42.1701],[-71.8581,42.1607],[-71.8349,42.1598],[-71.8315,42.1643],[-71.7963,42.2092],[-71.7971,42.21]]]},"properties":{"name":"Auburn"}},{"type":"Feature","geometry":{"type":"Polygon","coordinates":[[[-72.8129,42.1558],[-72.8109,42.1638],[-72.8476,42.2019],[-72.8563,42.2032],[-72.8545,42.2058],[-72.8542,42.2077],[-72.8573,42.2122],[-72.8584,42.2158],[-72.8597,42.2168],[-72.8576,42.2202],[-72.8601,42.2222],[-72.8649,42.2221],[-72.8685,42.2237],[-72.8722,42.2164],[-72.8745,42.2068],[-72.8953,42.1251],[-72.8957,42.1239],[-72.8539,42.115],[-72.8514,42.1244],[-72.8494,42.1249],[-72.8463,42.1265],[-72.8433,42.1262],[-72.8427,42.1271],[-72.8442,42.13],[-72.8441,42.1321],[-72.8403,42.1324],[-72.8392,42.1334],[-72.836,42.1346],[-72.8361,42.1372],[-72.8319,42.1382],[-72.8289,42.137],[-72.8129,42.1558]]]},"properties":{"name":"Russell"}},{"type":"Feature","geometry":{"type":"Polygon","coordinates":[[[-73.4141,42.2127],[-73.4601,42.2175],[-73.4831,42.1549],[-73.4725,42.1504],[-73.4365,42.1181],[-73.4287,42.1213],[-73.4349,42.1324],[-73.4043,42.132],[-73.4067,42.1484],[-73.3931,42.1526],[-73.3934,42.1551],[-73.3883,42.1552],[-73.389,42.1602],[-73.4084,42.1603],[-73.4118,42.1866],[-73.4139,42.1864],[-73.4138,42.1916],[-73.4125,42.192],[-73.4139,42.2026],[-73.4141,42.2127]]]},"properties":{"name":"Egremont"}},{"type":"Feature","geometry":{"type":"Polygon","coordinates":[[[-72.3955,42.1857],[-72.4039,42.2318],[-72.4471,42.2273],[-72.5243,42.2187],[-72.5139,42.1744],[-72.5187,42.1739],[-72.516,42.1608],[-72.5108,42.1605],[-72.5062,42.1621],[-72.4931,42.1612],[-72.4898,42.1621],[-72.4899,42.1597],[-72.4886,42.1592],[-72.4872,42.1573],[-72.4846,42.1565],[-72.4788,42.1535],[-72.4753,42.1539],[-72.4696,42.1527],[-72.4654,42.1527],[-72.4582,42.1548],[-72.4533,42.155],[-72.4493,42.1534],[-72.4466,42.1536],[-72.4407,42.156],[-72.437,42.1565],[-72.4326,42.1555],[-72.4307,42.1555],[-72.4285,42.1566],[-72.4213,42.1572],[-72.4194,42.157],[-72.4177,42.1549],[-72.4142,42.1533],[-72.4122,42.153],[-72.4095,42.1538],[-72.409,42.1548],[-72.4106,42.1611],[-72.4103,42.1626],[-72.412,42.1669],[-72.4111,42.1686],[-72.4111,42.1711],[-72.4103,42.1742],[-72.4123,42.1749],[-72.4102,42.1777],[-72.4052,42.1792],[-72.401,42.1815],[-72.398,42.1825],[-72.3952,42.1848],[-72.3955,42.1857]]]},"properties":{"name":"Ludlow"}},{"type":"Feature","geometry":{"type":"Polygon","coordinates":[[[-71.1307,42.2279],[-71.1427,42.236],[-71.1456,42.2501],[-71.1466,42.2558],[-71.1523,42.2583],[-71.1586,42.2551],[-71.1713,42.2653],[-71.1721,42.2664],[-71.1744,42.2673],[-71.1746,42.2684],[-71.173,42.2701],[-71.1746,42.273],[-71.1744,42.275],[-71.1768,42.2768],[-71.183,42.2759],[-71.1853,42.2795],[-71.1882,42.2805],[-71.1967,42.2692],[-71.2001,42.2676],[-71.2049,42.2671],[-71.2084,42.2678],[-71.2112,42.2673],[-71.2183,42.2685],[-71.2183,42.2664],[-71.2197,42.2636],[-71.2228,42.2628],[-71.2255,42.2641],[-71.2292,42.2641],[-71.2317,42.2593],[-71.2062,42.2434],[-71.1862,42.2287],[-71.1667,42.2236],[-71.1459,42.2092],[-71.1449,42.2095],[-71.1424,42.2122],[-71.1435,42.2131],[-71.1424,42.2145],[-71.1428,42.2157],[-71.1414,42.2187],[-71.1422,42.2195],[-71.1407,42.2215],[-71.1401,42.2239],[-71.1365,42.2271],[-71.1326,42.2271],[-71.1307,42.2279]]]},"properties":{"name":"Dedham"}},{"type":"Feature","geometry":{"type":"Polygon","coordinates":[[[-71.2948,42.2731],[-71.2962,42.2743],[-71.2988,42.2744],[-71.2997,42.2763],[-71.2978,42.2792],[-71.2976,42.2811],[-71.2999,42.2829],[-71.3025,42.2802],[-71.3051,42.2781],[-71.3089,42.2767],[-71.3095,42.2757],[-71.3085,42.2707],[-71.3029,42.2483],[-71.3323,42.2491],[-71.3324,42.2477],[-71.3294,42.2453],[-71.3298,42.2426],[-71.3308,42.2411],[-71.3312,42.2376],[-71.3296,42.2342],[-71.3304,42.2325],[-71.3337,42.2303],[-71.3367,42.2275],[-71.341,42.2245],[-71.3417,42.2219],[-71.3431,42.2202],[-71.3413,42.2184],[-71.3386,42.2169],[-71.3385,42.2152],[-71.2711,42.2156],[-71.2681,42.2096],[-71.2696,42.2005],[-71.2672,42.2011],[-71.2638,42.2033],[-71.2609,42.2041],[-71.2582,42.2041],[-71.2545,42.2029],[-71.2514,42.2026],[-71.2322,42.2569],[-71.2323,42.2584],[-71.2333,42.2584],[-71.2365,42.2598],[-71.2401,42.2592],[-71.2452,42.2593],[-71.2471,42.258],[-71.2488,42.2556],[-71.2506,42.2558],[-71.2527,42.255],[-71.2578,42.2552],[-71.2622,42.2575],[-71.2633,42.2593],[-71.266,42.2599],[-71.2648,42.2553],[-71.2676,42.2554],[-71.2707,42.2576],[-71.2714,42.2593],[-71.2706,42.2609],[-71.2721,42.2621],[-71.2768,42.2613],[-71.2777,42.2604],[-71.2798,42.2602],[-71.284,42.2626],[-71.2848,42.2648],[-71.2865,42.2661],[-71.2875,42.2652],[-71.2898,42.266],[-71.2919,42.2673],[-71.2954,42.2653],[-71.296,42.267],[-71.299,42.2668],[-71.3,42.2682],[-71.2997,42.2696],[-71.2998,42.2705],[-71.2978,42.2722],[-71.2957,42.2725],[-71.2948,42.2731]]]},"properties":{"name":"Dover"}},{"type":"Feature","geometry":{"type":"Polygon","coordinates":[[[-72.6678,42.2255],[-72.6876,42.2232],[-72.6867,42.2258],[-72.6858,42.2329],[-72.6873,42.238],[-72.6845,42.2424],[-72.6826,42.2441],[-72.7014,42.257],[-72.6984,42.2591],[-72.6985,42.2621],[-72.6955,42.2654],[-72.6979,42.2679],[-72.6985,42.2694],[-72.7008,42.2689],[-72.7069,42.2699],[-72.7085,42.2698],[-72.7128,42.276],[-72.7171,42.2766],[-72.7212,42.2763],[-72.725,42.2781],[-72.7363,42.2765],[-72.7358,42.2665],[-72.8144,42.2568],[-72.8134,42.245],[-72.8126,42.235],[-72.7934,42.2369],[-72.792,42.2173],[-72.7821,42.2173],[-72.781,42.1997],[-72.6869,42.1834],[-72.6863,42.1887],[-72.6905,42.2131],[-72.67,42.2165],[-72.6678,42.2255]]]},"properties":{"name":"Southampton"}},{"type":"Feature","geometry":{"type":"Polygon","coordinates":[[[-71.884,42.2813],[-71.8857,42.2846],[-71.9605,42.2814],[-71.9394,42.1892],[-71.917,42.1909],[-71.8951,42.1924],[-71.8762,42.215],[-71.866,42.226],[-71.8566,42.2267],[-71.884,42.2813]]]},"properties":{"name":"Leicester"}},{"type":"Feature","geometry":{"type":"Polygon","coordinates":[[[-71.4193,42.2573],[-71.4608,42.2791],[-71.497,42.2898],[-71.5059,42.2729],[-71.5061,42.2644],[-71.509,42.2645],[-71.5139,42.2676],[-71.5192,42.2676],[-71.5222,42.2665],[-71.5228,42.2552],[-71.486,42.247],[-71.4863,42.2313],[-71.4754,42.2295],[-71.4671,42.2308],[-71.4201,42.2381],[-71.4183,42.2465],[-71.4193,42.2573]]]},"properties":{"name":"Ashland"}},{"type":"Feature","geometry":{"type":"Polygon","coordinates":[[[-71.7235,42.1915],[-71.7334,42.238],[-71.7971,42.21],[-71.7963,42.2092],[-71.8315,42.1643],[-71.826,42.1658],[-71.8255,42.1599],[-71.8345,42.1573],[-71.8341,42.155],[-71.8305,42.1561],[-71.8249,42.1553],[-71.8296,42.1449],[-71.7441,42.1824],[-71.7405,42.1792],[-71.7338,42.1835],[-71.734,42.1867],[-71.7235,42.1915]]]},"properties":{"name":"Millbury"}},{"type":"Feature","geometry":{"type":"Polygon","coordinates":[[[-71.3847,42.192],[-71.3802,42.2018],[-71.3882,42.2043],[-71.3885,42.208],[-71.3917,42.2097],[-71.3939,42.2071],[-71.397,42.2079],[-71.3975,42.2102],[-71.4037,42.2149],[-71.402,42.2154],[-71.4073,42.2182],[-71.41,42.2187],[-71.4101,42.2199],[-71.4087,42.2213],[-71.4091,42.2243],[-71.4101,42.2264],[-71.4123,42.2279],[-71.413,42.2296],[-71.4127,42.231],[-71.4132,42.2342],[-71.4165,42.2367],[-71.4174,42.238],[-71.4201,42.2381],[-71.4671,42.2308],[-71.4639,42.2267],[-71.4603,42.2163],[-71.4823,42.204],[-71.4963,42.1951],[-71.5026,42.1914],[-71.4974,42.1666],[-71.4931,42.1662],[-71.478,42.1659],[-71.4781,42.1568],[-71.4727,42.1569],[-71.464,42.1582],[-71.444,42.1749],[-71.4302,42.1794],[-71.4237,42.1793],[-71.4235,42.1781],[-71.4023,42.1788],[-71.4044,42.1884],[-71.3847,42.192]]]},"properties":{"name":"Holliston"}},{"type":"Feature","geometry":{"type":"Polygon","coordinates":[[[-70.9749,42.2375],[-70.9781,42.2382],[-70.9811,42.2357],[-71.0022,42.2322],[-71.0108,42.2287],[-71.033,42.2279],[-71.0449,42.2154],[-71.0449,42.2065],[-71.0477,42.2063],[-71.0495,42.2067],[-71.0473,42.1946],[-71.0296,42.1915],[-71.0191,42.1869],[-71.0195,42.1831],[-71.0202,42.181],[-71.0195,42.1788],[-71.0206,42.1776],[-71.0208,42.1751],[-71.0224,42.1705],[-71.022,42.169],[-71.0121,42.1685],[-71.0029,42.1684],[-70.9765,42.1683],[-70.9687,42.2199],[-70.9681,42.2217],[-70.9664,42.2243],[-70.9619,42.2268],[-70.9617,42.2294],[-70.9624,42.2314],[-70.9613,42.232],[-70.9617,42.2345],[-70.9651,42.2346],[-70.9663,42.2356],[-70.9704,42.2359],[-70.9709,42.2368],[-70.9749,42.2375]]]},"properties":{"name":"Braintree"}},{"type":"Feature","geometry":{"type":"Polygon","coordinates":[[[-72.0728,42.2321],[-72.0754,42.232],[-72.0786,42.2311],[-72.0992,42.2308],[-72.1113,42.2386],[-72.1128,42.2332],[-72.1188,42.2309],[-72.1199,42.2139],[-72.124,42.2159],[-72.1298,42.2212],[-72.1423,42.1975],[-72.1397,42.1795],[-72.1472,42.1815],[-72.1419,42.161],[-72.135,42.1618],[-72.1115,42.1645],[-72.1087,42.1516],[-72.0868,42.1544],[-72.0894,42.1671],[-72.0724,42.1693],[-72.0719,42.1728],[-72.074,42.1753],[-72.074,42.1778],[-72.0727,42.1805],[-72.07,42.1825],[-72.07,42.1856],[-72.0605,42.203],[-72.0789,42.2146],[-72.077,42.2169],[-72.0768,42.219],[-72.0742,42.2204],[-72.0728,42.2237],[-72.0743,42.2271],[-72.0741,42.2295],[-72.0728,42.2321]]]},"properties":{"name":"Brookfield"}},{"type":"Feature","geometry":{"type":"Polygon","coordinates":[[[-72.0199,42.1838],[-72.0304,42.2452],[-72.0386,42.2445],[-72.0455,42.23],[-72.0684,42.2313],[-72.0728,42.2321],[-72.0741,42.2295],[-72.0743,42.2271],[-72.0728,42.2237],[-72.0742,42.2204],[-72.0768,42.219],[-72.077,42.2169],[-72.0789,42.2146],[-72.0605,42.203],[-72.07,42.1856],[-72.07,42.1825],[-72.0727,42.1805],[-72.074,42.1778],[-72.074,42.1753],[-72.0719,42.1728],[-72.0724,42.1693],[-72.069,42.1696],[-72.0294,42.1744],[-72.0186,42.1757],[-72.0199,42.1838]]]},"properties":{"name":"East Brookfield"}},{"type":"Feature","geometry":{"type":"Polygon","coordinates":[[[-72.2639,42.1838],[-72.2637,42.1883],[-72.2631,42.1901],[-72.2633,42.1926],[-72.2644,42.1935],[-72.2647,42.1967],[-72.2641,42.1995],[-72.2628,42.2025],[-72.2602,42.2059],[-72.2575,42.2078],[-72.2496,42.216],[-72.2212,42.2452],[-72.247,42.2421],[-72.2576,42.2299],[-72.2682,42.2293],[-72.2705,42.2369],[-72.2738,42.2358],[-72.2777,42.2331],[-72.2813,42.235],[-72.336,42.2202],[-72.3378,42.2192],[-72.3427,42.219],[-72.3461,42.2162],[-72.3455,42.2132],[-72.347,42.2102],[-72.3493,42.2102],[-72.3504,42.2085],[-72.3523,42.207],[-72.3537,42.207],[-72.355,42.2089],[-72.3573,42.209],[-72.3594,42.2061],[-72.3609,42.2053],[-72.365,42.2067],[-72.3646,42.2031],[-72.3635,42.202],[-72.3626,42.1996],[-72.3635,42.197],[-72.361,42.1973],[-72.3599,42.1963],[-72.3596,42.1942],[-72.3617,42.1935],[-72.3602,42.1901],[-72.3584,42.1898],[-72.3955,42.1857],[-72.3952,42.1848],[-72.389,42.1523],[-72.3821,42.1524],[-72.3788,42.1527],[-72.371,42.1541],[-72.3701,42.1537],[-72.3655,42.1546],[-72.3649,42.1555],[-72.3607,42.1586],[-72.3574,42.1592],[-72.3553,42.1607],[-72.3504,42.161],[-72.3488,42.1605],[-72.3465,42.1616],[-72.3422,42.1609],[-72.3415,42.1591],[-72.3387,42.1594],[-72.335,42.1586],[-72.3325,42.1563],[-72.3303,42.152],[-72.3255,42.151],[-72.3247,42.1497],[-72.3217,42.1492],[-72.321,42.1475],[-72.3184,42.1464],[-72.3171,42.1479],[-72.3157,42.1479],[-72.314,42.1458],[-72.3144,42.1444],[-72.3114,42.1433],[-72.3087,42.1447],[-72.3027,42.1442],[-72.2988,42.1447],[-72.2973,42.1445],[-72.2956,42.1432],[-72.2928,42.1436],[-72.2907,42.1421],[-72.2873,42.1419],[-72.2859,42.1413],[-72.2822,42.1414],[-72.2805,42.1433],[-72.2745,42.1437],[-72.2731,42.1429],[-72.2706,42.1436],[-72.269,42.1459],[-72.2693,42.1476],[-72.268,42.1487],[-72.2668,42.1535],[-72.2653,42.1546],[-72.2684,42.1583],[-72.2667,42.1607],[-72.2682,42.1627],[-72.2671,42.166],[-72.2647,42.1671],[-72.2621,42.1698],[-72.2616,42.1717],[-72.2635,42.1733],[-72.2639,42.1747],[-72.2617,42.1769],[-72.2632,42.1788],[-72.264,42.1807],[-72.2632,42.1821],[-72.2639,42.1838]]]},"properties":{"name":"Palmer"}},{"type":"Feature","geometry":{"type":"Polygon","coordinates":[[[-71.6444,42.2266],[-71.6484,42.2452],[-71.6502,42.2478],[-71.6709,42.2447],[-71.6742,42.2486],[-71.6745,42.2524],[-71.7046,42.2484],[-71.711,42.2451],[-71.718,42.2451],[-71.7312,42.2413],[-71.7334,42.238],[-71.7235,42.1915],[-71.7186,42.173],[-71.6952,42.1758],[-71.6914,42.1631],[-71.679,42.1658],[-71.6422,42.1657],[-71.6463,42.1729],[-71.6413,42.1749],[-71.6492,42.1817],[-71.6373,42.1832],[-71.6444,42.2266]]]},"properties":{"name":"Grafton"}},{"type":"Feature","geometry":{"type":"Polygon","coordinates":[[[-72.781,42.1997],[-72.7821,42.2173],[-72.792,42.2173],[-72.7934,42.2369],[-72.8126,42.235],[-72.8134,42.245],[-72.8576,42.2405],[-72.8643,42.2323],[-72.8685,42.2237],[-72.8649,42.2221],[-72.8601,42.2222],[-72.8576,42.2202],[-72.8597,42.2168],[-72.8584,42.2158],[-72.8573,42.2122],[-72.8542,42.2077],[-72.8545,42.2058],[-72.8563,42.2032],[-72.8476,42.2019],[-72.8109,42.1638],[-72.8129,42.1558],[-72.8075,42.1573],[-72.8025,42.1629],[-72.7979,42.1659],[-72.7858,42.2005],[-72.781,42.1997]]]},"properties":{"name":"Montgomery"}},{"type":"Feature","geometry":{"type":"Polygon","coordinates":[[[-72.1472,42.1815],[-72.1539,42.2072],[-72.1701,42.2326],[-72.1716,42.2346],[-72.173,42.2349],[-72.1745,42.2367],[-72.1768,42.2369],[-72.1782,42.2396],[-72.1796,42.2463],[-72.1811,42.2461],[-72.1822,42.248],[-72.1825,42.2514],[-72.2111,42.2513],[-72.2105,42.2472],[-72.2146,42.2476],[-72.2148,42.249],[-72.2181,42.2486],[-72.2212,42.2452],[-72.2496,42.216],[-72.2575,42.2078],[-72.2602,42.2059],[-72.2628,42.2025],[-72.2641,42.1995],[-72.2647,42.1967],[-72.2644,42.1935],[-72.2633,42.1926],[-72.2631,42.1901],[-72.2637,42.1883],[-72.2639,42.1838],[-72.2006,42.1613],[-72.1993,42.1537],[-72.1419,42.161],[-72.1472,42.1815]]]},"properties":{"name":"Warren"}},{"type":"Feature","geometry":{"type":"Polygon","coordinates":[[[-73.1621,42.197],[-73.1968,42.2137],[-73.2568,42.2417],[-73.2901,42.2009],[-73.2907,42.184],[-73.2891,42.1723],[-73.2828,42.1695],[-73.2751,42.1681],[-73.2732,42.1663],[-73.2715,42.1657],[-73.2471,42.1686],[-73.2245,42.1482],[-73.1863,42.1536],[-73.1867,42.1558],[-73.1662,42.1573],[-73.1668,42.1629],[-73.162,42.1787],[-73.1621,42.197]]]},"properties":{"name":"Monterey"}},{"type":"Feature","geometry":{"type":"MultiPolygon","coordinates":[[[[-70.6977,42.1436],[-70.6973,42.1456],[-70.6987,42.1474],[-70.7002,42.146],[-70.7,42.1448],[-70.6977,42.1436]]],[[[-70.7073,42.1556],[-70.7088,42.1553],[-70.7093,42.1536],[-70.7054,42.1531],[-70.7073,42.1556]]],[[[-70.68,42.1263],[-70.684,42.1312],[-70.6888,42.1379],[-70.6935,42.1452],[-70.701,42.1551],[-70.7042,42.1598],[-70.7053,42.162],[-70.7074,42.1623],[-70.7075,42.161],[-70.7119,42.1581],[-70.7112,42.157],[-70.7081,42.1577],[-70.7034,42.1553],[-70.7008,42.1531],[-70.6986,42.15],[-70.6987,42.1492],[-70.6966,42.1457],[-70.6962,42.1422],[-70.6937,42.1397],[-70.6924,42.1376],[-70.6924,42.136],[-70.6873,42.133],[-70.6879,42.1316],[-70.685,42.129],[-70.683,42.1262],[-70.6829,42.1253],[-70.68,42.1263]]],[[[-70.7527,42.1642],[-70.7501,42.1654],[-70.7484,42.1654],[-70.7469,42.1642],[-70.7456,42.162],[-70.7419,42.1614],[-70.7399,42.1631],[-70.7378,42.1639],[-70.7354,42.1635],[-70.734,42.1618],[-70.7316,42.1647],[-70.7291,42.1667],[-70.7234,42.1673],[-70.7191,42.1667],[-70.7183,42.1658],[-70.7199,42.1647],[-70.7162,42.1619],[-70.7153,42.1622],[-70.7146,42.1667],[-70.7126,42.1673],[-70.7151,42.173],[-70.7142,42.1739],[-70.7158,42.1799],[-70.7191,42.1847],[-70.7192,42.1872],[-70.718,42.1894],[-70.7165,42.1892],[-70.7152,42.1906],[-70.7162,42.194],[-70.7159,42.1968],[-70.7137,42.1981],[-70.7144,42.2001],[-70.7163,42.201],[-70.7204,42.1985],[-70.7231,42.1981],[-70.7208,42.1958],[-70.7184,42.1964],[-70.718,42.1951],[-70.7209,42.1931],[-70.7235,42.1937],[-70.7235,42.1969],[-70.7246,42.1971],[-70.7267,42.1998],[-70.7259,42.2014],[-70.7229,42.2032],[-70.7238,42.2051],[-70.7219,42.2071],[-70.7196,42.2069],[-70.7163,42.2044],[-70.7155,42.2062],[-70.7175,42.2087],[-70.719,42.2092],[-70.7204,42.2079],[-70.7218,42.2079],[-70.7265,42.2101],[-70.7312,42.2115],[-70.7332,42.2126],[-70.7364,42.2151],[-70.7384,42.2179],[-70.741,42.2194],[-70.7468,42.2204],[-70.7511,42.2248],[-70.7535,42.2266],[-70.7566,42.2299],[-70.7597,42.2354],[-70.7606,42.2404],[-70.7654,42.2439],[-70.7649,42.247],[-70.7637,42.2491],[-70.7638,42.2509],[-70.767,42.2506],[-70.7683,42.2512],[-70.7671,42.2535],[-70.7686,42.2541],[-70.7717,42.2522],[-70.7715,42.2505],[-70.7725,42.247],[-70.7754,42.2467],[-70.7732,42.2435],[-70.7741,42.2421],[-70.7758,42.2437],[-70.7776,42.2426],[-70.7818,42.2423],[-70.7853,42.2427],[-70.7883,42.2402],[-70.7866,42.2399],[-70.7829,42.2407],[-70.7836,42.2374],[-70.782,42.2364],[-70.7845,42.2347],[-70.7865,42.2341],[-70.788,42.2322],[-70.7878,42.2296],[-70.7858,42.2296],[-70.785,42.2254],[-70.7886,42.2254],[-70.7883,42.2233],[-70.827,42.2008],[-70.8389,42.1948],[-70.8135,42.1954],[-70.7779,42.1839],[-70.7527,42.1642]]]]},"properties":{"name":"Scituate"}},{"type":"Feature","geometry":{"type":"Polygon","coordinates":[[[-71.1459,42.2092],[-71.1667,42.2236],[-71.1862,42.2287],[-71.2062,42.2434],[-71.2317,42.2593],[-71.2323,42.2584],[-71.2322,42.2569],[-71.2514,42.2026],[-71.2486,42.1993],[-71.2463,42.1974],[-71.2446,42.197],[-71.242,42.1926],[-71.2424,42.1913],[-71.2414,42.1877],[-71.2403,42.1872],[-71.2407,42.1846],[-71.2383,42.1828],[-71.2108,42.2088],[-71.1982,42.2134],[-71.1963,42.2139],[-71.1892,42.2135],[-71.1852,42.2128],[-71.1787,42.2123],[-71.1632,42.2021],[-71.1623,42.2013],[-71.1549,42.1969],[-71.1523,42.1981],[-71.1501,42.2008],[-71.1462,42.2045],[-71.1463,42.2064],[-71.1484,42.2068],[-71.1459,42.2092]]]},"properties":{"name":"Westwood"}},{"type":"Feature","geometry":{"type":"Polygon","coordinates":[[[-73.0018,42.251],[-73.0043,42.2513],[-73.0079,42.2384],[-73.0349,42.1437],[-72.9819,42.1367],[-72.8957,42.1239],[-72.8953,42.1251],[-72.8745,42.2068],[-72.8722,42.2164],[-72.9123,42.2391],[-73.0018,42.251]]]},"properties":{"name":"Blandford"}},{"type":"Feature","geometry":{"type":"Polygon","coordinates":[[[-73.0079,42.2384],[-73.0363,42.2362],[-73.0368,42.2402],[-73.0909,42.2342],[-73.0926,42.2455],[-73.1207,42.2432],[-73.1205,42.2441],[-73.1229,42.2481],[-73.1226,42.2496],[-73.1207,42.2512],[-73.1212,42.2526],[-73.1616,42.2476],[-73.1621,42.197],[-73.162,42.1787],[-73.087,42.187],[-73.0801,42.1391],[-73.0779,42.1388],[-73.0742,42.1398],[-73.0705,42.1402],[-73.0721,42.1435],[-73.0703,42.145],[-73.0709,42.1482],[-73.0349,42.1437],[-73.0079,42.2384]]]},"properties":{"name":"Otis"}},{"type":"Feature","geometry":{"type":"MultiPolygon","coordinates":[[[[-70.9159,42.2258],[-70.9182,42.2255],[-70.9204,42.2258],[-70.9215,42.2247],[-70.9243,42.2254],[-70.9245,42.2275],[-70.9237,42.2288],[-70.9263,42.2295],[-70.9275,42.2316],[-70.9265,42.2347],[-70.9288,42.2372],[-70.9296,42.2394],[-70.9307,42.2399],[-70.9298,42.242],[-70.9326,42.2451],[-70.9323,42.2473],[-70.9369,42.2491],[-70.9368,42.2517],[-70.9329,42.2543],[-70.9292,42.2553],[-70.9258,42.2554],[-70.9251,42.2543],[-70.9229,42.2545],[-70.92,42.2558],[-70.9202,42.2577],[-70.9221,42.259],[-70.9223,42.2622],[-70.9239,42.2621],[-70.9249,42.2605],[-70.9276,42.26],[-70.9256,42.2575],[-70.9315,42.2575],[-70.9353,42.2572],[-70.9379,42.2579],[-70.9372,42.2544],[-70.9397,42.253],[-70.9424,42.2527],[-70.9471,42.2502],[-70.9492,42.2501],[-70.9506,42.2488],[-70.9553,42.2476],[-70.9577,42.2477],[-70.9591,42.2462],[-70.9576,42.2446],[-70.961,42.2433],[-70.9619,42.2438],[-70.9616,42.2458],[-70.9635,42.246],[-70.9662,42.245],[-70.9668,42.2401],[-70.9662,42.2393],[-70.9614,42.2402],[-70.9595,42.2396],[-70.9567,42.2397],[-70.9506,42.2375],[-70.9513,42.2334],[-70.9527,42.2323],[-70.9545,42.2347],[-70.9589,42.2329],[-70.9594,42.2304],[-70.9606,42.2283],[-70.9604,42.2265],[-70.9627,42.2245],[-70.9644,42.2245],[-70.9669,42.2234],[-70.9681,42.2217],[-70.9687,42.2199],[-70.9765,42.1683],[-70.9813,42.1355],[-70.9408,42.1514],[-70.9249,42.1576],[-70.9147,42.2252],[-70.9159,42.2258]]],[[[-70.9124,42.2695],[-70.9141,42.2686],[-70.9133,42.2675],[-70.9109,42.2667],[-70.9101,42.2687],[-70.9124,42.2695]]],[[[-70.9161,42.2702],[-70.9176,42.2724],[-70.9216,42.2706],[-70.9257,42.2695],[-70.9255,42.2677],[-70.9212,42.2673],[-70.9182,42.2687],[-70.9166,42.2689],[-70.9161,42.2702]]]]},"properties":{"name":"Weymouth"}},{"type":"Feature","geometry":{"type":"MultiPolygon","coordinates":[[[[-70.782,42.2364],[-70.784,42.2373],[-70.7858,42.2392],[-70.7896,42.239],[-70.7894,42.2359],[-70.7881,42.2361],[-70.7865,42.2341],[-70.7845,42.2347],[-70.782,42.2364]]],[[[-70.8256,42.2646],[-70.8271,42.2644],[-70.8353,42.2649],[-70.8388,42.2633],[-70.8403,42.2613],[-70.8426,42.2605],[-70.8446,42.2605],[-70.8447,42.2603],[-70.8473,42.2541],[-70.849,42.2519],[-70.8482,42.2503],[-70.8484,42.2482],[-70.8493,42.2473],[-70.8412,42.2445],[-70.8412,42.2433],[-70.8534,42.2396],[-70.8408,42.2131],[-70.827,42.2008],[-70.7883,42.2233],[-70.7893,42.2247],[-70.7887,42.226],[-70.7864,42.2258],[-70.7867,42.2288],[-70.7887,42.2284],[-70.7894,42.2294],[-70.7898,42.2326],[-70.7878,42.2333],[-70.7911,42.2363],[-70.7898,42.2381],[-70.7909,42.2388],[-70.7916,42.2411],[-70.7871,42.2441],[-70.7871,42.2467],[-70.7844,42.2481],[-70.786,42.2501],[-70.7891,42.2506],[-70.7901,42.2517],[-70.7893,42.2533],[-70.7918,42.2544],[-70.7935,42.2534],[-70.796,42.2563],[-70.799,42.2562],[-70.8017,42.2577],[-70.802,42.2591],[-70.8063,42.2589],[-70.8082,42.2607],[-70.8102,42.2609],[-70.8122,42.2628],[-70.8169,42.2634],[-70.8188,42.264],[-70.8248,42.2639],[-70.8256,42.2646]]]]},"properties":{"name":"Cohasset"}},{"type":"Feature","geometry":{"type":"Polygon","coordinates":[[[-71.3324,42.2477],[-71.3425,42.2505],[-71.3418,42.2535],[-71.3449,42.2538],[-71.3518,42.2558],[-71.3561,42.2592],[-71.3571,42.2619],[-71.3569,42.2635],[-71.3768,42.2695],[-71.3904,42.2719],[-71.3978,42.2615],[-71.4193,42.2573],[-71.4183,42.2465],[-71.4201,42.2381],[-71.4174,42.238],[-71.4165,42.2367],[-71.4132,42.2342],[-71.4127,42.231],[-71.413,42.2296],[-71.4123,42.2279],[-71.4101,42.2264],[-71.4091,42.2243],[-71.4087,42.2213],[-71.4101,42.2199],[-71.41,42.2187],[-71.4073,42.2182],[-71.402,42.2154],[-71.4037,42.2149],[-71.3975,42.2102],[-71.397,42.2079],[-71.3939,42.2071],[-71.3917,42.2097],[-71.3885,42.208],[-71.3882,42.2043],[-71.3802,42.2018],[-71.3847,42.192],[-71.3784,42.1935],[-71.362,42.1958],[-71.3441,42.2007],[-71.3468,42.2036],[-71.3507,42.2058],[-71.352,42.207],[-71.3515,42.2115],[-71.3503,42.2137],[-71.3468,42.2156],[-71.3397,42.2139],[-71.3385,42.2152],[-71.3386,42.2169],[-71.3413,42.2184],[-71.3431,42.2202],[-71.3417,42.2219],[-71.341,42.2245],[-71.3367,42.2275],[-71.3337,42.2303],[-71.3304,42.2325],[-71.3296,42.2342],[-71.3312,42.2376],[-71.3308,42.2411],[-71.3298,42.2426],[-71.3294,42.2453],[-71.3324,42.2477]]]},"properties":{"name":"Sherborn"}},{"type":"Feature","geometry":{"type":"Polygon","coordinates":[[[-71.5501,42.266],[-71.5525,42.2675],[-71.5566,42.2681],[-71.5583,42.2674],[-71.5622,42.2677],[-71.5868,42.2595],[-71.5993,42.226],[-71.6022,42.2181],[-71.5829,42.1956],[-71.5714,42.1947],[-71.5722,42.1927],[-71.5568,42.1925],[-71.5558,42.1898],[-71.5563,42.1859],[-71.5551,42.1845],[-71.5557,42.1825],[-71.5395,42.1897],[-71.5069,42.1889],[-71.5026,42.1914],[-71.4963,42.1951],[-71.4823,42.204],[-71.4603,42.2163],[-71.4639,42.2267],[-71.4671,42.2308],[-71.4754,42.2295],[-71.4863,42.2313],[-71.486,42.247],[-71.5228,42.2552],[-71.5222,42.2665],[-71.5249,42.2659],[-71.528,42.2665],[-71.5323,42.2661],[-71.5339,42.2653],[-71.538,42.2646],[-71.5396,42.2628],[-71.5417,42.264],[-71.5437,42.2639],[-71.5495,42.2661],[-71.5501,42.266]]]},"properties":{"name":"Hopkinton"}},{"type":"Feature","geometry":{"type":"Polygon","coordinates":[[[-73.2892,42.2575],[-73.3645,42.2585],[-73.3659,42.2591],[-73.3659,42.2585],[-73.4024,42.2585],[-73.3962,42.225],[-73.4144,42.2252],[-73.4141,42.2127],[-73.4139,42.2026],[-73.4125,42.192],[-73.4138,42.1916],[-73.4139,42.1864],[-73.4118,42.1866],[-73.4084,42.1603],[-73.389,42.1602],[-73.2971,42.1592],[-73.2872,42.1592],[-73.2891,42.1723],[-73.2907,42.184],[-73.2901,42.2009],[-73.2568,42.2417],[-73.244,42.2571],[-73.2892,42.2575]]]},"properties":{"name":"Great Barrington"}},{"type":"Feature","geometry":{"type":"Polygon","coordinates":[[[-70.8447,42.2603],[-70.8472,42.2595],[-70.8484,42.2584],[-70.8517,42.259],[-70.8532,42.2588],[-70.8559,42.2571],[-70.8573,42.2581],[-70.8601,42.2579],[-70.8626,42.2587],[-70.8663,42.2583],[-70.8685,42.2603],[-70.8689,42.2634],[-70.8679,42.2654],[-70.8697,42.2675],[-70.8735,42.2648],[-70.8776,42.2668],[-70.8766,42.2688],[-70.8777,42.2706],[-70.8769,42.2724],[-70.8792,42.274],[-70.8828,42.2734],[-70.8843,42.2703],[-70.8821,42.2685],[-70.8794,42.2678],[-70.8802,42.2656],[-70.8789,42.2624],[-70.8795,42.2603],[-70.8786,42.259],[-70.8751,42.2571],[-70.8769,42.2534],[-70.8754,42.2523],[-70.8775,42.251],[-70.8785,42.2483],[-70.8809,42.2467],[-70.8839,42.2455],[-70.887,42.247],[-70.8878,42.2483],[-70.8902,42.2495],[-70.8917,42.251],[-70.892,42.2531],[-70.8967,42.2558],[-70.8959,42.2566],[-70.8964,42.2585],[-70.8938,42.2606],[-70.8931,42.2624],[-70.8956,42.2628],[-70.8991,42.2615],[-70.9032,42.2623],[-70.9071,42.2626],[-70.909,42.2613],[-70.9136,42.2621],[-70.9151,42.2577],[-70.9132,42.2574],[-70.9143,42.2544],[-70.9151,42.2539],[-70.9188,42.2539],[-70.92,42.2531],[-70.924,42.2523],[-70.9247,42.2507],[-70.927,42.2502],[-70.9287,42.2522],[-70.9311,42.2519],[-70.9316,42.251],[-70.9295,42.2484],[-70.9307,42.2474],[-70.931,42.2451],[-70.9297,42.243],[-70.926,42.2432],[-70.9263,42.241],[-70.926,42.2382],[-70.9224,42.2377],[-70.9207,42.239],[-70.9196,42.2383],[-70.9219,42.2346],[-70.9223,42.233],[-70.9215,42.23],[-70.9223,42.2285],[-70.9237,42.2279],[-70.9236,42.2264],[-70.9223,42.2257],[-70.9186,42.2262],[-70.9159,42.2258],[-70.9147,42.2252],[-70.9249,42.1576],[-70.8935,42.1698],[-70.8903,42.1717],[-70.8876,42.1734],[-70.8705,42.1824],[-70.8522,42.1905],[-70.8389,42.1948],[-70.827,42.2008],[-70.8408,42.2131],[-70.8534,42.2396],[-70.8412,42.2433],[-70.8412,42.2445],[-70.8493,42.2473],[-70.8484,42.2482],[-70.8482,42.2503],[-70.849,42.2519],[-70.8473,42.2541],[-70.8447,42.2603]]]},"properties":{"name":"Hingham"}},{"type":"Feature","geometry":{"type":"Polygon","coordinates":[[[-71.0428,42.2771],[-71.0458,42.2764],[-71.0498,42.2781],[-71.0533,42.2775],[-71.0552,42.2763],[-71.0556,42.2751],[-71.0537,42.2731],[-71.0537,42.2718],[-71.061,42.2675],[-71.0635,42.2676],[-71.0647,42.2686],[-71.0651,42.2707],[-71.0677,42.2715],[-71.0694,42.2706],[-71.0732,42.2703],[-71.0771,42.2704],[-71.0789,42.2696],[-71.0834,42.2687],[-71.0891,42.2698],[-71.0902,42.269],[-71.0901,42.2667],[-71.0941,42.2671],[-71.0977,42.2629],[-71.0989,42.2626],[-71.1028,42.2598],[-71.105,42.2608],[-71.1087,42.2613],[-71.1117,42.2606],[-71.1133,42.259],[-71.1095,42.2554],[-71.1093,42.248],[-71.1264,42.2392],[-71.1257,42.2379],[-71.1225,42.2352],[-71.1241,42.2343],[-71.1255,42.2319],[-71.1275,42.2311],[-71.1307,42.2279],[-71.1142,42.2121],[-71.103,42.2007],[-71.1008,42.2015],[-71.0993,42.2012],[-71.0964,42.2022],[-71.0928,42.2025],[-71.0887,42.2022],[-71.0869,42.2042],[-71.0827,42.2043],[-71.0932,42.2139],[-71.053,42.2292],[-71.0611,42.2424],[-71.0322,42.2583],[-71.0314,42.2592],[-71.0417,42.2664],[-71.0416,42.2684],[-71.0428,42.2767],[-71.0428,42.2771]]]},"properties":{"name":"Milton"}},{"type":"Feature","geometry":{"type":"Polygon","coordinates":[[[-71.8315,42.1643],[-71.8349,42.1598],[-71.8581,42.1607],[-71.8758,42.1701],[-71.8951,42.1924],[-71.917,42.1909],[-71.9037,42.1251],[-71.8995,42.1041],[-71.9119,42.1013],[-71.9092,42.0913],[-71.8951,42.0942],[-71.8911,42.0727],[-71.8815,42.0759],[-71.8301,42.0928],[-71.8113,42.0989],[-71.8092,42.0954],[-71.7972,42.0992],[-71.818,42.1333],[-71.8295,42.1294],[-71.8319,42.1438],[-71.8296,42.1449],[-71.8249,42.1553],[-71.8305,42.1561],[-71.8341,42.155],[-71.8345,42.1573],[-71.8255,42.1599],[-71.826,42.1658],[-71.8315,42.1643]]]},"properties":{"name":"Oxford"}},{"type":"Feature","geometry":{"type":"Polygon","coordinates":[[[-70.7527,42.1642],[-70.7779,42.1839],[-70.8135,42.1954],[-70.8389,42.1948],[-70.8522,42.1905],[-70.8705,42.1824],[-70.8876,42.1734],[-70.8903,42.1717],[-70.8843,42.1537],[-70.8472,42.1583],[-70.8472,42.1571],[-70.8428,42.1521],[-70.8426,42.1509],[-70.8403,42.1493],[-70.8403,42.1481],[-70.8387,42.1455],[-70.8375,42.1455],[-70.8368,42.141],[-70.835,42.1397],[-70.8347,42.1355],[-70.8324,42.133],[-70.8268,42.1318],[-70.8226,42.1323],[-70.8212,42.1332],[-70.8182,42.1315],[-70.8165,42.1315],[-70.816,42.1286],[-70.8138,42.1269],[-70.8118,42.1267],[-70.809,42.1244],[-70.8091,42.1226],[-70.8082,42.1202],[-70.8101,42.118],[-70.8088,42.1151],[-70.8059,42.1146],[-70.8041,42.1131],[-70.8038,42.1115],[-70.8006,42.1097],[-70.7999,42.1121],[-70.7984,42.1124],[-70.7951,42.1094],[-70.7937,42.1068],[-70.7927,42.1062],[-70.7897,42.1064],[-70.7922,42.1085],[-70.7917,42.1092],[-70.7878,42.1117],[-70.7835,42.1118],[-70.7821,42.1142],[-70.7828,42.1165],[-70.7814,42.1168],[-70.7788,42.1156],[-70.7771,42.1167],[-70.7779,42.1192],[-70.7774,42.1204],[-70.7796,42.1218],[-70.7781,42.1252],[-70.7795,42.1262],[-70.7788,42.1281],[-70.7795,42.1298],[-70.7812,42.1296],[-70.7818,42.1313],[-70.7799,42.1323],[-70.7814,42.1346],[-70.7805,42.1367],[-70.783,42.1391],[-70.7831,42.1421],[-70.7853,42.1431],[-70.7879,42.1451],[-70.7864,42.1467],[-70.7858,42.1492],[-70.7832,42.1501],[-70.7824,42.1562],[-70.779,42.1566],[-70.7746,42.1549],[-70.7722,42.1553],[-70.7698,42.1541],[-70.7672,42.1552],[-70.7667,42.1574],[-70.7652,42.1589],[-70.7625,42.1569],[-70.7615,42.1572],[-70.7596,42.1595],[-70.7558,42.1592],[-70.7544,42.1606],[-70.754,42.1633],[-70.7524,42.164],[-70.7527,42.1642]]]},"properties":{"name":"Norwell"}},{"type":"Feature","geometry":{"type":"Polygon","coordinates":[[[-73.0705,42.1402],[-73.0742,42.1398],[-73.0779,42.1388],[-73.0801,42.1391],[-73.087,42.187],[-73.162,42.1787],[-73.1668,42.1629],[-73.1662,42.1573],[-73.1867,42.1558],[-73.1863,42.1536],[-73.1721,42.0434],[-73.1354,42.0424],[-73.0533,42.0398],[-73.0558,42.045],[-73.0565,42.0474],[-73.0539,42.055],[-73.0543,42.0569],[-73.0561,42.0589],[-73.0586,42.0597],[-73.0617,42.0619],[-73.0582,42.0668],[-73.0618,42.0706],[-73.0731,42.0942],[-73.0742,42.1019],[-73.0751,42.1054],[-73.0729,42.107],[-73.0718,42.1093],[-73.0731,42.1108],[-73.071,42.1131],[-73.0657,42.1148],[-73.0632,42.1159],[-73.0612,42.1181],[-73.0614,42.1194],[-73.0643,42.1228],[-73.0662,42.1242],[-73.0672,42.1274],[-73.0693,42.1309],[-73.0698,42.1334],[-73.0685,42.1355],[-73.0692,42.139],[-73.0705,42.1402]]]},"properties":{"name":"Sandisfield"}},{"type":"Feature","geometry":{"type":"Polygon","coordinates":[[[-71.3397,42.1494],[-71.3392,42.1508],[-71.3345,42.1536],[-71.3342,42.1564],[-71.3332,42.1588],[-71.3324,42.1621],[-71.3314,42.1629],[-71.334,42.1666],[-71.3316,42.1678],[-71.3333,42.1693],[-71.3322,42.1706],[-71.3304,42.1709],[-71.3282,42.1726],[-71.3255,42.1721],[-71.3224,42.1737],[-71.3203,42.1733],[-71.3188,42.1743],[-71.3193,42.1758],[-71.3182,42.1778],[-71.3202,42.1799],[-71.3231,42.1815],[-71.3256,42.1817],[-71.328,42.185],[-71.3294,42.1855],[-71.3307,42.1879],[-71.333,42.1889],[-71.335,42.1884],[-71.3362,42.1914],[-71.3386,42.1912],[-71.3402,42.1944],[-71.3394,42.1965],[-71.34,42.1977],[-71.3428,42.1982],[-71.3425,42.1996],[-71.3441,42.2007],[-71.362,42.1958],[-71.3784,42.1935],[-71.3847,42.192],[-71.4044,42.1884],[-71.4023,42.1788],[-71.3756,42.1354],[-71.3709,42.1332],[-71.3699,42.1338],[-71.3665,42.1338],[-71.3665,42.1321],[-71.3639,42.1331],[-71.3624,42.1329],[-71.3604,42.135],[-71.3588,42.1345],[-71.3487,42.1405],[-71.3447,42.1462],[-71.3422,42.1483],[-71.3397,42.1494]]]},"properties":{"name":"Millis"}},{"type":"Feature","geometry":{"type":"Polygon","coordinates":[[[-71.2514,42.2026],[-71.2545,42.2029],[-71.2582,42.2041],[-71.2609,42.2041],[-71.2638,42.2033],[-71.2672,42.2011],[-71.2696,42.2005],[-71.2757,42.1817],[-71.275,42.1486],[-71.3037,42.1495],[-71.3035,42.1487],[-71.3008,42.1481],[-71.2999,42.1438],[-71.3005,42.1428],[-71.2989,42.1403],[-71.299,42.1389],[-71.3012,42.1379],[-71.3017,42.1364],[-71.299,42.1266],[-71.3003,42.126],[-71.2972,42.1205],[-71.2959,42.1166],[-71.2803,42.0885],[-71.2717,42.0984],[-71.2553,42.1041],[-71.2533,42.1053],[-71.2388,42.1064],[-71.2389,42.1122],[-71.238,42.1129],[-71.2394,42.1159],[-71.2385,42.1177],[-71.2391,42.1203],[-71.238,42.1216],[-71.2333,42.1234],[-71.2311,42.1233],[-71.2333,42.126],[-71.2334,42.1287],[-71.232,42.1315],[-71.2297,42.133],[-71.2281,42.1333],[-71.226,42.1354],[-71.1945,42.1499],[-71.2025,42.1601],[-71.2053,42.1611],[-71.2113,42.167],[-71.2134,42.1687],[-71.22,42.1684],[-71.2219,42.1711],[-71.2254,42.1708],[-71.2336,42.1813],[-71.2368,42.1814],[-71.2383,42.1828],[-71.2407,42.1846],[-71.2403,42.1872],[-71.2414,42.1877],[-71.2424,42.1913],[-71.242,42.1926],[-71.2446,42.197],[-71.2463,42.1974],[-71.2486,42.1993],[-71.2514,42.2026]]]},"properties":{"name":"Walpole"}},{"type":"Feature","geometry":{"type":"Polygon","coordinates":[[[-71.0495,42.2067],[-71.0531,42.2057],[-71.0596,42.206],[-71.0604,42.2063],[-71.0682,42.2049],[-71.074,42.2042],[-71.0805,42.2049],[-71.0827,42.2043],[-71.0869,42.2042],[-71.0887,42.2022],[-71.0928,42.2025],[-71.0964,42.2022],[-71.0993,42.2012],[-71.1008,42.2015],[-71.103,42.2007],[-71.0666,42.1641],[-71.0565,42.1538],[-71.0401,42.1372],[-71.0351,42.1356],[-71.0275,42.1563],[-71.022,42.169],[-71.0224,42.1705],[-71.0208,42.1751],[-71.0206,42.1776],[-71.0195,42.1788],[-71.0202,42.181],[-71.0195,42.1831],[-71.0191,42.1869],[-71.0296,42.1915],[-71.0473,42.1946],[-71.0495,42.2067]]]},"properties":{"name":"Randolph"}},{"type":"Feature","geometry":{"type":"Polygon","coordinates":[[[-72.781,42.1997],[-72.7858,42.2005],[-72.7979,42.1659],[-72.8025,42.1629],[-72.8075,42.1573],[-72.8129,42.1558],[-72.8289,42.137],[-72.8319,42.1382],[-72.8361,42.1372],[-72.836,42.1346],[-72.8392,42.1334],[-72.8403,42.1324],[-72.8441,42.1321],[-72.8442,42.13],[-72.8427,42.1271],[-72.8433,42.1262],[-72.8463,42.1265],[-72.8494,42.1249],[-72.8514,42.1244],[-72.8539,42.115],[-72.8393,42.1117],[-72.8372,42.1022],[-72.706,42.0808],[-72.7057,42.0821],[-72.7029,42.0877],[-72.702,42.091],[-72.7006,42.0933],[-72.6971,42.1008],[-72.6957,42.1031],[-72.6949,42.1059],[-72.693,42.1127],[-72.6925,42.117],[-72.6908,42.1229],[-72.6909,42.1257],[-72.6902,42.1287],[-72.6864,42.1359],[-72.6872,42.1424],[-72.6867,42.1439],[-72.6892,42.1463],[-72.688,42.1494],[-72.6867,42.1507],[-72.6855,42.1546],[-72.6849,42.1629],[-72.6869,42.1834],[-72.781,42.1997]]]},"properties":{"name":"Westfield"}},{"type":"Feature","geometry":{"type":"Polygon","coordinates":[[[-71.1549,42.1969],[-71.1623,42.2013],[-71.1632,42.2021],[-71.1787,42.2123],[-71.1852,42.2128],[-71.1892,42.2135],[-71.1963,42.2139],[-71.1982,42.2134],[-71.2108,42.2088],[-71.2383,42.1828],[-71.2368,42.1814],[-71.2336,42.1813],[-71.2254,42.1708],[-71.2219,42.1711],[-71.22,42.1684],[-71.2134,42.1687],[-71.2113,42.167],[-71.2053,42.1611],[-71.2025,42.1601],[-71.1945,42.1499],[-71.1869,42.1533],[-71.1887,42.1611],[-71.1877,42.1632],[-71.1879,42.1644],[-71.1865,42.1663],[-71.1803,42.1654],[-71.1786,42.1659],[-71.176,42.1645],[-71.1745,42.1645],[-71.1697,42.1672],[-71.1673,42.1692],[-71.1662,42.1742],[-71.1673,42.176],[-71.1666,42.1781],[-71.1674,42.1797],[-71.1653,42.18],[-71.164,42.1816],[-71.1654,42.1822],[-71.1629,42.185],[-71.1628,42.1867],[-71.1603,42.1885],[-71.1601,42.19],[-71.1579,42.1951],[-71.1549,42.1969]]]},"properties":{"name":"Norwood"}},{"type":"Feature","geometry":{"type":"Polygon","coordinates":[[[-71.2696,42.2005],[-71.2681,42.2096],[-71.2711,42.2156],[-71.3385,42.2152],[-71.3397,42.2139],[-71.3468,42.2156],[-71.3503,42.2137],[-71.3515,42.2115],[-71.352,42.207],[-71.3507,42.2058],[-71.3468,42.2036],[-71.3441,42.2007],[-71.3425,42.1996],[-71.3428,42.1982],[-71.34,42.1977],[-71.3394,42.1965],[-71.3402,42.1944],[-71.3386,42.1912],[-71.3362,42.1914],[-71.335,42.1884],[-71.333,42.1889],[-71.3307,42.1879],[-71.3294,42.1855],[-71.328,42.185],[-71.3256,42.1817],[-71.3231,42.1815],[-71.3202,42.1799],[-71.3182,42.1778],[-71.3193,42.1758],[-71.3188,42.1743],[-71.3203,42.1733],[-71.3224,42.1737],[-71.3255,42.1721],[-71.3282,42.1726],[-71.3304,42.1709],[-71.3322,42.1706],[-71.3333,42.1693],[-71.3316,42.1678],[-71.334,42.1666],[-71.3314,42.1629],[-71.3324,42.1621],[-71.3332,42.1588],[-71.3342,42.1564],[-71.3345,42.1536],[-71.3392,42.1508],[-71.3397,42.1494],[-71.3037,42.1495],[-71.275,42.1486],[-71.2757,42.1817],[-71.2696,42.2005]]]},"properties":{"name":"Medfield"}},{"type":"Feature","geometry":{"type":"Polygon","coordinates":[[[-72.516,42.1608],[-72.5187,42.1739],[-72.5139,42.1744],[-72.5243,42.2187],[-72.5463,42.2165],[-72.5912,42.2118],[-72.5934,42.2116],[-72.5918,42.2098],[-72.5905,42.2067],[-72.5904,42.2034],[-72.592,42.2009],[-72.5948,42.1988],[-72.602,42.1946],[-72.6062,42.1914],[-72.6087,42.1902],[-72.6176,42.187],[-72.622,42.1856],[-72.6237,42.1846],[-72.6261,42.1811],[-72.6277,42.1765],[-72.6285,42.1719],[-72.6286,42.1662],[-72.6273,42.162],[-72.6278,42.1578],[-72.6279,42.1546],[-72.6271,42.1514],[-72.6245,42.1485],[-72.6202,42.1454],[-72.6183,42.1436],[-72.6166,42.1411],[-72.615,42.1376],[-72.6158,42.1334],[-72.6182,42.1289],[-72.6215,42.1238],[-72.618,42.1251],[-72.5414,42.1573],[-72.5403,42.1553],[-72.538,42.1548],[-72.5358,42.1575],[-72.5334,42.1574],[-72.5287,42.1583],[-72.5234,42.1608],[-72.5201,42.1613],[-72.516,42.1608]]]},"properties":{"name":"Chicopee"}},{"type":"Feature","geometry":{"type":"Polygon","coordinates":[[[-72.9533,42.3438],[-72.9539,42.3459],[-72.957,42.3473],[-72.9584,42.3484],[-72.9631,42.3535],[-72.9638,42.3574],[-72.9669,42.3627],[-72.9661,42.3642],[-72.9686,42.3647],[-72.9686,42.3659],[-72.9663,42.3678],[-72.9652,42.3707],[-72.9698,42.3738],[-72.9704,42.3751],[-72.9734,42.3765],[-72.9751,42.3805],[-72.9758,42.3836],[-72.9778,42.385],[-72.9765,42.3914],[-73.0091,42.3877],[-73.0117,42.3797],[-73.0658,42.3891],[-73.0685,42.3807],[-73.0643,42.3397],[-73.0629,42.329],[-73.0568,42.3259],[-73.0527,42.3243],[-73.049,42.3214],[-73.0467,42.3207],[-73.0454,42.3194],[-73.0408,42.3202],[-73.039,42.315],[-73.0342,42.3121],[-73.0313,42.3093],[-73.0261,42.308],[-73.0251,42.3091],[-73.0221,42.3095],[-73.0207,42.3084],[-73.0182,42.309],[-73.0171,42.311],[-73.0159,42.3107],[-73.0127,42.3068],[-73.0094,42.3044],[-73.0054,42.3052],[-73.0058,42.3065],[-73.0037,42.3077],[-73.0033,42.3098],[-73.0019,42.3118],[-73.0003,42.3126],[-72.9538,42.3439],[-72.9533,42.3438]]]},"properties":{"name":"Middlefield"}},{"type":"Feature","geometry":{"type":"Polygon","coordinates":[[[-71.2828,42.3997],[-71.2832,42.399],[-71.2934,42.4022],[-71.3099,42.3996],[-71.3122,42.3958],[-71.3135,42.3963],[-71.3152,42.3935],[-71.3177,42.3922],[-71.3215,42.3927],[-71.3346,42.3961],[-71.3359,42.3939],[-71.3288,42.3317],[-71.3274,42.3211],[-71.3274,42.3137],[-71.27,42.3281],[-71.2696,42.3311],[-71.2678,42.3306],[-71.2651,42.3318],[-71.2647,42.3339],[-71.2627,42.3349],[-71.261,42.3346],[-71.2592,42.3354],[-71.2587,42.3368],[-71.2567,42.338],[-71.2557,42.3396],[-71.2582,42.3412],[-71.2604,42.3409],[-71.2619,42.3422],[-71.2612,42.3443],[-71.2598,42.3461],[-71.2602,42.3484],[-71.2586,42.3501],[-71.2604,42.3537],[-71.2649,42.3552],[-71.2689,42.3599],[-71.2693,42.3626],[-71.2713,42.3634],[-71.2734,42.3652],[-71.2727,42.3669],[-71.2702,42.3683],[-71.2718,42.3713],[-71.2736,42.3737],[-71.2765,42.375],[-71.2678,42.3901],[-71.2762,42.3929],[-71.2796,42.3988],[-71.2828,42.3997]]]},"properties":{"name":"Weston"}},{"type":"Feature","geometry":{"type":"Polygon","coordinates":[[[-72.6099,42.2852],[-72.6131,42.2863],[-72.6346,42.2739],[-72.646,42.2501],[-72.6565,42.2277],[-72.6678,42.2255],[-72.67,42.2165],[-72.6905,42.2131],[-72.6863,42.1887],[-72.6869,42.1834],[-72.6849,42.1629],[-72.6273,42.162],[-72.6286,42.1662],[-72.6285,42.1719],[-72.6277,42.1765],[-72.6261,42.1811],[-72.6237,42.1846],[-72.622,42.1856],[-72.6176,42.187],[-72.6087,42.1902],[-72.6062,42.1914],[-72.602,42.1946],[-72.5948,42.1988],[-72.592,42.2009],[-72.5904,42.2034],[-72.5905,42.2067],[-72.5918,42.2098],[-72.5934,42.2116],[-72.5961,42.2118],[-72.6005,42.2127],[-72.6038,42.2139],[-72.607,42.2156],[-72.6095,42.2175],[-72.6107,42.2194],[-72.6117,42.2229],[-72.6136,42.2256],[-72.6151,42.2268],[-72.6225,42.2302],[-72.6237,42.2317],[-72.624,42.2359],[-72.6213,42.2418],[-72.618,42.2484],[-72.6151,42.252],[-72.6116,42.2569],[-72.6078,42.2606],[-72.5999,42.2657],[-72.5988,42.2699],[-72.5994,42.2753],[-72.6004,42.2774],[-72.6012,42.2813],[-72.6053,42.2845],[-72.6099,42.2852]]]},"properties":{"name":"Holyoke"}},{"type":"Feature","geometry":{"type":"Polygon","coordinates":[[[-72.6147,42.2902],[-72.6198,42.29],[-72.6245,42.2881],[-72.629,42.2853],[-72.6341,42.2852],[-72.6362,42.2861],[-72.6374,42.2874],[-72.6407,42.2841],[-72.6421,42.2882],[-72.6437,42.2885],[-72.6461,42.2905],[-72.6488,42.2918],[-72.6605,42.2887],[-72.6602,42.2893],[-72.672,42.2902],[-72.6721,42.2919],[-72.7367,42.2842],[-72.7363,42.2765],[-72.725,42.2781],[-72.7212,42.2763],[-72.7171,42.2766],[-72.7128,42.276],[-72.7085,42.2698],[-72.7069,42.2699],[-72.7008,42.2689],[-72.6985,42.2694],[-72.6979,42.2679],[-72.6955,42.2654],[-72.6985,42.2621],[-72.6984,42.2591],[-72.7014,42.257],[-72.6826,42.2441],[-72.6845,42.2424],[-72.6873,42.238],[-72.6858,42.2329],[-72.6867,42.2258],[-72.6876,42.2232],[-72.6678,42.2255],[-72.6565,42.2277],[-72.646,42.2501],[-72.6346,42.2739],[-72.6131,42.2863],[-72.6149,42.2887],[-72.6147,42.2902]]]},"properties":{"name":"Easthampton"}},{"type":"Feature","geometry":{"type":"Polygon","coordinates":[[[-73.1616,42.2476],[-73.1609,42.2866],[-73.2262,42.2786],[-73.244,42.2571],[-73.2568,42.2417],[-73.1968,42.2137],[-73.1621,42.197],[-73.1616,42.2476]]]},"properties":{"name":"Tyringham"}},{"type":"Feature","geometry":{"type":"Polygon","coordinates":[[[-72.1348,42.2811],[-72.1457,42.2772],[-72.1449,42.2912],[-72.1615,42.2884],[-72.1617,42.2919],[-72.1647,42.2914],[-72.1705,42.2915],[-72.1704,42.294],[-72.169,42.2979],[-72.2108,42.2945],[-72.2033,42.2912],[-72.204,42.2889],[-72.2071,42.2852],[-72.212,42.2827],[-72.2128,42.2698],[-72.2178,42.2702],[-72.2161,42.2562],[-72.2111,42.2557],[-72.2115,42.2524],[-72.2111,42.2513],[-72.1825,42.2514],[-72.1822,42.248],[-72.1811,42.2461],[-72.1796,42.2463],[-72.1782,42.2396],[-72.1768,42.2369],[-72.1745,42.2367],[-72.173,42.2349],[-72.1716,42.2346],[-72.1701,42.2326],[-72.1539,42.2072],[-72.1472,42.1815],[-72.1397,42.1795],[-72.1423,42.1975],[-72.1298,42.2212],[-72.124,42.2159],[-72.1199,42.2139],[-72.1188,42.2309],[-72.1128,42.2332],[-72.1113,42.2386],[-72.1174,42.2428],[-72.1133,42.2524],[-72.125,42.2635],[-72.1174,42.2788],[-72.1348,42.2811]]]},"properties":{"name":"West Brookfield"}},{"type":"Feature","geometry":{"type":"Polygon","coordinates":[[[-71.5501,42.266],[-71.5429,42.2672],[-71.5427,42.2697],[-71.58,42.3059],[-71.6245,42.3014],[-71.6332,42.3006],[-71.6341,42.2972],[-71.6372,42.2962],[-71.6371,42.2946],[-71.638,42.2926],[-71.6423,42.2905],[-71.6428,42.2881],[-71.6701,42.2788],[-71.6592,42.2668],[-71.6706,42.2611],[-71.6764,42.2542],[-71.6745,42.2524],[-71.6742,42.2486],[-71.6709,42.2447],[-71.6502,42.2478],[-71.6484,42.2452],[-71.6444,42.2266],[-71.6211,42.2309],[-71.5993,42.226],[-71.5868,42.2595],[-71.5622,42.2677],[-71.5583,42.2674],[-71.5566,42.2681],[-71.5525,42.2675],[-71.5501,42.266]]]},"properties":{"name":"Westborough"}},{"type":"Feature","geometry":{"type":"Polygon","coordinates":[[[-70.9749,42.2375],[-70.9721,42.2375],[-70.9708,42.2389],[-70.9695,42.2423],[-70.9728,42.242],[-70.9712,42.2441],[-70.9687,42.2442],[-70.9677,42.2462],[-70.9736,42.2488],[-70.9756,42.251],[-70.9757,42.2524],[-70.9782,42.2536],[-70.9825,42.2522],[-70.983,42.2531],[-70.9893,42.2538],[-70.9842,42.2552],[-70.982,42.2586],[-70.9794,42.2586],[-70.9756,42.2567],[-70.973,42.2569],[-70.9701,42.2561],[-70.9679,42.2547],[-70.9681,42.2522],[-70.9698,42.2506],[-70.9647,42.2494],[-70.9626,42.2483],[-70.9608,42.2491],[-70.9597,42.2508],[-70.9599,42.2521],[-70.9588,42.2536],[-70.9565,42.2552],[-70.9579,42.2567],[-70.9618,42.2563],[-70.9639,42.2591],[-70.96,42.2621],[-70.958,42.2621],[-70.9539,42.2611],[-70.9528,42.2604],[-70.9507,42.2606],[-70.9514,42.2643],[-70.9505,42.2659],[-70.95,42.2688],[-70.9503,42.27],[-70.9492,42.2731],[-70.9495,42.2752],[-70.9521,42.2768],[-70.9534,42.28],[-70.9563,42.2795],[-70.9542,42.2773],[-70.9534,42.2742],[-70.9561,42.2715],[-70.9659,42.2687],[-70.9679,42.2671],[-70.9727,42.2651],[-70.9775,42.2651],[-70.9804,42.2667],[-70.9822,42.2665],[-70.9852,42.2653],[-70.9883,42.2652],[-70.99,42.2667],[-70.9942,42.267],[-70.995,42.2679],[-70.9936,42.2694],[-70.9942,42.2716],[-70.9968,42.2725],[-71.0009,42.2747],[-71.0059,42.2765],[-71.0106,42.279],[-71.0119,42.2787],[-71.0149,42.2803],[-71.0175,42.2838],[-71.0183,42.2854],[-71.0203,42.286],[-71.0218,42.2875],[-71.02,42.2903],[-71.0177,42.2906],[-71.0137,42.2896],[-71.011,42.2912],[-71.0068,42.2921],[-71.0067,42.2935],[-71.0041,42.2951],[-71.0055,42.2975],[-71.0035,42.2983],[-71.0014,42.2981],[-70.9986,42.3001],[-70.9996,42.3016],[-71.0014,42.2995],[-71.0042,42.2996],[-71.0045,42.3008],[-71.0029,42.3016],[-70.9966,42.3024],[-70.9939,42.3036],[-70.9915,42.3034],[-70.9876,42.3043],[-70.9866,42.3063],[-70.9904,42.3078],[-70.9924,42.3068],[-70.9947,42.3048],[-70.997,42.3036],[-71.0013,42.3034],[-71.0034,42.3038],[-71.0058,42.3025],[-71.0086,42.3023],[-71.0099,42.3035],[-71.0092,42.3055],[-71.0103,42.3052],[-71.0157,42.3032],[-71.0141,42.3026],[-71.0145,42.3009],[-71.0186,42.2968],[-71.0209,42.2958],[-71.0226,42.2962],[-71.0219,42.2994],[-71.0284,42.3001],[-71.0358,42.3015],[-71.0401,42.3009],[-71.0358,42.2951],[-71.0339,42.2896],[-71.0321,42.2888],[-71.0343,42.287],[-71.0358,42.2846],[-71.0378,42.2844],[-71.0395,42.2815],[-71.0395,42.2791],[-71.0408,42.2774],[-71.0428,42.2767],[-71.0416,42.2684],[-71.0417,42.2664],[-71.0314,42.2592],[-71.0322,42.2583],[-71.0611,42.2424],[-71.053,42.2292],[-71.0932,42.2139],[-71.0827,42.2043],[-71.0805,42.2049],[-71.074,42.2042],[-71.0682,42.2049],[-71.0604,42.2063],[-71.0596,42.206],[-71.0531,42.2057],[-71.0495,42.2067],[-71.0477,42.2063],[-71.0449,42.2065],[-71.0449,42.2154],[-71.033,42.2279],[-71.0108,42.2287],[-71.0022,42.2322],[-70.9811,42.2357],[-70.9781,42.2382],[-70.9749,42.2375]]]},"properties":{"name":"Quincy"}},{"type":"Feature","geometry":{"type":"Polygon","coordinates":[[[-72.0304,42.2452],[-72.0412,42.3087],[-72.1175,42.3022],[-72.1296,42.2903],[-72.1348,42.2811],[-72.1174,42.2788],[-72.125,42.2635],[-72.1133,42.2524],[-72.1174,42.2428],[-72.1113,42.2386],[-72.0992,42.2308],[-72.0786,42.2311],[-72.0754,42.232],[-72.0728,42.2321],[-72.0684,42.2313],[-72.0455,42.23],[-72.0386,42.2445],[-72.0304,42.2452]]]},"properties":{"name":"North Brookfield"}},{"type":"Feature","geometry":{"type":"Polygon","coordinates":[[[-72.5352,42.3043],[-72.5399,42.3041],[-72.5447,42.3057],[-72.565,42.3038],[-72.5693,42.3045],[-72.5773,42.303],[-72.588,42.3004],[-72.5953,42.2944],[-72.6021,42.288],[-72.6099,42.2852],[-72.6053,42.2845],[-72.6012,42.2813],[-72.6004,42.2774],[-72.5994,42.2753],[-72.5988,42.2699],[-72.5999,42.2657],[-72.6078,42.2606],[-72.6116,42.2569],[-72.6151,42.252],[-72.618,42.2484],[-72.6213,42.2418],[-72.624,42.2359],[-72.6237,42.2317],[-72.6225,42.2302],[-72.6151,42.2268],[-72.6136,42.2256],[-72.6117,42.2229],[-72.6107,42.2194],[-72.6095,42.2175],[-72.607,42.2156],[-72.6038,42.2139],[-72.6005,42.2127],[-72.5961,42.2118],[-72.5934,42.2116],[-72.5912,42.2118],[-72.5463,42.2165],[-72.5551,42.245],[-72.5586,42.2807],[-72.5469,42.2851],[-72.5424,42.2861],[-72.5407,42.2876],[-72.54,42.2898],[-72.5402,42.2924],[-72.5376,42.2946],[-72.5349,42.2957],[-72.5336,42.2973],[-72.5312,42.2979],[-72.5279,42.2998],[-72.528,42.3015],[-72.5312,42.3036],[-72.5352,42.3043]]]},"properties":{"name":"South Hadley"}},{"type":"Feature","geometry":{"type":"Polygon","coordinates":[[[-71.9605,42.2814],[-71.9673,42.3107],[-71.9894,42.3102],[-72.0412,42.3087],[-72.0304,42.2452],[-72.0199,42.1838],[-71.9394,42.1892],[-71.9605,42.2814]]]},"properties":{"name":"Spencer"}},{"type":"Feature","geometry":{"type":"Polygon","coordinates":[[[-72.4471,42.2273],[-72.4642,42.3081],[-72.4797,42.3069],[-72.4831,42.3053],[-72.4878,42.3047],[-72.4936,42.3023],[-72.498,42.3051],[-72.4991,42.3063],[-72.5007,42.3052],[-72.5042,42.3055],[-72.5067,42.3064],[-72.5102,42.3056],[-72.5214,42.3022],[-72.5247,42.3032],[-72.528,42.3015],[-72.5279,42.2998],[-72.5312,42.2979],[-72.5336,42.2973],[-72.5349,42.2957],[-72.5376,42.2946],[-72.5402,42.2924],[-72.54,42.2898],[-72.5407,42.2876],[-72.5424,42.2861],[-72.5469,42.2851],[-72.5586,42.2807],[-72.5551,42.245],[-72.5463,42.2165],[-72.5243,42.2187],[-72.4471,42.2273]]]},"properties":{"name":"Granby"}},{"type":"Feature","geometry":{"type":"Polygon","coordinates":[[[-73.4024,42.2585],[-73.4,42.2725],[-73.4155,42.2798],[-73.4154,42.292],[-73.4313,42.2961],[-73.4431,42.2641],[-73.4601,42.2175],[-73.4141,42.2127],[-73.4144,42.2252],[-73.3962,42.225],[-73.4024,42.2585]]]},"properties":{"name":"Alford"}},{"type":"Feature","geometry":{"type":"MultiPolygon","coordinates":[[[[-70.8951,42.2799],[-70.8962,42.2812],[-70.8993,42.2823],[-70.9019,42.2824],[-70.9034,42.2808],[-70.9013,42.28],[-70.8972,42.2795],[-70.8951,42.2799]]],[[[-70.9361,42.2908],[-70.9346,42.2952],[-70.9331,42.2963],[-70.9307,42.2967],[-70.9269,42.2992],[-70.9265,42.3015],[-70.928,42.3028],[-70.9299,42.3031],[-70.9342,42.3023],[-70.9359,42.3004],[-70.935,42.2979],[-70.9356,42.2958],[-70.9371,42.294],[-70.9427,42.2911],[-70.9447,42.2908],[-70.9482,42.2917],[-70.9503,42.2902],[-70.9484,42.2864],[-70.9459,42.2883],[-70.9432,42.2893],[-70.9395,42.2881],[-70.9383,42.2898],[-70.9361,42.2908]]],[[[-70.8256,42.2646],[-70.8262,42.2657],[-70.8294,42.268],[-70.8313,42.2681],[-70.8325,42.2668],[-70.8368,42.2677],[-70.8387,42.2687],[-70.8423,42.2675],[-70.8442,42.2682],[-70.8475,42.2686],[-70.8507,42.2684],[-70.8526,42.2694],[-70.8586,42.2738],[-70.8629,42.2775],[-70.8688,42.2844],[-70.8716,42.2882],[-70.8804,42.301],[-70.8824,42.3054],[-70.8828,42.3071],[-70.8816,42.3076],[-70.8824,42.3103],[-70.8853,42.3112],[-70.8859,42.3103],[-70.8898,42.3103],[-70.8913,42.3098],[-70.895,42.3063],[-70.8967,42.306],[-70.9053,42.308],[-70.908,42.308],[-70.9107,42.3074],[-70.9139,42.3057],[-70.9198,42.3062],[-70.9226,42.3045],[-70.9226,42.3029],[-70.9207,42.3028],[-70.9173,42.3042],[-70.9152,42.3034],[-70.9133,42.3012],[-70.911,42.2998],[-70.9063,42.3007],[-70.9049,42.3022],[-70.8994,42.3037],[-70.8984,42.3054],[-70.8953,42.3054],[-70.8931,42.3065],[-70.8903,42.3069],[-70.8883,42.3052],[-70.8852,42.3041],[-70.8867,42.2996],[-70.887,42.2948],[-70.8865,42.2931],[-70.884,42.2918],[-70.8833,42.2892],[-70.881,42.2861],[-70.8814,42.2839],[-70.8804,42.2815],[-70.8788,42.2815],[-70.8774,42.2802],[-70.8786,42.2779],[-70.883,42.2773],[-70.8868,42.2776],[-70.8869,42.2764],[-70.8835,42.2758],[-70.8821,42.2765],[-70.875,42.2758],[-70.8662,42.2769],[-70.8645,42.2753],[-70.8663,42.2738],[-70.8669,42.2717],[-70.8688,42.2709],[-70.8669,42.2695],[-70.8635,42.2691],[-70.8618,42.2701],[-70.8631,42.2716],[-70.8596,42.2716],[-70.8556,42.2681],[-70.856,42.2665],[-70.8582,42.2644],[-70.8589,42.266],[-70.8626,42.2658],[-70.8672,42.2633],[-70.8676,42.2623],[-70.8654,42.261],[-70.8655,42.2601],[-70.8626,42.2596],[-70.8589,42.2603],[-70.8558,42.2595],[-70.8537,42.2596],[-70.8483,42.2587],[-70.8473,42.26],[-70.8446,42.2605],[-70.8426,42.2605],[-70.8403,42.2613],[-70.8388,42.2633],[-70.8353,42.2649],[-70.8271,42.2644],[-70.8256,42.2646]]],[[[-70.8941,42.335],[-70.897,42.3339],[-70.897,42.3328],[-70.8994,42.3305],[-70.896,42.3303],[-70.8941,42.335]]],[[[-70.8864,42.3396],[-70.8904,42.3392],[-70.8909,42.3382],[-70.8864,42.3386],[-70.8864,42.3396]]],[[[-70.8765,42.3432],[-70.8805,42.3421],[-70.8802,42.3409],[-70.8766,42.3412],[-70.8748,42.3424],[-70.8765,42.3432]]],[[[-70.8958,42.3433],[-70.8973,42.3427],[-70.8969,42.3412],[-70.8977,42.3396],[-70.8953,42.3388],[-70.8948,42.3401],[-70.8958,42.3433]]]]},"properties":{"name":"Hull"}},{"type":"Feature","geometry":{"type":"Polygon","coordinates":[[[-71.2275,42.3154],[-71.2297,42.3165],[-71.233,42.3163],[-71.2948,42.2731],[-71.2957,42.2725],[-71.2997,42.2696],[-71.3,42.2682],[-71.299,42.2668],[-71.296,42.267],[-71.2954,42.2653],[-71.2919,42.2673],[-71.2898,42.266],[-71.2875,42.2652],[-71.2865,42.2661],[-71.2848,42.2648],[-71.284,42.2626],[-71.2798,42.2602],[-71.2777,42.2604],[-71.2768,42.2613],[-71.2721,42.2621],[-71.2706,42.2609],[-71.2714,42.2593],[-71.2707,42.2576],[-71.2676,42.2554],[-71.2648,42.2553],[-71.266,42.2599],[-71.2633,42.2593],[-71.2622,42.2575],[-71.2578,42.2552],[-71.2527,42.255],[-71.2506,42.2558],[-71.2488,42.2556],[-71.2471,42.258],[-71.2452,42.2593],[-71.2401,42.2592],[-71.2365,42.2598],[-71.2333,42.2584],[-71.2323,42.2584],[-71.2317,42.2593],[-71.2292,42.2641],[-71.2255,42.2641],[-71.2228,42.2628],[-71.2197,42.2636],[-71.2183,42.2664],[-71.2183,42.2685],[-71.2112,42.2673],[-71.2084,42.2678],[-71.2049,42.2671],[-71.2001,42.2676],[-71.1967,42.2692],[-71.1882,42.2805],[-71.1908,42.2818],[-71.1912,42.283],[-71.1909,42.2858],[-71.1932,42.288],[-71.1953,42.288],[-71.1967,42.2861],[-71.2016,42.2886],[-71.2046,42.289],[-71.2056,42.2904],[-71.2057,42.2922],[-71.2075,42.2969],[-71.2118,42.3001],[-71.2112,42.3026],[-71.2129,42.3059],[-71.2182,42.3068],[-71.2205,42.3064],[-71.227,42.3085],[-71.2263,42.3103],[-71.2271,42.3124],[-71.2263,42.3141],[-71.2275,42.3154]]]},"properties":{"name":"Needham"}},{"type":"Feature","geometry":{"type":"MultiPolygon","coordinates":[[[[-71.2275,42.3154],[-71.2282,42.3187],[-71.2315,42.3209],[-71.2344,42.3208],[-71.2381,42.3218],[-71.2407,42.3209],[-71.2473,42.3214],[-71.2517,42.3261],[-71.2538,42.3266],[-71.2545,42.3254],[-71.2578,42.3245],[-71.2599,42.3268],[-71.2642,42.3263],[-71.2657,42.3272],[-71.27,42.3281],[-71.3274,42.3137],[-71.3298,42.313],[-71.3237,42.2974],[-71.3085,42.2707],[-71.3095,42.2757],[-71.3089,42.2767],[-71.3051,42.2781],[-71.3025,42.2802],[-71.2999,42.2829],[-71.2976,42.2811],[-71.2978,42.2792],[-71.2997,42.2763],[-71.2988,42.2744],[-71.2962,42.2743],[-71.2948,42.2731],[-71.233,42.3163],[-71.2297,42.3165],[-71.2275,42.3154]]],[[[-71.2997,42.2696],[-71.2957,42.2725],[-71.2978,42.2722],[-71.2998,42.2705],[-71.2997,42.2696]]]]},"properties":{"name":"Wellesley"}},{"type":"Feature","geometry":{"type":"Polygon","coordinates":[[[-71.4868,42.3302],[-71.5082,42.3279],[-71.5165,42.3303],[-71.5511,42.3264],[-71.5691,42.3204],[-71.5852,42.3109],[-71.58,42.3059],[-71.5427,42.2697],[-71.5429,42.2672],[-71.5501,42.266],[-71.5495,42.2661],[-71.5437,42.2639],[-71.5417,42.264],[-71.5396,42.2628],[-71.538,42.2646],[-71.5339,42.2653],[-71.5323,42.2661],[-71.528,42.2665],[-71.5249,42.2659],[-71.5222,42.2665],[-71.5192,42.2676],[-71.5139,42.2676],[-71.509,42.2645],[-71.5061,42.2644],[-71.5059,42.2729],[-71.497,42.2898],[-71.4859,42.3112],[-71.4851,42.3232],[-71.4868,42.3302]]]},"properties":{"name":"Southborough"}},{"type":"Feature","geometry":{"type":"Polygon","coordinates":[[[-71.3288,42.3317],[-71.3338,42.3324],[-71.3385,42.3232],[-71.346,42.3148],[-71.3552,42.3172],[-71.3599,42.3172],[-71.3641,42.3159],[-71.3685,42.3128],[-71.3702,42.3106],[-71.3734,42.3099],[-71.3777,42.3147],[-71.3875,42.3021],[-71.4025,42.2933],[-71.3995,42.2807],[-71.3972,42.279],[-71.3959,42.2729],[-71.3904,42.2719],[-71.3768,42.2695],[-71.3569,42.2635],[-71.3571,42.2619],[-71.3561,42.2592],[-71.3518,42.2558],[-71.3449,42.2538],[-71.3418,42.2535],[-71.3425,42.2505],[-71.3324,42.2477],[-71.3323,42.2491],[-71.3029,42.2483],[-71.3085,42.2707],[-71.3237,42.2974],[-71.3298,42.313],[-71.3274,42.3137],[-71.3274,42.3211],[-71.3288,42.3317]]]},"properties":{"name":"Natick"}},{"type":"Feature","geometry":{"type":"Polygon","coordinates":[[[-71.6879,42.3255],[-71.6911,42.3269],[-71.691,42.329],[-71.6976,42.3276],[-71.6976,42.3292],[-71.6955,42.3303],[-71.6987,42.3324],[-71.7302,42.3211],[-71.7318,42.3179],[-71.7418,42.3157],[-71.7414,42.3173],[-71.7565,42.3121],[-71.7644,42.3129],[-71.7672,42.3132],[-71.7683,42.3113],[-71.7585,42.2962],[-71.7513,42.2545],[-71.7461,42.2438],[-71.7312,42.2413],[-71.718,42.2451],[-71.711,42.2451],[-71.7046,42.2484],[-71.6745,42.2524],[-71.6764,42.2542],[-71.6706,42.2611],[-71.6592,42.2668],[-71.6701,42.2788],[-71.677,42.2861],[-71.6804,42.3052],[-71.6844,42.3114],[-71.6897,42.3188],[-71.6879,42.3255]]]},"properties":{"name":"Shrewsbury"}},{"type":"Feature","geometry":{"type":"Polygon","coordinates":[[[-71.7683,42.3113],[-71.7797,42.329],[-71.7859,42.3412],[-71.802,42.3313],[-71.8754,42.2865],[-71.884,42.2813],[-71.8566,42.2267],[-71.81,42.2313],[-71.8068,42.2239],[-71.8038,42.2209],[-71.7971,42.21],[-71.7334,42.238],[-71.7312,42.2413],[-71.7461,42.2438],[-71.7513,42.2545],[-71.7585,42.2962],[-71.7683,42.3113]]]},"properties":{"name":"Worcester"}},{"type":"Feature","geometry":{"type":"Polygon","coordinates":[[[-71.8754,42.2865],[-71.8822,42.292],[-71.8796,42.2937],[-71.8791,42.2976],[-71.8817,42.2976],[-71.8915,42.2957],[-71.9004,42.3134],[-71.901,42.3134],[-71.9112,42.3333],[-71.9035,42.3357],[-71.9058,42.3405],[-71.9017,42.3417],[-71.9054,42.3494],[-71.9188,42.348],[-71.9206,42.3476],[-71.9541,42.3335],[-71.9717,42.3291],[-71.9938,42.3194],[-71.9894,42.3102],[-71.9673,42.3107],[-71.9605,42.2814],[-71.8857,42.2846],[-71.884,42.2813],[-71.8754,42.2865]]]},"properties":{"name":"Paxton"}},{"type":"Feature","geometry":{"type":"Polygon","coordinates":[[[-73.0003,42.3126],[-73.0019,42.3118],[-73.0033,42.3098],[-73.0037,42.3077],[-73.0058,42.3065],[-73.0054,42.3052],[-73.0094,42.3044],[-73.0127,42.3068],[-73.0159,42.3107],[-73.0171,42.311],[-73.0182,42.309],[-73.0207,42.3084],[-73.0221,42.3095],[-73.0251,42.3091],[-73.0261,42.308],[-73.0313,42.3093],[-73.0342,42.3121],[-73.039,42.315],[-73.0408,42.3202],[-73.0454,42.3194],[-73.0467,42.3207],[-73.049,42.3214],[-73.0527,42.3243],[-73.0568,42.3259],[-73.0629,42.329],[-73.0643,42.3397],[-73.1595,42.3297],[-73.1599,42.3042],[-73.1609,42.2866],[-73.1616,42.2476],[-73.1212,42.2526],[-73.1207,42.2512],[-73.1226,42.2496],[-73.1229,42.2481],[-73.1205,42.2441],[-73.1207,42.2432],[-73.0926,42.2455],[-73.0909,42.2342],[-73.0368,42.2402],[-73.0363,42.2362],[-73.0079,42.2384],[-73.0043,42.2513],[-73.0018,42.251],[-73.0003,42.3126]]]},"properties":{"name":"Becket"}},{"type":"Feature","geometry":{"type":"Polygon","coordinates":[[[-71.1647,42.3038],[-71.1521,42.2946],[-71.1469,42.2973],[-71.1401,42.3022],[-71.1365,42.3062],[-71.1319,42.3132],[-71.1243,42.3218],[-71.1215,42.3239],[-71.1201,42.3228],[-71.1168,42.3238],[-71.116,42.3264],[-71.115,42.3273],[-71.1136,42.3305],[-71.1133,42.3324],[-71.1105,42.3354],[-71.1115,42.3375],[-71.1106,42.3404],[-71.1096,42.3415],[-71.1055,42.3438],[-71.1071,42.347],[-71.1066,42.3498],[-71.1229,42.3518],[-71.1334,42.3471],[-71.1353,42.3459],[-71.1413,42.341],[-71.1419,42.34],[-71.1442,42.34],[-71.1466,42.3385],[-71.1462,42.3374],[-71.1487,42.3369],[-71.1483,42.3358],[-71.1499,42.3346],[-71.157,42.3304],[-71.1569,42.3302],[-71.1673,42.3226],[-71.1705,42.3215],[-71.1701,42.3207],[-71.1789,42.3143],[-71.1698,42.3076],[-71.1661,42.3045],[-71.1647,42.3038]]]},"properties":{"name":"Brookline"}},{"type":"Feature","geometry":{"type":"Polygon","coordinates":[[[-72.8211,42.3386],[-72.824,42.3394],[-72.8262,42.3411],[-72.8261,42.3422],[-72.8309,42.3423],[-72.8333,42.3417],[-72.8356,42.3432],[-72.838,42.3428],[-72.8398,42.3434],[-72.8403,42.3451],[-72.8437,42.3447],[-72.845,42.3434],[-72.8462,42.3406],[-72.8475,42.3423],[-72.852,42.3422],[-72.8542,42.3434],[-72.8856,42.34],[-72.8852,42.3326],[-72.8806,42.2654],[-72.9123,42.2391],[-72.8722,42.2164],[-72.8685,42.2237],[-72.8643,42.2323],[-72.8576,42.2405],[-72.8134,42.245],[-72.8144,42.2568],[-72.8211,42.3386]]]},"properties":{"name":"Huntington"}},{"type":"Feature","geometry":{"type":"Polygon","coordinates":[[[-72.9533,42.3438],[-72.9538,42.3439],[-73.0003,42.3126],[-73.0018,42.251],[-72.9123,42.2391],[-72.8806,42.2654],[-72.8852,42.3326],[-72.8948,42.3315],[-72.8956,42.3407],[-72.9533,42.3438]]]},"properties":{"name":"Chester"}},{"type":"Feature","geometry":{"type":"Polygon","coordinates":[[[-71.3967,42.341],[-71.4833,42.3531],[-71.4868,42.3302],[-71.4851,42.3232],[-71.4859,42.3112],[-71.497,42.2898],[-71.4608,42.2791],[-71.4193,42.2573],[-71.3978,42.2615],[-71.3904,42.2719],[-71.3959,42.2729],[-71.3972,42.279],[-71.3995,42.2807],[-71.4025,42.2933],[-71.3875,42.3021],[-71.3777,42.3147],[-71.3818,42.3285],[-71.3888,42.3362],[-71.3913,42.3369],[-71.3929,42.3356],[-71.3951,42.3361],[-71.3948,42.3383],[-71.3967,42.341]]]},"properties":{"name":"Framingham"}},{"type":"Feature","geometry":{"type":"Polygon","coordinates":[[[-72.2886,42.3521],[-72.2913,42.3511],[-72.292,42.3518],[-72.2957,42.3504],[-72.2967,42.3494],[-72.2987,42.3493],[-72.3011,42.3484],[-72.3038,42.3458],[-72.3063,42.3461],[-72.3068,42.3443],[-72.3095,42.3443],[-72.3122,42.3428],[-72.3143,42.3437],[-72.3149,42.3433],[-72.3146,42.3405],[-72.3155,42.3394],[-72.3176,42.3396],[-72.3228,42.3342],[-72.3227,42.331],[-72.3252,42.3303],[-72.326,42.3279],[-72.3245,42.3263],[-72.3282,42.3252],[-72.3274,42.3234],[-72.3272,42.3205],[-72.3291,42.3197],[-72.3323,42.3194],[-72.3347,42.3176],[-72.3352,42.3151],[-72.3377,42.3145],[-72.3421,42.3143],[-72.3436,42.3119],[-72.3463,42.3098],[-72.3487,42.3092],[-72.3502,42.3103],[-72.3515,42.31],[-72.3499,42.308],[-72.3496,42.306],[-72.3501,42.3044],[-72.3517,42.3043],[-72.3522,42.3064],[-72.3542,42.3057],[-72.356,42.3033],[-72.3538,42.3025],[-72.3549,42.2995],[-72.3519,42.2985],[-72.3526,42.2957],[-72.3485,42.2942],[-72.3488,42.2913],[-72.3508,42.286],[-72.3504,42.2844],[-72.3466,42.2835],[-72.3429,42.2816],[-72.3396,42.281],[-72.3383,42.2791],[-72.3388,42.2751],[-72.3369,42.2735],[-72.3333,42.273],[-72.3315,42.2711],[-72.3329,42.2678],[-72.3342,42.2665],[-72.3336,42.2633],[-72.3374,42.2617],[-72.3383,42.2584],[-72.3367,42.2581],[-72.3362,42.2552],[-72.3348,42.2512],[-72.335,42.2482],[-72.3336,42.2457],[-72.3349,42.245],[-72.3348,42.2413],[-72.3338,42.2404],[-72.3329,42.2371],[-72.3332,42.2346],[-72.3345,42.2321],[-72.3339,42.2299],[-72.3357,42.2279],[-72.3354,42.2268],[-72.3371,42.2234],[-72.3356,42.2222],[-72.336,42.2202],[-72.2813,42.235],[-72.2777,42.2331],[-72.2738,42.2358],[-72.2705,42.2369],[-72.2682,42.2293],[-72.2576,42.2299],[-72.247,42.2421],[-72.2212,42.2452],[-72.2181,42.2486],[-72.2148,42.249],[-72.2146,42.2476],[-72.2105,42.2472],[-72.2111,42.2513],[-72.2115,42.2524],[-72.2111,42.2557],[-72.2161,42.2562],[-72.2178,42.2702],[-72.2128,42.2698],[-72.212,42.2827],[-72.2071,42.2852],[-72.204,42.2889],[-72.2033,42.2912],[-72.2108,42.2945],[-72.214,42.2943],[-72.2167,42.2941],[-72.2163,42.2993],[-72.2128,42.3015],[-72.2131,42.3038],[-72.2129,42.3076],[-72.2121,42.3102],[-72.2112,42.3113],[-72.2615,42.3033],[-72.2619,42.3053],[-72.2747,42.302],[-72.28,42.3291],[-72.2771,42.3294],[-72.2785,42.3365],[-72.2814,42.3361],[-72.2842,42.352],[-72.2886,42.3521]]]},"properties":{"name":"Ware"}},{"type":"Feature","geometry":{"type":"Polygon","coordinates":[[[-72.3554,42.3407],[-72.3804,42.3406],[-72.3937,42.3393],[-72.3935,42.3382],[-72.4055,42.3364],[-72.4094,42.3588],[-72.4723,42.3515],[-72.4642,42.3081],[-72.4471,42.2273],[-72.4039,42.2318],[-72.3955,42.1857],[-72.3584,42.1898],[-72.3602,42.1901],[-72.3617,42.1935],[-72.3596,42.1942],[-72.3599,42.1963],[-72.361,42.1973],[-72.3635,42.197],[-72.3626,42.1996],[-72.3635,42.202],[-72.3646,42.2031],[-72.365,42.2067],[-72.3609,42.2053],[-72.3594,42.2061],[-72.3573,42.209],[-72.355,42.2089],[-72.3537,42.207],[-72.3523,42.207],[-72.3504,42.2085],[-72.3493,42.2102],[-72.347,42.2102],[-72.3455,42.2132],[-72.3461,42.2162],[-72.3427,42.219],[-72.3378,42.2192],[-72.336,42.2202],[-72.3356,42.2222],[-72.3371,42.2234],[-72.3354,42.2268],[-72.3357,42.2279],[-72.3339,42.2299],[-72.3345,42.2321],[-72.3332,42.2346],[-72.3329,42.2371],[-72.3338,42.2404],[-72.3348,42.2413],[-72.3349,42.245],[-72.3336,42.2457],[-72.335,42.2482],[-72.3348,42.2512],[-72.3362,42.2552],[-72.3367,42.2581],[-72.3383,42.2584],[-72.3374,42.2617],[-72.3336,42.2633],[-72.3342,42.2665],[-72.3329,42.2678],[-72.3315,42.2711],[-72.3333,42.273],[-72.3369,42.2735],[-72.3388,42.2751],[-72.3383,42.2791],[-72.3396,42.281],[-72.3429,42.2816],[-72.3466,42.2835],[-72.3504,42.2844],[-72.3508,42.286],[-72.3488,42.2913],[-72.3485,42.2942],[-72.3526,42.2957],[-72.3519,42.2985],[-72.3549,42.2995],[-72.3538,42.3025],[-72.356,42.3033],[-72.3599,42.3073],[-72.3591,42.3098],[-72.3573,42.3104],[-72.3569,42.313],[-72.3552,42.3147],[-72.3552,42.3165],[-72.3537,42.3207],[-72.3536,42.3233],[-72.3512,42.3249],[-72.3529,42.3263],[-72.3515,42.33],[-72.3526,42.3324],[-72.351,42.3347],[-72.3529,42.3363],[-72.3529,42.3382],[-72.3554,42.3407]]]},"properties":{"name":"Belchertown"}},{"type":"Feature","geometry":{"type":"Polygon","coordinates":[[[-71.6247,42.3505],[-71.6339,42.3584],[-71.6764,42.3649],[-71.6879,42.3255],[-71.6897,42.3188],[-71.6844,42.3114],[-71.6804,42.3052],[-71.677,42.2861],[-71.6701,42.2788],[-71.6428,42.2881],[-71.6423,42.2905],[-71.638,42.2926],[-71.6371,42.2946],[-71.6372,42.2962],[-71.6341,42.2972],[-71.6332,42.3006],[-71.6245,42.3014],[-71.58,42.3059],[-71.5852,42.3109],[-71.5923,42.3177],[-71.5974,42.321],[-71.6019,42.327],[-71.6053,42.3302],[-71.6036,42.3317],[-71.6041,42.3368],[-71.6115,42.339],[-71.616,42.3415],[-71.6175,42.342],[-71.6207,42.3452],[-71.6258,42.3497],[-71.6247,42.3505]]]},"properties":{"name":"Northborough"}},{"type":"Feature","geometry":{"type":"Polygon","coordinates":[[[-72.1125,42.3564],[-72.1237,42.3639],[-72.1239,42.3619],[-72.1266,42.3598],[-72.1304,42.3588],[-72.1335,42.3584],[-72.1351,42.3567],[-72.1356,42.3548],[-72.1367,42.3538],[-72.137,42.3517],[-72.1363,42.35],[-72.1372,42.348],[-72.1395,42.3485],[-72.1404,42.3479],[-72.1398,42.3462],[-72.1412,42.3443],[-72.1441,42.3441],[-72.1466,42.3456],[-72.1523,42.3455],[-72.1544,42.3439],[-72.1575,42.3436],[-72.1595,42.3417],[-72.1596,42.3386],[-72.1632,42.3368],[-72.1639,42.3355],[-72.1624,42.3339],[-72.1638,42.3325],[-72.1673,42.3312],[-72.1682,42.3295],[-72.1709,42.3274],[-72.1727,42.3253],[-72.1721,42.3227],[-72.1769,42.3193],[-72.1772,42.3164],[-72.1789,42.316],[-72.1801,42.3138],[-72.183,42.3128],[-72.1852,42.3104],[-72.1851,42.3082],[-72.1838,42.3067],[-72.1873,42.3047],[-72.1907,42.3046],[-72.1931,42.3051],[-72.1942,42.3061],[-72.1936,42.309],[-72.1973,42.3106],[-72.2004,42.3114],[-72.2037,42.3108],[-72.2072,42.3115],[-72.205,42.3062],[-72.214,42.2943],[-72.2108,42.2945],[-72.169,42.2979],[-72.1704,42.294],[-72.1705,42.2915],[-72.1647,42.2914],[-72.1617,42.2919],[-72.1615,42.2884],[-72.1449,42.2912],[-72.1457,42.2772],[-72.1348,42.2811],[-72.1296,42.2903],[-72.1175,42.3022],[-72.0412,42.3087],[-72.1125,42.3564]]]},"properties":{"name":"New Braintree"}},{"type":"Feature","geometry":{"type":"Polygon","coordinates":[[[-73.3308,42.352],[-73.341,42.3519],[-73.3505,42.3395],[-73.3523,42.3201],[-73.3647,42.319],[-73.3659,42.2591],[-73.3645,42.2585],[-73.2892,42.2575],[-73.2883,42.3235],[-73.2881,42.3523],[-73.3308,42.352]]]},"properties":{"name":"Stockbridge"}},{"type":"Feature","geometry":{"type":"Polygon","coordinates":[[[-73.341,42.3519],[-73.4109,42.3517],[-73.4267,42.3086],[-73.4313,42.2961],[-73.4154,42.292],[-73.4155,42.2798],[-73.4,42.2725],[-73.4024,42.2585],[-73.3659,42.2585],[-73.3659,42.2591],[-73.3647,42.319],[-73.3523,42.3201],[-73.3505,42.3395],[-73.341,42.3519]]]},"properties":{"name":"West Stockbridge"}},{"type":"Feature","geometry":{"type":"Polygon","coordinates":[[[-71.1675,42.3601],[-71.1728,42.3593],[-71.1782,42.3596],[-71.1821,42.3607],[-71.1837,42.3588],[-71.1963,42.3618],[-71.1922,42.3654],[-71.1949,42.367],[-71.199,42.3672],[-71.2025,42.3657],[-71.2051,42.3657],[-71.2075,42.3641],[-71.2113,42.3643],[-71.2171,42.3666],[-71.2531,42.3559],[-71.2552,42.3539],[-71.2565,42.3549],[-71.2604,42.3537],[-71.2586,42.3501],[-71.2602,42.3484],[-71.2598,42.3461],[-71.2612,42.3443],[-71.2619,42.3422],[-71.2604,42.3409],[-71.2582,42.3412],[-71.2557,42.3396],[-71.2567,42.338],[-71.2587,42.3368],[-71.2592,42.3354],[-71.261,42.3346],[-71.2627,42.3349],[-71.2647,42.3339],[-71.2651,42.3318],[-71.2678,42.3306],[-71.2696,42.3311],[-71.27,42.3281],[-71.2657,42.3272],[-71.2642,42.3263],[-71.2599,42.3268],[-71.2578,42.3245],[-71.2545,42.3254],[-71.2538,42.3266],[-71.2517,42.3261],[-71.2473,42.3214],[-71.2407,42.3209],[-71.2381,42.3218],[-71.2344,42.3208],[-71.2315,42.3209],[-71.2282,42.3187],[-71.2275,42.3154],[-71.2263,42.3141],[-71.2271,42.3124],[-71.2263,42.3103],[-71.227,42.3085],[-71.2205,42.3064],[-71.2182,42.3068],[-71.2129,42.3059],[-71.2112,42.3026],[-71.2118,42.3001],[-71.2075,42.2969],[-71.2057,42.2922],[-71.2056,42.2904],[-71.2046,42.289],[-71.2016,42.2886],[-71.1967,42.2861],[-71.1953,42.288],[-71.1932,42.288],[-71.1909,42.2858],[-71.1912,42.283],[-71.1786,42.2946],[-71.1647,42.3038],[-71.1661,42.3045],[-71.1698,42.3076],[-71.1789,42.3143],[-71.1701,42.3207],[-71.1705,42.3215],[-71.1673,42.3226],[-71.1569,42.3302],[-71.157,42.3304],[-71.1596,42.3329],[-71.1627,42.3339],[-71.1675,42.3334],[-71.1689,42.3358],[-71.1692,42.3381],[-71.1668,42.3393],[-71.1667,42.3401],[-71.1748,42.3503],[-71.1739,42.3535],[-71.1675,42.3601]]]},"properties":{"name":"Newton"}},{"type":"Feature","geometry":{"type":"Polygon","coordinates":[[[-72.7367,42.2842],[-72.7412,42.3627],[-72.7771,42.3582],[-72.8223,42.3528],[-72.8211,42.3386],[-72.8144,42.2568],[-72.7358,42.2665],[-72.7363,42.2765],[-72.7367,42.2842]]]},"properties":{"name":"Westhampton"}},{"type":"Feature","geometry":{"type":"Polygon","coordinates":[[[-71.4833,42.3531],[-71.4755,42.3806],[-71.6031,42.3673],[-71.61,42.3574],[-71.6247,42.3505],[-71.6258,42.3497],[-71.6207,42.3452],[-71.6175,42.342],[-71.616,42.3415],[-71.6115,42.339],[-71.6041,42.3368],[-71.6036,42.3317],[-71.6053,42.3302],[-71.6019,42.327],[-71.5974,42.321],[-71.5923,42.3177],[-71.5852,42.3109],[-71.5691,42.3204],[-71.5511,42.3264],[-71.5165,42.3303],[-71.5082,42.3279],[-71.4868,42.3302],[-71.4833,42.3531]]]},"properties":{"name":"Marlborough"}},{"type":"Feature","geometry":{"type":"Polygon","coordinates":[[[-72.634,42.3511],[-72.6362,42.3559],[-72.6352,42.3561],[-72.6403,42.3753],[-72.6721,42.3714],[-72.7412,42.3627],[-72.7367,42.2842],[-72.6721,42.2919],[-72.672,42.2902],[-72.6602,42.2893],[-72.6605,42.2887],[-72.6488,42.2918],[-72.6461,42.2905],[-72.6437,42.2885],[-72.6421,42.2882],[-72.6407,42.2841],[-72.6374,42.2874],[-72.6362,42.2861],[-72.6341,42.2852],[-72.629,42.2853],[-72.6245,42.2881],[-72.6198,42.29],[-72.6147,42.2902],[-72.6137,42.2924],[-72.6115,42.2956],[-72.5992,42.3078],[-72.5972,42.3106],[-72.5951,42.3145],[-72.5927,42.317],[-72.5883,42.3179],[-72.5866,42.3187],[-72.5842,42.3214],[-72.5844,42.3239],[-72.5858,42.326],[-72.5875,42.3271],[-72.5929,42.3278],[-72.6034,42.3297],[-72.6082,42.3314],[-72.6123,42.3333],[-72.6183,42.3369],[-72.6195,42.3401],[-72.6208,42.3419],[-72.6246,42.3433],[-72.6337,42.3445],[-72.638,42.3442],[-72.6391,42.3463],[-72.6375,42.3493],[-72.634,42.3511]]]},"properties":{"name":"Northampton"}},{"type":"Feature","geometry":{"type":"Polygon","coordinates":[[[-73.2364,42.3645],[-73.2385,42.367],[-73.2403,42.3663],[-73.24,42.3628],[-73.2385,42.3625],[-73.2407,42.3579],[-73.2393,42.3563],[-73.2399,42.3535],[-73.2372,42.3539],[-73.2393,42.3514],[-73.2417,42.3509],[-73.2446,42.3484],[-73.2457,42.3451],[-73.2447,42.3426],[-73.2443,42.3386],[-73.2436,42.327],[-73.2782,42.3273],[-73.2781,42.3252],[-73.2813,42.3251],[-73.2807,42.3235],[-73.2883,42.3235],[-73.2892,42.2575],[-73.244,42.2571],[-73.2262,42.2786],[-73.1609,42.2866],[-73.1599,42.3042],[-73.1805,42.3246],[-73.192,42.3185],[-73.2364,42.3645]]]},"properties":{"name":"Lee"}},{"type":"Feature","geometry":{"type":"Polygon","coordinates":[[[-71.1544,42.3751],[-71.1596,42.3764],[-71.1691,42.3776],[-71.174,42.3791],[-71.1795,42.3802],[-71.1873,42.3804],[-71.1892,42.3807],[-71.1942,42.386],[-71.2171,42.3666],[-71.2113,42.3643],[-71.2075,42.3641],[-71.2051,42.3657],[-71.2025,42.3657],[-71.199,42.3672],[-71.1949,42.367],[-71.1922,42.3654],[-71.1963,42.3618],[-71.1837,42.3588],[-71.1821,42.3607],[-71.1782,42.3596],[-71.1728,42.3593],[-71.1675,42.3601],[-71.1639,42.3585],[-71.1623,42.3586],[-71.1588,42.36],[-71.1545,42.36],[-71.1525,42.3607],[-71.1483,42.3611],[-71.1437,42.3651],[-71.1443,42.3665],[-71.1425,42.367],[-71.1406,42.37],[-71.14,42.3736],[-71.1439,42.3741],[-71.1436,42.3753],[-71.1504,42.3746],[-71.1544,42.3751]]]},"properties":{"name":"Watertown"}},{"type":"Feature","geometry":{"type":"MultiPolygon","coordinates":[[[[-70.9776,42.3661],[-70.9801,42.3673],[-70.9827,42.3667],[-70.9812,42.3642],[-70.9791,42.364],[-70.9776,42.3661]]],[[[-71.0007,42.3646],[-70.9985,42.3662],[-70.9985,42.367],[-71.0011,42.3699],[-70.998,42.3767],[-71.0001,42.3778],[-71.0061,42.3761],[-71.0104,42.365],[-71.0007,42.3646]]],[[[-70.9673,42.3571],[-70.9682,42.3583],[-70.9692,42.3624],[-70.9682,42.3645],[-70.9648,42.3668],[-70.9655,42.3693],[-70.9676,42.3722],[-70.9675,42.3746],[-70.9707,42.3768],[-70.9722,42.3791],[-70.9722,42.3836],[-70.9705,42.3866],[-70.9669,42.3877],[-70.9682,42.3898],[-70.9724,42.3902],[-70.9739,42.3909],[-70.9757,42.3895],[-70.9789,42.3907],[-70.9804,42.3917],[-70.9827,42.3908],[-70.983,42.3896],[-70.9834,42.3891],[-70.9853,42.3882],[-70.9858,42.3864],[-70.9892,42.3861],[-70.9929,42.3844],[-70.9938,42.3835],[-70.9928,42.382],[-70.9926,42.3783],[-70.9931,42.3767],[-70.9962,42.3757],[-70.9969,42.3726],[-70.9961,42.3712],[-70.9905,42.3695],[-70.9896,42.3685],[-70.9847,42.3689],[-70.9799,42.3711],[-70.977,42.3709],[-70.9721,42.3723],[-70.9707,42.3711],[-70.9716,42.3701],[-70.9716,42.3679],[-70.9725,42.3671],[-70.9698,42.3656],[-70.9721,42.3636],[-70.9745,42.364],[-70.9756,42.3625],[-70.9752,42.3598],[-70.9729,42.3578],[-70.9688,42.3559],[-70.9673,42.3571]]]]},"properties":{"name":"Winthrop"}},{"type":"Feature","geometry":{"type":"Polygon","coordinates":[[[-71.6788,42.3892],[-71.701,42.3958],[-71.726,42.3903],[-71.7419,42.3869],[-71.7538,42.3831],[-71.7597,42.3707],[-71.7637,42.3442],[-71.7644,42.3129],[-71.7565,42.3121],[-71.7414,42.3173],[-71.7418,42.3157],[-71.7318,42.3179],[-71.7302,42.3211],[-71.6987,42.3324],[-71.6955,42.3303],[-71.6976,42.3292],[-71.6976,42.3276],[-71.691,42.329],[-71.6911,42.3269],[-71.6879,42.3255],[-71.6764,42.3649],[-71.6778,42.3652],[-71.6706,42.3867],[-71.6788,42.3892]]]},"properties":{"name":"Boylston"}},{"type":"Feature","geometry":{"type":"Polygon","coordinates":[[[-73.1692,42.4128],[-73.2019,42.4138],[-73.2064,42.3981],[-73.2219,42.4006],[-73.2288,42.3766],[-73.2384,42.3714],[-73.2364,42.3645],[-73.192,42.3185],[-73.1805,42.3246],[-73.1599,42.3042],[-73.1595,42.3297],[-73.0643,42.3397],[-73.0685,42.3807],[-73.0914,42.3848],[-73.1408,42.3931],[-73.1356,42.412],[-73.1692,42.4128]]]},"properties":{"name":"Washington"}},{"type":"Feature","geometry":{"type":"Polygon","coordinates":[[[-72.5811,42.4226],[-72.5856,42.4231],[-72.6223,42.4151],[-72.6291,42.4149],[-72.6293,42.4143],[-72.6691,42.4097],[-72.6721,42.3714],[-72.6403,42.3753],[-72.6352,42.3561],[-72.6362,42.3559],[-72.634,42.3511],[-72.6282,42.3517],[-72.626,42.3517],[-72.6184,42.3506],[-72.6059,42.3495],[-72.5997,42.3498],[-72.5932,42.3513],[-72.5914,42.3524],[-72.5892,42.3545],[-72.5875,42.3587],[-72.5875,42.3612],[-72.5883,42.3645],[-72.5912,42.3707],[-72.5917,42.3729],[-72.5914,42.3771],[-72.5896,42.3826],[-72.5872,42.3879],[-72.5862,42.3894],[-72.587,42.3916],[-72.5902,42.3957],[-72.5901,42.3972],[-72.5889,42.3987],[-72.5847,42.399],[-72.5813,42.3974],[-72.579,42.3974],[-72.5767,42.3985],[-72.5754,42.4006],[-72.5748,42.4051],[-72.575,42.4069],[-72.5765,42.4115],[-72.5776,42.4133],[-72.5811,42.4226]]]},"properties":{"name":"Hatfield"}},{"type":"Feature","geometry":{"type":"Polygon","coordinates":[[[-72.5352,42.3043],[-72.538,42.3202],[-72.5409,42.3196],[-72.5358,42.36],[-72.5368,42.3599],[-72.5365,42.3651],[-72.5355,42.3652],[-72.5316,42.4015],[-72.5468,42.4001],[-72.5442,42.4272],[-72.5794,42.4228],[-72.5811,42.4226],[-72.5776,42.4133],[-72.5765,42.4115],[-72.575,42.4069],[-72.5748,42.4051],[-72.5754,42.4006],[-72.5767,42.3985],[-72.579,42.3974],[-72.5813,42.3974],[-72.5847,42.399],[-72.5889,42.3987],[-72.5901,42.3972],[-72.5902,42.3957],[-72.587,42.3916],[-72.5862,42.3894],[-72.5872,42.3879],[-72.5896,42.3826],[-72.5914,42.3771],[-72.5917,42.3729],[-72.5912,42.3707],[-72.5883,42.3645],[-72.5875,42.3612],[-72.5875,42.3587],[-72.5892,42.3545],[-72.5914,42.3524],[-72.5932,42.3513],[-72.5997,42.3498],[-72.6059,42.3495],[-72.6184,42.3506],[-72.626,42.3517],[-72.6282,42.3517],[-72.634,42.3511],[-72.6375,42.3493],[-72.6391,42.3463],[-72.638,42.3442],[-72.6337,42.3445],[-72.6246,42.3433],[-72.6208,42.3419],[-72.6195,42.3401],[-72.6183,42.3369],[-72.6123,42.3333],[-72.6082,42.3314],[-72.6034,42.3297],[-72.5929,42.3278],[-72.5875,42.3271],[-72.5858,42.326],[-72.5844,42.3239],[-72.5842,42.3214],[-72.5866,42.3187],[-72.5883,42.3179],[-72.5927,42.317],[-72.5951,42.3145],[-72.5972,42.3106],[-72.5992,42.3078],[-72.6115,42.2956],[-72.6137,42.2924],[-72.6147,42.2902],[-72.6149,42.2887],[-72.6131,42.2863],[-72.6099,42.2852],[-72.6021,42.288],[-72.5953,42.2944],[-72.588,42.3004],[-72.5773,42.303],[-72.5693,42.3045],[-72.565,42.3038],[-72.5447,42.3057],[-72.5399,42.3041],[-72.5352,42.3043]]]},"properties":{"name":"Hadley"}},{"type":"Feature","geometry":{"type":"Polygon","coordinates":[[[-71.8178,42.404],[-71.8317,42.4318],[-71.8878,42.395],[-71.9289,42.3682],[-71.9188,42.348],[-71.9054,42.3494],[-71.9017,42.3417],[-71.9058,42.3405],[-71.9035,42.3357],[-71.9112,42.3333],[-71.901,42.3134],[-71.9004,42.3134],[-71.8915,42.2957],[-71.8817,42.2976],[-71.8791,42.2976],[-71.8796,42.2937],[-71.8822,42.292],[-71.8754,42.2865],[-71.802,42.3313],[-71.8242,42.4049],[-71.8178,42.404]]]},"properties":{"name":"Holden"}},{"type":"Feature","geometry":{"type":"Polygon","coordinates":[[[-71.1499,42.4358],[-71.1537,42.4358],[-71.1823,42.4363],[-71.1856,42.4323],[-71.192,42.4255],[-71.1962,42.4215],[-71.2026,42.4148],[-71.1942,42.4134],[-71.1943,42.4153],[-71.1872,42.4126],[-71.1821,42.411],[-71.1772,42.4101],[-71.1716,42.4085],[-71.1638,42.4058],[-71.1624,42.4044],[-71.1581,42.4026],[-71.1563,42.4025],[-71.1522,42.4008],[-71.1521,42.401],[-71.1436,42.3974],[-71.1397,42.4001],[-71.1363,42.401],[-71.1346,42.4043],[-71.1342,42.4066],[-71.1324,42.409],[-71.1329,42.412],[-71.1324,42.4152],[-71.1363,42.4151],[-71.1401,42.4164],[-71.1428,42.4194],[-71.1427,42.4219],[-71.1448,42.4225],[-71.1468,42.4254],[-71.1485,42.4307],[-71.1499,42.4358]]]},"properties":{"name":"Arlington"}},{"type":"Feature","geometry":{"type":"Polygon","coordinates":[[[-71.6567,42.431],[-71.6882,42.4367],[-71.7184,42.4102],[-71.7216,42.4092],[-71.726,42.3903],[-71.701,42.3958],[-71.6788,42.3892],[-71.6765,42.3961],[-71.6681,42.3946],[-71.6606,42.4182],[-71.6567,42.431]]]},"properties":{"name":"Clinton"}},{"type":"Feature","geometry":{"type":"Polygon","coordinates":[[[-71.0116,42.5016],[-71.0358,42.5052],[-71.037,42.5035],[-71.0388,42.5027],[-71.0422,42.5026],[-71.0435,42.5015],[-71.0437,42.5001],[-71.0399,42.4959],[-71.0452,42.4887],[-71.0503,42.4865],[-71.0526,42.4861],[-71.0542,42.4769],[-71.0534,42.4759],[-71.0258,42.4447],[-71.0188,42.4501],[-71.0119,42.4422],[-71.0095,42.441],[-71.0119,42.4399],[-71.0101,42.4382],[-71.0114,42.4362],[-71.0103,42.4347],[-71.0084,42.4347],[-71.0057,42.4332],[-71.0023,42.4328],[-71.0008,42.4321],[-70.9973,42.4318],[-70.9956,42.4322],[-70.9936,42.435],[-70.991,42.4356],[-70.9881,42.4351],[-70.9838,42.4325],[-70.9823,42.4325],[-70.9807,42.4336],[-70.9773,42.437],[-70.9754,42.4382],[-70.9751,42.4405],[-70.9742,42.4423],[-70.9725,42.4436],[-70.9731,42.4452],[-70.9797,42.4501],[-70.9824,42.4506],[-70.9847,42.4525],[-70.9831,42.4552],[-70.9805,42.4557],[-70.983,42.4574],[-70.985,42.4577],[-70.9863,42.4545],[-70.9881,42.455],[-70.9874,42.4585],[-70.9891,42.4597],[-71.0031,42.4964],[-71.0116,42.5016]]]},"properties":{"name":"Saugus"}},{"type":"Feature","geometry":{"type":"Polygon","coordinates":[[[-72.8711,42.484],[-72.8822,42.4807],[-72.9793,42.4979],[-72.9865,42.4667],[-72.9881,42.4669],[-72.9926,42.4491],[-72.8808,42.433],[-72.8479,42.4365],[-72.8556,42.4809],[-72.8711,42.484]]]},"properties":{"name":"Cummington"}},{"type":"Feature","geometry":{"type":"Polygon","coordinates":[[[-70.9869,42.5118],[-70.9914,42.5111],[-70.9894,42.51],[-70.9884,42.5092],[-70.9953,42.5056],[-70.9969,42.507],[-71.0017,42.5071],[-71.0116,42.5016],[-71.0031,42.4964],[-70.9891,42.4597],[-70.9852,42.4597],[-70.982,42.459],[-70.9801,42.4576],[-70.9788,42.4549],[-70.9828,42.4535],[-70.9827,42.4523],[-70.9798,42.4515],[-70.9722,42.4479],[-70.9687,42.4473],[-70.9679,42.4455],[-70.9628,42.4449],[-70.9488,42.4539],[-70.9481,42.4551],[-70.9454,42.4568],[-70.9462,42.458],[-70.9418,42.4578],[-70.9395,42.4568],[-70.9397,42.4552],[-70.9366,42.4569],[-70.934,42.4562],[-70.9319,42.4597],[-70.9289,42.4612],[-70.9277,42.4607],[-70.9262,42.4625],[-70.9214,42.4657],[-70.9341,42.4908],[-70.9499,42.4948],[-70.9572,42.4966],[-70.9869,42.5118]]]},"properties":{"name":"Lynn"}},{"type":"Feature","geometry":{"type":"Polygon","coordinates":[[[-72.3685,42.5025],[-72.4409,42.5104],[-72.453,42.4386],[-72.4899,42.4338],[-72.4837,42.4075],[-72.375,42.4208],[-72.3766,42.4243],[-72.3748,42.427],[-72.3751,42.43],[-72.3762,42.4309],[-72.3756,42.4364],[-72.3806,42.439],[-72.3791,42.441],[-72.3798,42.444],[-72.378,42.4464],[-72.3792,42.4489],[-72.3827,42.4532],[-72.3819,42.455],[-72.3823,42.4583],[-72.3808,42.4601],[-72.3828,42.4618],[-72.3824,42.4637],[-72.3838,42.4646],[-72.3686,42.4645],[-72.3685,42.5025]]]},"properties":{"name":"Shutesbury"}},{"type":"Feature","geometry":{"type":"MultiPolygon","coordinates":[[[[-71.39,42.3652],[-71.3901,42.3679],[-71.3874,42.37],[-71.3888,42.3715],[-71.3867,42.3731],[-71.3878,42.3753],[-71.3845,42.3766],[-71.383,42.3782],[-71.384,42.38],[-71.3814,42.3834],[-71.3788,42.3844],[-71.3774,42.3877],[-71.3746,42.3885],[-71.3728,42.3872],[-71.3722,42.3894],[-71.3701,42.3885],[-71.369,42.3899],[-71.3656,42.3894],[-71.3653,42.3912],[-71.3624,42.3935],[-71.3618,42.396],[-71.3639,42.3962],[-71.3694,42.3979],[-71.37,42.3985],[-71.3675,42.3999],[-71.3701,42.4011],[-71.3681,42.4039],[-71.3704,42.4051],[-71.3735,42.4056],[-71.3747,42.407],[-71.3743,42.4082],[-71.3675,42.4107],[-71.3664,42.4127],[-71.4304,42.4369],[-71.4426,42.407],[-71.4694,42.4026],[-71.4727,42.39],[-71.4755,42.3806],[-71.4833,42.3531],[-71.3967,42.341],[-71.3979,42.3432],[-71.3939,42.344],[-71.3917,42.3452],[-71.3877,42.3448],[-71.3879,42.3486],[-71.389,42.35],[-71.3901,42.3548],[-71.3908,42.3552],[-71.3918,42.3618],[-71.39,42.3652]]],[[[-71.39,42.3652],[-71.389,42.3647],[-71.3867,42.3614],[-71.3834,42.3628],[-71.3841,42.3658],[-71.3899,42.3653],[-71.39,42.3652]]]]},"properties":{"name":"Sudbury"}},{"type":"Feature","geometry":{"type":"Polygon","coordinates":[[[-72.4837,42.4075],[-72.4899,42.4338],[-72.4995,42.4325],[-72.531,42.4289],[-72.5442,42.4272],[-72.5468,42.4001],[-72.5316,42.4015],[-72.5355,42.3652],[-72.5365,42.3651],[-72.5368,42.3599],[-72.5358,42.36],[-72.5409,42.3196],[-72.538,42.3202],[-72.5352,42.3043],[-72.5312,42.3036],[-72.528,42.3015],[-72.5247,42.3032],[-72.5214,42.3022],[-72.5102,42.3056],[-72.5067,42.3064],[-72.5042,42.3055],[-72.5007,42.3052],[-72.4991,42.3063],[-72.498,42.3051],[-72.4936,42.3023],[-72.4878,42.3047],[-72.4831,42.3053],[-72.4797,42.3069],[-72.4642,42.3081],[-72.4723,42.3515],[-72.477,42.3751],[-72.4837,42.4075]]]},"properties":{"name":"Amherst"}},{"type":"Feature","geometry":{"type":"Polygon","coordinates":[[[-73.3389,42.4186],[-73.3837,42.4255],[-73.4022,42.3751],[-73.4109,42.3517],[-73.341,42.3519],[-73.3308,42.352],[-73.3336,42.3689],[-73.3293,42.3691],[-73.3295,42.3782],[-73.3208,42.3781],[-73.3232,42.392],[-73.3111,42.392],[-73.3084,42.4067],[-73.2965,42.4047],[-73.2953,42.4119],[-73.3389,42.4186]]]},"properties":{"name":"Richmond"}},{"type":"Feature","geometry":{"type":"Polygon","coordinates":[[[-72.7735,42.4015],[-72.8056,42.3983],[-72.8054,42.4045],[-72.8162,42.4031],[-72.8155,42.4213],[-72.8356,42.4199],[-72.8341,42.4379],[-72.8479,42.4365],[-72.8808,42.433],[-72.9046,42.4304],[-72.8856,42.34],[-72.8542,42.3434],[-72.852,42.3422],[-72.8475,42.3423],[-72.8462,42.3406],[-72.845,42.3434],[-72.8437,42.3447],[-72.8403,42.3451],[-72.8398,42.3434],[-72.838,42.3428],[-72.8356,42.3432],[-72.8333,42.3417],[-72.8309,42.3423],[-72.8261,42.3422],[-72.8262,42.3411],[-72.824,42.3394],[-72.8211,42.3386],[-72.8223,42.3528],[-72.7771,42.3582],[-72.7735,42.4015]]]},"properties":{"name":"Chesterfield"}},{"type":"Feature","geometry":{"type":"Polygon","coordinates":[[[-71.0282,42.4242],[-71.0204,42.4383],[-71.0258,42.4447],[-71.0829,42.4388],[-71.0821,42.4439],[-71.0856,42.4447],[-71.088,42.429],[-71.0891,42.4291],[-71.0894,42.4266],[-71.0859,42.4179],[-71.0817,42.4152],[-71.0793,42.4149],[-71.0762,42.4131],[-71.0734,42.4131],[-71.0727,42.4149],[-71.0646,42.4153],[-71.0605,42.4159],[-71.0505,42.4229],[-71.0282,42.4242]]]},"properties":{"name":"Malden"}},{"type":"Feature","geometry":{"type":"Polygon","coordinates":[[[-71.8878,42.395],[-71.9654,42.4466],[-72.0074,42.421],[-72.0351,42.4039],[-71.9938,42.3194],[-71.9717,42.3291],[-71.9541,42.3335],[-71.9206,42.3476],[-71.9188,42.348],[-71.9289,42.3682],[-71.8878,42.395]]]},"properties":{"name":"Rutland"}},{"type":"Feature","geometry":{"type":"Polygon","coordinates":[[[-71.4304,42.4369],[-71.4643,42.4503],[-71.4784,42.4371],[-71.4694,42.4026],[-71.4426,42.407],[-71.4304,42.4369]]]},"properties":{"name":"Maynard"}},{"type":"Feature","geometry":{"type":"Polygon","coordinates":[[[-71.0101,42.4382],[-71.0119,42.4399],[-71.0095,42.441],[-71.0119,42.4422],[-71.0188,42.4501],[-71.0258,42.4447],[-71.0204,42.4383],[-71.0282,42.4242],[-71.0307,42.4197],[-71.0332,42.4142],[-71.029,42.4104],[-71.0262,42.4059],[-71.0208,42.4052],[-71.0208,42.4035],[-71.018,42.4033],[-71.0154,42.4027],[-71.0136,42.4033],[-71.0076,42.4008],[-71.012,42.3958],[-71.0089,42.3952],[-71.0059,42.3939],[-71.0014,42.3967],[-70.9983,42.3969],[-70.9965,42.3963],[-70.9952,42.3937],[-70.9943,42.3933],[-70.9929,42.3929],[-70.9887,42.3934],[-70.987,42.3925],[-70.9866,42.3893],[-70.9852,42.3885],[-70.9832,42.3895],[-70.9827,42.3908],[-70.9804,42.3917],[-70.9805,42.3939],[-70.9833,42.3962],[-70.9842,42.4008],[-70.9838,42.4023],[-70.9861,42.4028],[-70.9876,42.4039],[-70.9895,42.407],[-70.9897,42.409],[-70.9882,42.4134],[-70.986,42.4177],[-70.9829,42.4212],[-70.9806,42.4228],[-70.9784,42.4268],[-70.9758,42.4297],[-70.9706,42.4336],[-70.9673,42.4348],[-70.9614,42.4364],[-70.9581,42.4366],[-70.9575,42.439],[-70.9586,42.4408],[-70.9609,42.4421],[-70.9635,42.4426],[-70.9707,42.4422],[-70.9718,42.4383],[-70.975,42.4342],[-70.9815,42.4293],[-70.9864,42.43],[-70.988,42.4315],[-70.9893,42.4338],[-70.9921,42.4335],[-70.9936,42.4318],[-70.997,42.4304],[-70.9996,42.431],[-71.0023,42.4325],[-71.0057,42.4327],[-71.0095,42.4342],[-71.0109,42.435],[-71.0119,42.436],[-71.0101,42.4382]]]},"properties":{"name":"Revere"}},{"type":"Feature","geometry":{"type":"Polygon","coordinates":[[[-70.934,42.4562],[-70.9366,42.4569],[-70.9397,42.4552],[-70.9385,42.4536],[-70.9402,42.4408],[-70.9397,42.4392],[-70.936,42.4337],[-70.935,42.4303],[-70.9354,42.4272],[-70.9377,42.4259],[-70.9367,42.4243],[-70.9373,42.422],[-70.9364,42.4209],[-70.9369,42.4181],[-70.9334,42.4181],[-70.9303,42.4185],[-70.9284,42.4213],[-70.924,42.4225],[-70.9225,42.4236],[-70.9204,42.4239],[-70.9166,42.421],[-70.9151,42.4207],[-70.9136,42.4193],[-70.9078,42.4173],[-70.9032,42.418],[-70.902,42.4195],[-70.9036,42.4202],[-70.908,42.4199],[-70.9091,42.422],[-70.9084,42.4242],[-70.9091,42.426],[-70.9124,42.4278],[-70.916,42.4277],[-70.9182,42.4289],[-70.9241,42.43],[-70.9291,42.4288],[-70.9323,42.4316],[-70.9331,42.4338],[-70.9313,42.4357],[-70.9286,42.4373],[-70.9289,42.438],[-70.9326,42.4378],[-70.9351,42.4372],[-70.937,42.4394],[-70.9374,42.4424],[-70.9364,42.4486],[-70.9354,42.4526],[-70.934,42.4562]]]},"properties":{"name":"Nahant"}},{"type":"Feature","geometry":{"type":"Polygon","coordinates":[[[-71.0856,42.4447],[-71.1049,42.4489],[-71.1194,42.4534],[-71.1213,42.4487],[-71.1241,42.4441],[-71.122,42.4398],[-71.1271,42.4389],[-71.1291,42.4356],[-71.1499,42.4358],[-71.1485,42.4307],[-71.1468,42.4254],[-71.1448,42.4225],[-71.1427,42.4219],[-71.1428,42.4194],[-71.1401,42.4164],[-71.1363,42.4151],[-71.1324,42.4152],[-71.1314,42.417],[-71.1274,42.4181],[-71.1258,42.418],[-71.1299,42.4133],[-71.127,42.4123],[-71.128,42.4107],[-71.1233,42.4092],[-71.1239,42.4082],[-71.1155,42.4051],[-71.1155,42.4029],[-71.1139,42.401],[-71.1124,42.4002],[-71.1004,42.3962],[-71.0967,42.4005],[-71.0924,42.3991],[-71.0947,42.4013],[-71.093,42.4028],[-71.0895,42.401],[-71.0873,42.4016],[-71.0847,42.4016],[-71.0835,42.4006],[-71.0794,42.4004],[-71.0777,42.3992],[-71.0739,42.4024],[-71.0724,42.4058],[-71.0734,42.4084],[-71.0736,42.4094],[-71.0734,42.4125],[-71.0762,42.4131],[-71.0793,42.4149],[-71.0817,42.4152],[-71.0859,42.4179],[-71.0894,42.4266],[-71.0891,42.4291],[-71.088,42.429],[-71.0856,42.4447]]]},"properties":{"name":"Medford"}},{"type":"Feature","geometry":{"type":"Polygon","coordinates":[[[-72.8808,42.433],[-72.9926,42.4491],[-73.0091,42.3877],[-72.9765,42.3914],[-72.9778,42.385],[-72.9758,42.3836],[-72.9751,42.3805],[-72.9734,42.3765],[-72.9704,42.3751],[-72.9698,42.3738],[-72.9652,42.3707],[-72.9663,42.3678],[-72.9686,42.3659],[-72.9686,42.3647],[-72.9661,42.3642],[-72.9669,42.3627],[-72.9638,42.3574],[-72.9631,42.3535],[-72.9584,42.3484],[-72.957,42.3473],[-72.9539,42.3459],[-72.9533,42.3438],[-72.8956,42.3407],[-72.8948,42.3315],[-72.8852,42.3326],[-72.8856,42.34],[-72.9046,42.4304],[-72.8808,42.433]]]},"properties":{"name":"Worthington"}},{"type":"Feature","geometry":{"type":"Polygon","coordinates":[[[-72.6691,42.4097],[-72.7044,42.4056],[-72.7009,42.4529],[-72.7578,42.4459],[-72.7703,42.4447],[-72.7735,42.4015],[-72.7771,42.3582],[-72.7412,42.3627],[-72.6721,42.3714],[-72.6691,42.4097]]]},"properties":{"name":"Williamsburg"}},{"type":"Feature","geometry":{"type":"Polygon","coordinates":[[[-71.2727,42.4597],[-71.2779,42.4607],[-71.2795,42.4597],[-71.2818,42.4596],[-71.2829,42.4612],[-71.2897,42.4662],[-71.2893,42.4646],[-71.3023,42.462],[-71.3032,42.4613],[-71.3048,42.4527],[-71.3093,42.4531],[-71.3137,42.455],[-71.3354,42.4378],[-71.3526,42.4269],[-71.3545,42.422],[-71.3568,42.4198],[-71.361,42.4211],[-71.3644,42.4205],[-71.3645,42.4178],[-71.3639,42.416],[-71.3651,42.4135],[-71.3664,42.4127],[-71.3326,42.3994],[-71.3346,42.3961],[-71.3215,42.3927],[-71.3177,42.3922],[-71.3152,42.3935],[-71.3135,42.3963],[-71.3122,42.3958],[-71.3099,42.3996],[-71.2934,42.4022],[-71.2832,42.399],[-71.2828,42.3997],[-71.2812,42.4027],[-71.286,42.4041],[-71.2814,42.4122],[-71.2744,42.4099],[-71.2709,42.4165],[-71.2718,42.4168],[-71.2672,42.4244],[-71.2662,42.4299],[-71.268,42.4372],[-71.269,42.4405],[-71.2727,42.4597]]]},"properties":{"name":"Lincoln"}},{"type":"Feature","geometry":{"type":"Polygon","coordinates":[[[-71.4985,42.4638],[-71.5434,42.4665],[-71.5489,42.4473],[-71.5591,42.4119],[-71.528,42.4015],[-71.5268,42.3961],[-71.5179,42.3982],[-71.5108,42.3975],[-71.5035,42.3975],[-71.5024,42.3962],[-71.5005,42.3954],[-71.493,42.3964],[-71.4909,42.3952],[-71.4899,42.3963],[-71.4861,42.3933],[-71.4727,42.39],[-71.4694,42.4026],[-71.4784,42.4371],[-71.4643,42.4503],[-71.4985,42.4638]]]},"properties":{"name":"Stow"}},{"type":"Feature","geometry":{"type":"Polygon","coordinates":[[[-71.1194,42.4534],[-71.1095,42.4739],[-71.1121,42.4738],[-71.1239,42.4734],[-71.1461,42.4658],[-71.1523,42.4637],[-71.1562,42.4569],[-71.163,42.4602],[-71.1644,42.4597],[-71.1896,42.4498],[-71.1857,42.445],[-71.1838,42.4446],[-71.1779,42.4402],[-71.1823,42.4363],[-71.1537,42.4358],[-71.1499,42.4358],[-71.1291,42.4356],[-71.1271,42.4389],[-71.122,42.4398],[-71.1241,42.4441],[-71.1213,42.4487],[-71.1194,42.4534]]]},"properties":{"name":"Winchester"}},{"type":"Feature","geometry":{"type":"Polygon","coordinates":[[[-71.0258,42.4447],[-71.0534,42.4759],[-71.0613,42.4742],[-71.0614,42.4727],[-71.0693,42.4716],[-71.0782,42.474],[-71.0792,42.4616],[-71.0821,42.4439],[-71.0829,42.4388],[-71.0258,42.4447]]]},"properties":{"name":"Melrose"}},{"type":"Feature","geometry":{"type":"Polygon","coordinates":[[[-72.5855,42.4668],[-72.6092,42.464],[-72.6111,42.4712],[-72.6237,42.4699],[-72.6236,42.4691],[-72.6315,42.4683],[-72.6324,42.4729],[-72.6562,42.47],[-72.6574,42.466],[-72.6557,42.4613],[-72.6574,42.4584],[-72.7009,42.4529],[-72.7044,42.4056],[-72.6691,42.4097],[-72.6293,42.4143],[-72.6291,42.4149],[-72.6223,42.4151],[-72.5856,42.4231],[-72.5811,42.4226],[-72.5831,42.4277],[-72.5843,42.4324],[-72.5879,42.4434],[-72.5894,42.4486],[-72.5896,42.4517],[-72.5891,42.4564],[-72.5875,42.4624],[-72.5855,42.4668]]]},"properties":{"name":"Whately"}},{"type":"Feature","geometry":{"type":"Polygon","coordinates":[[[-71.6358,42.4769],[-71.6424,42.4795],[-71.6567,42.431],[-71.6606,42.4182],[-71.6304,42.4095],[-71.6043,42.3977],[-71.5853,42.4071],[-71.5591,42.4119],[-71.5489,42.4473],[-71.6358,42.4769]]]},"properties":{"name":"Bolton"}},{"type":"Feature","geometry":{"type":"Polygon","coordinates":[[[-72.0074,42.421],[-72.0997,42.4845],[-72.1009,42.4837],[-72.2052,42.4177],[-72.1237,42.3639],[-72.1125,42.3564],[-72.0351,42.4039],[-72.0074,42.421]]]},"properties":{"name":"Barre"}},{"type":"Feature","geometry":{"type":"Polygon","coordinates":[[[-72.7638,42.4637],[-72.7736,42.4655],[-72.7733,42.4668],[-72.8315,42.477],[-72.8316,42.4764],[-72.8556,42.4809],[-72.8479,42.4365],[-72.8341,42.4379],[-72.8356,42.4199],[-72.8155,42.4213],[-72.8162,42.4031],[-72.8054,42.4045],[-72.8056,42.3983],[-72.7735,42.4015],[-72.7703,42.4447],[-72.7578,42.4459],[-72.7571,42.4524],[-72.7659,42.4517],[-72.7651,42.4559],[-72.7591,42.4565],[-72.7583,42.4609],[-72.7643,42.4602],[-72.7638,42.4637]]]},"properties":{"name":"Goshen"}},{"type":"Feature","geometry":{"type":"Polygon","coordinates":[[[-71.2043,42.4658],[-71.2102,42.4707],[-71.211,42.467],[-71.2121,42.4662],[-71.2409,42.49],[-71.252,42.485],[-71.2566,42.4785],[-71.2615,42.4762],[-71.2727,42.4597],[-71.269,42.4405],[-71.268,42.4372],[-71.2662,42.4299],[-71.2672,42.4244],[-71.2113,42.4061],[-71.2026,42.4148],[-71.1962,42.4215],[-71.192,42.4255],[-71.1856,42.4323],[-71.1823,42.4363],[-71.1779,42.4402],[-71.1838,42.4446],[-71.1857,42.445],[-71.1896,42.4498],[-71.1938,42.4531],[-71.1954,42.4536],[-71.1984,42.457],[-71.207,42.4636],[-71.2043,42.4658]]]},"properties":{"name":"Lexington"}},{"type":"Feature","geometry":{"type":"Polygon","coordinates":[[[-72.9881,42.4669],[-73.0679,42.4801],[-73.0714,42.468],[-73.0732,42.4684],[-73.0795,42.4473],[-73.0771,42.4472],[-73.0761,42.4459],[-73.0804,42.4327],[-73.077,42.4301],[-73.0759,42.4265],[-73.0776,42.4259],[-73.0795,42.4242],[-73.0835,42.424],[-73.0795,42.4225],[-73.0788,42.4206],[-73.0816,42.4094],[-73.0844,42.4098],[-73.0914,42.3848],[-73.0685,42.3807],[-73.0658,42.3891],[-73.0117,42.3797],[-73.0091,42.3877],[-72.9926,42.4491],[-72.9881,42.4669]]]},"properties":{"name":"Peru"}},{"type":"Feature","geometry":{"type":"Polygon","coordinates":[[[-70.899,42.4847],[-70.9015,42.4854],[-70.9067,42.4843],[-70.9341,42.4908],[-70.9214,42.4657],[-70.9181,42.4674],[-70.9134,42.4666],[-70.9099,42.4671],[-70.9075,42.4662],[-70.908,42.4646],[-70.9072,42.4626],[-70.9053,42.4635],[-70.9011,42.4635],[-70.8992,42.4623],[-70.895,42.4605],[-70.8908,42.4633],[-70.8863,42.4654],[-70.8878,42.4668],[-70.8872,42.4692],[-70.8841,42.4728],[-70.8824,42.4758],[-70.8795,42.4787],[-70.899,42.4847]]]},"properties":{"name":"Swampscott"}},{"type":"Feature","geometry":{"type":"Polygon","coordinates":[[[-71.7284,42.4751],[-71.83,42.4922],[-71.8356,42.4836],[-71.8278,42.4721],[-71.8282,42.4689],[-71.8272,42.4658],[-71.8272,42.4636],[-71.8241,42.4618],[-71.824,42.4589],[-71.8218,42.4559],[-71.8221,42.4547],[-71.8201,42.452],[-71.8194,42.4488],[-71.8177,42.4465],[-71.8131,42.4453],[-71.8142,42.444],[-71.8317,42.4318],[-71.8178,42.404],[-71.7866,42.399],[-71.7777,42.4004],[-71.7633,42.4004],[-71.7419,42.3928],[-71.7419,42.3869],[-71.726,42.3903],[-71.7216,42.4092],[-71.7184,42.4102],[-71.7187,42.4734],[-71.7284,42.4751]]]},"properties":{"name":"Sterling"}},{"type":"Feature","geometry":{"type":"Polygon","coordinates":[[[-73.0679,42.4801],[-73.1152,42.4878],[-73.1244,42.4526],[-73.1573,42.4535],[-73.1692,42.4128],[-73.1356,42.412],[-73.1408,42.3931],[-73.0914,42.3848],[-73.0844,42.4098],[-73.0816,42.4094],[-73.0788,42.4206],[-73.0795,42.4225],[-73.0835,42.424],[-73.0795,42.4242],[-73.0776,42.4259],[-73.0759,42.4265],[-73.077,42.4301],[-73.0804,42.4327],[-73.0761,42.4459],[-73.0771,42.4472],[-73.0795,42.4473],[-73.0732,42.4684],[-73.0714,42.468],[-73.0679,42.4801]]]},"properties":{"name":"Hinsdale"}},{"type":"Feature","geometry":{"type":"Polygon","coordinates":[[[-71.0782,42.474],[-71.0777,42.4774],[-71.0766,42.4775],[-71.0752,42.488],[-71.0855,42.4923],[-71.0901,42.5013],[-71.1007,42.5022],[-71.1198,42.5003],[-71.1217,42.4987],[-71.1168,42.4946],[-71.1121,42.4738],[-71.1095,42.4739],[-71.1194,42.4534],[-71.1049,42.4489],[-71.0856,42.4447],[-71.0821,42.4439],[-71.0792,42.4616],[-71.0782,42.474]]]},"properties":{"name":"Stoneham"}},{"type":"Feature","geometry":{"type":"Polygon","coordinates":[[[-71.3175,42.5024],[-71.3536,42.5029],[-71.3849,42.5045],[-71.4304,42.4369],[-71.3664,42.4127],[-71.3651,42.4135],[-71.3639,42.416],[-71.3645,42.4178],[-71.3644,42.4205],[-71.361,42.4211],[-71.3568,42.4198],[-71.3545,42.422],[-71.3526,42.4269],[-71.3354,42.4378],[-71.3137,42.455],[-71.3093,42.4531],[-71.3048,42.4527],[-71.3032,42.4613],[-71.3023,42.462],[-71.2893,42.4646],[-71.2897,42.4662],[-71.2987,42.4729],[-71.3018,42.4732],[-71.3042,42.4747],[-71.3066,42.4744],[-71.3095,42.4764],[-71.3138,42.4742],[-71.3169,42.4766],[-71.3201,42.4803],[-71.3208,42.4823],[-71.318,42.4829],[-71.3172,42.4847],[-71.3196,42.4867],[-71.3186,42.4912],[-71.3183,42.4982],[-71.3175,42.5024]]]},"properties":{"name":"Concord"}},{"type":"Feature","geometry":{"type":"Polygon","coordinates":[[[-71.0727,42.3732],[-71.0749,42.3729],[-71.0759,42.374],[-71.0816,42.374],[-71.0861,42.3731],[-71.0898,42.3739],[-71.0975,42.3744],[-71.1031,42.3743],[-71.1085,42.3791],[-71.1107,42.3817],[-71.1117,42.3818],[-71.1155,42.385],[-71.1182,42.388],[-71.1171,42.3896],[-71.121,42.3937],[-71.1228,42.3922],[-71.1243,42.3936],[-71.1313,42.4016],[-71.1346,42.4043],[-71.1363,42.401],[-71.1397,42.4001],[-71.1436,42.3974],[-71.1521,42.401],[-71.1522,42.4008],[-71.1564,42.3958],[-71.1584,42.3945],[-71.1571,42.3903],[-71.1579,42.3873],[-71.1604,42.3865],[-71.1576,42.3821],[-71.1562,42.3806],[-71.1544,42.3751],[-71.1504,42.3746],[-71.1436,42.3753],[-71.1439,42.3741],[-71.14,42.3736],[-71.1406,42.37],[-71.1425,42.367],[-71.1443,42.3665],[-71.1437,42.3651],[-71.1397,42.3645],[-71.1367,42.3668],[-71.1329,42.3685],[-71.1318,42.3699],[-71.1331,42.372],[-71.1327,42.3732],[-71.1302,42.374],[-71.1282,42.3736],[-71.126,42.3719],[-71.1245,42.3695],[-71.122,42.3687],[-71.1196,42.3688],[-71.1177,42.3681],[-71.117,42.3667],[-71.1166,42.3592],[-71.1172,42.357],[-71.1169,42.3554],[-71.1141,42.3535],[-71.1101,42.3525],[-71.1043,42.3524],[-71.0972,42.3532],[-71.091,42.3544],[-71.078,42.3587],[-71.0761,42.3604],[-71.0751,42.3632],[-71.0737,42.3651],[-71.0695,42.369],[-71.064,42.3689],[-71.0671,42.3718],[-71.0725,42.3727],[-71.0727,42.3732]]]},"properties":{"name":"Cambridge"}},{"type":"Feature","geometry":{"type":"Polygon","coordinates":[[[-71.9938,42.3194],[-72.0351,42.4039],[-72.1125,42.3564],[-72.0412,42.3087],[-71.9894,42.3102],[-71.9938,42.3194]]]},"properties":{"name":"Oakham"}},{"type":"Feature","geometry":{"type":"Polygon","coordinates":[[[-71.8178,42.404],[-71.8242,42.4049],[-71.802,42.3313],[-71.7859,42.3412],[-71.7797,42.329],[-71.7683,42.3113],[-71.7672,42.3132],[-71.7644,42.3129],[-71.7637,42.3442],[-71.7597,42.3707],[-71.7538,42.3831],[-71.7419,42.3869],[-71.7419,42.3928],[-71.7633,42.4004],[-71.7777,42.4004],[-71.7866,42.399],[-71.8178,42.404]]]},"properties":{"name":"West Boylston"}},{"type":"Feature","geometry":{"type":"Polygon","coordinates":[[[-71.4727,42.39],[-71.4861,42.3933],[-71.4899,42.3963],[-71.4909,42.3952],[-71.493,42.3964],[-71.5005,42.3954],[-71.5024,42.3962],[-71.5035,42.3975],[-71.5108,42.3975],[-71.5179,42.3982],[-71.5268,42.3961],[-71.528,42.4015],[-71.5591,42.4119],[-71.5853,42.4071],[-71.6043,42.3977],[-71.5803,42.3869],[-71.6077,42.37],[-71.6031,42.3673],[-71.4755,42.3806],[-71.4727,42.39]]]},"properties":{"name":"Hudson"}},{"type":"Feature","geometry":{"type":"Polygon","coordinates":[[[-71.3899,42.3653],[-71.3841,42.3658],[-71.3834,42.3628],[-71.3867,42.3614],[-71.389,42.3647],[-71.39,42.3652],[-71.3918,42.3618],[-71.3908,42.3552],[-71.3901,42.3548],[-71.389,42.35],[-71.3879,42.3486],[-71.3877,42.3448],[-71.3917,42.3452],[-71.3939,42.344],[-71.3979,42.3432],[-71.3967,42.341],[-71.3948,42.3383],[-71.3951,42.3361],[-71.3929,42.3356],[-71.3913,42.3369],[-71.3888,42.3362],[-71.3818,42.3285],[-71.3777,42.3147],[-71.3734,42.3099],[-71.3702,42.3106],[-71.3685,42.3128],[-71.3641,42.3159],[-71.3599,42.3172],[-71.3552,42.3172],[-71.346,42.3148],[-71.3385,42.3232],[-71.3338,42.3324],[-71.3288,42.3317],[-71.3359,42.3939],[-71.3346,42.3961],[-71.3326,42.3994],[-71.3664,42.4127],[-71.3675,42.4107],[-71.3743,42.4082],[-71.3747,42.407],[-71.3735,42.4056],[-71.3704,42.4051],[-71.3681,42.4039],[-71.3701,42.4011],[-71.3675,42.3999],[-71.37,42.3985],[-71.3694,42.3979],[-71.3639,42.3962],[-71.3618,42.396],[-71.3624,42.3935],[-71.3653,42.3912],[-71.3656,42.3894],[-71.369,42.3899],[-71.3701,42.3885],[-71.3722,42.3894],[-71.3728,42.3872],[-71.3746,42.3885],[-71.3774,42.3877],[-71.3788,42.3844],[-71.3814,42.3834],[-71.384,42.38],[-71.383,42.3782],[-71.3845,42.3766],[-71.3878,42.3753],[-71.3867,42.3731],[-71.3888,42.3715],[-71.3874,42.37],[-71.3901,42.3679],[-71.39,42.3652],[-71.3899,42.3653]]]},"properties":{"name":"Wayland"}},{"type":"Feature","geometry":{"type":"Polygon","coordinates":[[[-71.1522,42.4008],[-71.1563,42.4025],[-71.1581,42.4026],[-71.1624,42.4044],[-71.1638,42.4058],[-71.1716,42.4085],[-71.1772,42.4101],[-71.1821,42.411],[-71.1872,42.4126],[-71.1943,42.4153],[-71.1942,42.4134],[-71.2026,42.4148],[-71.2113,42.4061],[-71.2026,42.4037],[-71.2017,42.4024],[-71.2016,42.4004],[-71.2003,42.3994],[-71.1994,42.3973],[-71.1966,42.3952],[-71.1963,42.394],[-71.1979,42.3928],[-71.197,42.392],[-71.1968,42.3897],[-71.1949,42.3881],[-71.1942,42.386],[-71.1892,42.3807],[-71.1873,42.3804],[-71.1795,42.3802],[-71.174,42.3791],[-71.1691,42.3776],[-71.1596,42.3764],[-71.1544,42.3751],[-71.1562,42.3806],[-71.1576,42.3821],[-71.1604,42.3865],[-71.1579,42.3873],[-71.1571,42.3903],[-71.1584,42.3945],[-71.1564,42.3958],[-71.1522,42.4008]]]},"properties":{"name":"Belmont"}},{"type":"Feature","geometry":{"type":"Polygon","coordinates":[[[-71.6043,42.3977],[-71.6304,42.4095],[-71.6606,42.4182],[-71.6681,42.3946],[-71.6765,42.3961],[-71.6788,42.3892],[-71.6706,42.3867],[-71.6778,42.3652],[-71.6764,42.3649],[-71.6339,42.3584],[-71.6247,42.3505],[-71.61,42.3574],[-71.6031,42.3673],[-71.6077,42.37],[-71.5803,42.3869],[-71.6043,42.3977]]]},"properties":{"name":"Berlin"}},{"type":"Feature","geometry":{"type":"Polygon","coordinates":[[[-71.0924,42.3991],[-71.0967,42.4005],[-71.1004,42.3962],[-71.1124,42.4002],[-71.1139,42.401],[-71.1155,42.4029],[-71.1155,42.4051],[-71.1239,42.4082],[-71.1233,42.4092],[-71.128,42.4107],[-71.127,42.4123],[-71.1299,42.4133],[-71.1258,42.418],[-71.1274,42.4181],[-71.1314,42.417],[-71.1324,42.4152],[-71.1329,42.412],[-71.1324,42.409],[-71.1342,42.4066],[-71.1346,42.4043],[-71.1313,42.4016],[-71.1243,42.3936],[-71.1228,42.3922],[-71.121,42.3937],[-71.1171,42.3896],[-71.1182,42.388],[-71.1155,42.385],[-71.1117,42.3818],[-71.1107,42.3817],[-71.1085,42.3791],[-71.1031,42.3743],[-71.0975,42.3744],[-71.0898,42.3739],[-71.0861,42.3731],[-71.0816,42.374],[-71.0759,42.374],[-71.0749,42.3729],[-71.0727,42.3732],[-71.0757,42.3802],[-71.0807,42.381],[-71.0797,42.3829],[-71.0743,42.3906],[-71.0769,42.3957],[-71.0826,42.3973],[-71.0837,42.3987],[-71.0868,42.3995],[-71.0911,42.3984],[-71.0924,42.3991]]]},"properties":{"name":"Somerville"}},{"type":"Feature","geometry":{"type":"Polygon","coordinates":[[[-72.1237,42.3639],[-72.2052,42.4177],[-72.219,42.3955],[-72.2296,42.4002],[-72.2308,42.3991],[-72.2333,42.3988],[-72.2365,42.3973],[-72.2368,42.3961],[-72.2385,42.3953],[-72.2393,42.3934],[-72.2381,42.3923],[-72.238,42.3907],[-72.2423,42.3881],[-72.2443,42.3883],[-72.2582,42.3935],[-72.2641,42.3866],[-72.2658,42.3871],[-72.2685,42.3903],[-72.2704,42.3904],[-72.2726,42.3897],[-72.2723,42.3887],[-72.2737,42.3866],[-72.274,42.3845],[-72.2786,42.3822],[-72.28,42.3793],[-72.2815,42.3787],[-72.2812,42.3767],[-72.28,42.3742],[-72.282,42.3719],[-72.285,42.3731],[-72.2852,42.3661],[-72.2844,42.3614],[-72.2853,42.3583],[-72.2841,42.3566],[-72.2874,42.3554],[-72.2862,42.3536],[-72.2886,42.3521],[-72.2842,42.352],[-72.2814,42.3361],[-72.2785,42.3365],[-72.2771,42.3294],[-72.28,42.3291],[-72.2747,42.302],[-72.2619,42.3053],[-72.2615,42.3033],[-72.2112,42.3113],[-72.2121,42.3102],[-72.2129,42.3076],[-72.2131,42.3038],[-72.2128,42.3015],[-72.2163,42.2993],[-72.2167,42.2941],[-72.214,42.2943],[-72.205,42.3062],[-72.2072,42.3115],[-72.2037,42.3108],[-72.2004,42.3114],[-72.1973,42.3106],[-72.1936,42.309],[-72.1942,42.3061],[-72.1931,42.3051],[-72.1907,42.3046],[-72.1873,42.3047],[-72.1838,42.3067],[-72.1851,42.3082],[-72.1852,42.3104],[-72.183,42.3128],[-72.1801,42.3138],[-72.1789,42.316],[-72.1772,42.3164],[-72.1769,42.3193],[-72.1721,42.3227],[-72.1727,42.3253],[-72.1709,42.3274],[-72.1682,42.3295],[-72.1673,42.3312],[-72.1638,42.3325],[-72.1624,42.3339],[-72.1639,42.3355],[-72.1632,42.3368],[-72.1596,42.3386],[-72.1595,42.3417],[-72.1575,42.3436],[-72.1544,42.3439],[-72.1523,42.3455],[-72.1466,42.3456],[-72.1441,42.3441],[-72.1412,42.3443],[-72.1398,42.3462],[-72.1404,42.3479],[-72.1395,42.3485],[-72.1372,42.348],[-72.1363,42.35],[-72.137,42.3517],[-72.1367,42.3538],[-72.1356,42.3548],[-72.1351,42.3567],[-72.1335,42.3584],[-72.1304,42.3588],[-72.1266,42.3598],[-72.1239,42.3619],[-72.1237,42.3639]]]},"properties":{"name":"Hardwick"}},{"type":"Feature","geometry":{"type":"Polygon","coordinates":[[[-72.3554,42.3407],[-72.3551,42.3432],[-72.357,42.3439],[-72.3585,42.3461],[-72.359,42.3486],[-72.3584,42.3499],[-72.3564,42.3507],[-72.3577,42.352],[-72.3572,42.3543],[-72.359,42.3556],[-72.359,42.3567],[-72.3572,42.3597],[-72.3584,42.3623],[-72.3588,42.3647],[-72.3572,42.3652],[-72.358,42.3668],[-72.3608,42.3688],[-72.3608,42.3712],[-72.3628,42.372],[-72.364,42.3736],[-72.3639,42.3778],[-72.3657,42.3779],[-72.3667,42.3809],[-72.3649,42.3823],[-72.367,42.3844],[-72.3668,42.3854],[-72.3638,42.3867],[-72.3643,42.3881],[-72.366,42.3888],[-72.3655,42.3906],[-72.3688,42.3964],[-72.3679,42.3975],[-72.3694,42.4003],[-72.368,42.4027],[-72.3665,42.4033],[-72.3678,42.4056],[-72.37,42.408],[-72.3714,42.4086],[-72.3699,42.4107],[-72.3723,42.4123],[-72.3736,42.4139],[-72.372,42.416],[-72.3754,42.419],[-72.375,42.4208],[-72.4837,42.4075],[-72.477,42.3751],[-72.4723,42.3515],[-72.4094,42.3588],[-72.4055,42.3364],[-72.3935,42.3382],[-72.3937,42.3393],[-72.3804,42.3406],[-72.3554,42.3407]]]},"properties":{"name":"Pelham"}},{"type":"Feature","geometry":{"type":"Polygon","coordinates":[[[-71.2113,42.4061],[-71.2672,42.4244],[-71.2718,42.4168],[-71.2709,42.4165],[-71.2744,42.4099],[-71.2814,42.4122],[-71.286,42.4041],[-71.2812,42.4027],[-71.2828,42.3997],[-71.2796,42.3988],[-71.2762,42.3929],[-71.2678,42.3901],[-71.2765,42.375],[-71.2736,42.3737],[-71.2718,42.3713],[-71.2702,42.3683],[-71.2727,42.3669],[-71.2734,42.3652],[-71.2713,42.3634],[-71.2693,42.3626],[-71.2689,42.3599],[-71.2649,42.3552],[-71.2604,42.3537],[-71.2565,42.3549],[-71.2552,42.3539],[-71.2531,42.3559],[-71.2171,42.3666],[-71.1942,42.386],[-71.1949,42.3881],[-71.1968,42.3897],[-71.197,42.392],[-71.1979,42.3928],[-71.1963,42.394],[-71.1966,42.3952],[-71.1994,42.3973],[-71.2003,42.3994],[-71.2016,42.4004],[-71.2017,42.4024],[-71.2026,42.4037],[-71.2113,42.4061]]]},"properties":{"name":"Waltham"}},{"type":"Feature","geometry":{"type":"Polygon","coordinates":[[[-71.0332,42.4142],[-71.0307,42.4197],[-71.0282,42.4242],[-71.0505,42.4229],[-71.0605,42.4159],[-71.0646,42.4153],[-71.0727,42.4149],[-71.0717,42.4104],[-71.0728,42.4095],[-71.072,42.4074],[-71.0716,42.4064],[-71.0713,42.406],[-71.0728,42.4017],[-71.0742,42.4001],[-71.0743,42.3965],[-71.0734,42.3952],[-71.0737,42.3935],[-71.0722,42.3927],[-71.0702,42.3945],[-71.069,42.3939],[-71.0674,42.3935],[-71.0711,42.3898],[-71.0698,42.3896],[-71.0604,42.3887],[-71.0591,42.3892],[-71.0568,42.3886],[-71.0552,42.389],[-71.0527,42.3915],[-71.0506,42.3925],[-71.0501,42.394],[-71.0533,42.3954],[-71.0531,42.3967],[-71.0529,42.3969],[-71.0519,42.3977],[-71.0481,42.3966],[-71.0406,42.402],[-71.036,42.409],[-71.0332,42.4142]]]},"properties":{"name":"Everett"}},{"type":"Feature","geometry":{"type":"Polygon","coordinates":[[[-73.2219,42.4006],[-73.2953,42.4119],[-73.2965,42.4047],[-73.3084,42.4067],[-73.3111,42.392],[-73.3232,42.392],[-73.3208,42.3781],[-73.3295,42.3782],[-73.3293,42.3691],[-73.3336,42.3689],[-73.3308,42.352],[-73.2881,42.3523],[-73.2883,42.3235],[-73.2807,42.3235],[-73.2813,42.3251],[-73.2781,42.3252],[-73.2782,42.3273],[-73.2436,42.327],[-73.2443,42.3386],[-73.2447,42.3426],[-73.2457,42.3451],[-73.2446,42.3484],[-73.2417,42.3509],[-73.2393,42.3514],[-73.2372,42.3539],[-73.2399,42.3535],[-73.2393,42.3563],[-73.2407,42.3579],[-73.2385,42.3625],[-73.24,42.3628],[-73.2403,42.3663],[-73.2385,42.367],[-73.2364,42.3645],[-73.2384,42.3714],[-73.2288,42.3766],[-73.2219,42.4006]]]},"properties":{"name":"Lenox"}},{"type":"Feature","geometry":{"type":"Polygon","coordinates":[[[-73.1715,42.6287],[-73.262,42.6313],[-73.2736,42.5909],[-73.2583,42.5886],[-73.2019,42.5792],[-73.1997,42.59],[-73.2044,42.6061],[-73.1743,42.5985],[-73.1715,42.6287]]]},"properties":{"name":"New Ashford"}},{"type":"Feature","geometry":{"type":"Polygon","coordinates":[[[-73.262,42.6313],[-73.307,42.6326],[-73.3837,42.4255],[-73.3389,42.4186],[-73.3195,42.4934],[-73.3151,42.4929],[-73.3117,42.5046],[-73.2583,42.5886],[-73.2736,42.5909],[-73.262,42.6313]]]},"properties":{"name":"Hancock"}},{"type":"Feature","geometry":{"type":"Polygon","coordinates":[[[-72.1544,42.6238],[-72.1566,42.6236],[-72.1583,42.6332],[-72.1644,42.6326],[-72.1675,42.6465],[-72.2249,42.6389],[-72.2291,42.6384],[-72.2282,42.6365],[-72.2265,42.6349],[-72.2253,42.6304],[-72.2278,42.6265],[-72.2312,42.6259],[-72.2317,42.6252],[-72.2299,42.6222],[-72.2277,42.6206],[-72.2283,42.6189],[-72.2278,42.6159],[-72.2292,42.6146],[-72.2307,42.6148],[-72.2368,42.6142],[-72.238,42.6147],[-72.24,42.6137],[-72.2547,42.6116],[-72.2533,42.6053],[-72.2563,42.6051],[-72.2588,42.6037],[-72.26,42.6011],[-72.2622,42.6003],[-72.2654,42.601],[-72.2671,42.6008],[-72.2613,42.5759],[-72.2635,42.576],[-72.2654,42.5776],[-72.2686,42.5779],[-72.27,42.5763],[-72.2714,42.5763],[-72.2718,42.5783],[-72.275,42.5767],[-72.2764,42.5774],[-72.2767,42.5704],[-72.2736,42.561],[-72.2714,42.5472],[-72.2691,42.5334],[-72.2449,42.5134],[-72.1964,42.5489],[-72.1856,42.5503],[-72.1756,42.5899],[-72.1676,42.5849],[-72.1631,42.5889],[-72.1655,42.5903],[-72.1624,42.5937],[-72.1605,42.5951],[-72.1589,42.5994],[-72.1613,42.6011],[-72.1636,42.5983],[-72.1679,42.6001],[-72.1707,42.597],[-72.1577,42.618],[-72.1548,42.62],[-72.1544,42.6238]]]},"properties":{"name":"Athol"}},{"type":"Feature","geometry":{"type":"Polygon","coordinates":[[[-72.6368,42.578],[-72.6499,42.5769],[-72.633,42.6453],[-72.7351,42.6331],[-72.736,42.6322],[-72.737,42.629],[-72.7369,42.627],[-72.7353,42.6259],[-72.7373,42.6208],[-72.737,42.6192],[-72.7354,42.618],[-72.7354,42.6161],[-72.7373,42.6126],[-72.7383,42.6079],[-72.7404,42.6044],[-72.7402,42.6025],[-72.736,42.6027],[-72.7337,42.6012],[-72.7314,42.5958],[-72.7307,42.592],[-72.727,42.5906],[-72.7252,42.5884],[-72.7227,42.5869],[-72.7193,42.5855],[-72.7185,42.585],[-72.7166,42.5815],[-72.7112,42.5786],[-72.709,42.5782],[-72.7069,42.5766],[-72.7074,42.574],[-72.7072,42.5694],[-72.7055,42.5658],[-72.7036,42.5644],[-72.6996,42.5634],[-72.695,42.5642],[-72.6916,42.5641],[-72.686,42.5625],[-72.6808,42.5629],[-72.6794,42.5614],[-72.6798,42.5597],[-72.6788,42.5558],[-72.6755,42.553],[-72.6553,42.5552],[-72.652,42.5686],[-72.6389,42.57],[-72.6368,42.578]]]},"properties":{"name":"Shelburne"}},{"type":"Feature","geometry":{"type":"Polygon","coordinates":[[[-71.3884,42.5499],[-71.3969,42.5802],[-71.4002,42.5911],[-71.402,42.5999],[-71.4054,42.6103],[-71.4176,42.6538],[-71.4935,42.6174],[-71.4943,42.6089],[-71.4962,42.5914],[-71.498,42.5769],[-71.4838,42.5738],[-71.48,42.5581],[-71.4285,42.5288],[-71.4238,42.5262],[-71.3995,42.534],[-71.3847,42.5387],[-71.3884,42.5499]]]},"properties":{"name":"Westford"}},{"type":"Feature","geometry":{"type":"Polygon","coordinates":[[[-71.3809,42.649],[-71.3852,42.6496],[-71.3932,42.6484],[-71.397,42.6496],[-71.399,42.6525],[-71.4022,42.6516],[-71.4011,42.6491],[-71.3983,42.6455],[-71.3989,42.6449],[-71.4028,42.6468],[-71.404,42.6484],[-71.4053,42.6481],[-71.4098,42.6488],[-71.412,42.648],[-71.4123,42.6494],[-71.4176,42.6538],[-71.4054,42.6103],[-71.402,42.5999],[-71.4002,42.5911],[-71.3969,42.5802],[-71.3884,42.5499],[-71.3683,42.558],[-71.3463,42.5637],[-71.3325,42.5608],[-71.2945,42.6053],[-71.2953,42.6066],[-71.2957,42.6093],[-71.297,42.613],[-71.2962,42.6147],[-71.3193,42.6136],[-71.3189,42.6085],[-71.3199,42.6069],[-71.3233,42.6065],[-71.3254,42.6113],[-71.3257,42.6133],[-71.3288,42.6138],[-71.3599,42.626],[-71.3647,42.6376],[-71.3695,42.6376],[-71.3745,42.6395],[-71.3771,42.6427],[-71.3791,42.6474],[-71.3809,42.649]]]},"properties":{"name":"Chelmsford"}},{"type":"Feature","geometry":{"type":"Polygon","coordinates":[[[-72.531,42.4289],[-72.5343,42.4422],[-72.5347,42.4585],[-72.5243,42.4765],[-72.5209,42.5102],[-72.5568,42.5065],[-72.5616,42.5025],[-72.5653,42.4999],[-72.5681,42.497],[-72.5691,42.4918],[-72.5709,42.4877],[-72.5707,42.4837],[-72.5712,42.4819],[-72.574,42.4789],[-72.5758,42.4781],[-72.5819,42.4721],[-72.5855,42.4668],[-72.5875,42.4624],[-72.5891,42.4564],[-72.5896,42.4517],[-72.5894,42.4486],[-72.5879,42.4434],[-72.5843,42.4324],[-72.5831,42.4277],[-72.5811,42.4226],[-72.5794,42.4228],[-72.5442,42.4272],[-72.531,42.4289]]]},"properties":{"name":"Sunderland"}},{"type":"Feature","geometry":{"type":"Polygon","coordinates":[[[-73.1822,42.4854],[-73.3117,42.5046],[-73.3151,42.4929],[-73.3195,42.4934],[-73.3389,42.4186],[-73.2953,42.4119],[-73.2219,42.4006],[-73.2064,42.3981],[-73.2019,42.4138],[-73.191,42.4523],[-73.1822,42.4854]]]},"properties":{"name":"Pittsfield"}},{"type":"Feature","geometry":{"type":"Polygon","coordinates":[[[-71.842,42.5147],[-71.8474,42.5147],[-71.8494,42.5179],[-71.8568,42.5191],[-71.861,42.5164],[-71.8645,42.5169],[-71.9096,42.4845],[-71.9198,42.4914],[-71.9332,42.4829],[-71.9203,42.4745],[-71.9654,42.4466],[-71.8878,42.395],[-71.8317,42.4318],[-71.8142,42.444],[-71.8131,42.4453],[-71.8177,42.4465],[-71.8194,42.4488],[-71.8201,42.452],[-71.8221,42.4547],[-71.8218,42.4559],[-71.824,42.4589],[-71.8241,42.4618],[-71.8272,42.4636],[-71.8272,42.4658],[-71.8282,42.4689],[-71.8278,42.4721],[-71.8356,42.4836],[-71.83,42.4922],[-71.8223,42.5043],[-71.8423,42.5126],[-71.842,42.5147]]]},"properties":{"name":"Princeton"}},{"type":"Feature","geometry":{"type":"Polygon","coordinates":[[[-71.4735,42.5002],[-71.5001,42.5093],[-71.5028,42.5069],[-71.5091,42.51],[-71.5114,42.5089],[-71.5148,42.5115],[-71.5178,42.5156],[-71.5298,42.5198],[-71.5327,42.5146],[-71.5349,42.5133],[-71.5604,42.4743],[-71.5434,42.4665],[-71.4985,42.4638],[-71.4735,42.5002]]]},"properties":{"name":"Boxborough"}},{"type":"Feature","geometry":{"type":"Polygon","coordinates":[[[-72.4409,42.5104],[-72.4395,42.5186],[-72.4596,42.5164],[-72.5209,42.5102],[-72.5243,42.4765],[-72.5347,42.4585],[-72.5343,42.4422],[-72.531,42.4289],[-72.4995,42.4325],[-72.4899,42.4338],[-72.453,42.4386],[-72.4409,42.5104]]]},"properties":{"name":"Leverett"}},{"type":"Feature","geometry":{"type":"Polygon","coordinates":[[[-70.8795,42.4787],[-70.8747,42.4811],[-70.8737,42.4808],[-70.871,42.4833],[-70.8684,42.4828],[-70.8609,42.4886],[-70.8575,42.4902],[-70.8524,42.4915],[-70.8479,42.4916],[-70.8473,42.491],[-70.8439,42.4899],[-70.8417,42.4877],[-70.8395,42.4887],[-70.8374,42.4907],[-70.8353,42.4912],[-70.8347,42.4939],[-70.8347,42.4988],[-70.8339,42.5009],[-70.8314,42.5033],[-70.8319,42.505],[-70.8339,42.5058],[-70.8374,42.5009],[-70.8393,42.4996],[-70.8427,42.4991],[-70.8451,42.4958],[-70.8449,42.4945],[-70.846,42.4922],[-70.8541,42.4916],[-70.8556,42.4925],[-70.855,42.495],[-70.8525,42.496],[-70.8506,42.4987],[-70.8518,42.5],[-70.85,42.502],[-70.8489,42.5022],[-70.8448,42.505],[-70.8445,42.5068],[-70.843,42.5083],[-70.844,42.509],[-70.8441,42.5124],[-70.8463,42.5152],[-70.8453,42.5162],[-70.8415,42.5167],[-70.841,42.5176],[-70.8422,42.519],[-70.846,42.5175],[-70.8519,42.52],[-70.8533,42.5209],[-70.8551,42.5205],[-70.8568,42.5213],[-70.8595,42.5203],[-70.8622,42.521],[-70.8635,42.5203],[-70.8637,42.5185],[-70.866,42.5164],[-70.8658,42.5144],[-70.8674,42.5139],[-70.8698,42.5114],[-70.8708,42.5091],[-70.8725,42.5081],[-70.8724,42.5066],[-70.8744,42.5058],[-70.8754,42.5042],[-70.8743,42.502],[-70.8754,42.5013],[-70.8776,42.5022],[-70.8804,42.5011],[-70.8837,42.4986],[-70.8858,42.4978],[-70.8862,42.4957],[-70.8862,42.4956],[-70.8864,42.4954],[-70.8865,42.4952],[-70.8866,42.4952],[-70.8867,42.4951],[-70.8868,42.4951],[-70.887,42.495],[-70.8875,42.4949],[-70.8876,42.4948],[-70.8877,42.4948],[-70.8878,42.4947],[-70.8879,42.4947],[-70.888,42.4946],[-70.8882,42.4945],[-70.8882,42.4944],[-70.8882,42.4942],[-70.8882,42.4941],[-70.8883,42.4941],[-70.8884,42.4944],[-70.8885,42.4944],[-70.8886,42.4943],[-70.8887,42.4943],[-70.8887,42.4942],[-70.8888,42.4942],[-70.8888,42.4941],[-70.8888,42.494],[-70.8888,42.4939],[-70.8887,42.4937],[-70.8887,42.4936],[-70.8888,42.4935],[-70.8889,42.4935],[-70.889,42.4935],[-70.8892,42.4936],[-70.8894,42.4936],[-70.8899,42.4936],[-70.89,42.4935],[-70.8901,42.4935],[-70.8903,42.4934],[-70.8902,42.4933],[-70.8901,42.4932],[-70.89,42.4932],[-70.89,42.4931],[-70.8905,42.4931],[-70.8906,42.4931],[-70.8907,42.4931],[-70.8907,42.493],[-70.8908,42.493],[-70.8908,42.4929],[-70.8899,42.4901],[-70.8906,42.4887],[-70.8942,42.4859],[-70.899,42.4847],[-70.8795,42.4787]]]},"properties":{"name":"Marblehead"}},{"type":"Feature","geometry":{"type":"Polygon","coordinates":[[[-71.2319,42.5064],[-71.2335,42.5087],[-71.2369,42.5115],[-71.2401,42.5197],[-71.2426,42.5199],[-71.2501,42.5257],[-71.2546,42.5226],[-71.2564,42.524],[-71.2643,42.5241],[-71.2781,42.5267],[-71.2811,42.5263],[-71.3035,42.5201],[-71.3067,42.5206],[-71.3069,42.5175],[-71.3062,42.5151],[-71.3113,42.511],[-71.3134,42.5097],[-71.3166,42.5071],[-71.3177,42.5048],[-71.3175,42.5024],[-71.3183,42.4982],[-71.3186,42.4912],[-71.3196,42.4867],[-71.3172,42.4847],[-71.318,42.4829],[-71.3208,42.4823],[-71.3201,42.4803],[-71.3169,42.4766],[-71.3138,42.4742],[-71.3095,42.4764],[-71.3066,42.4744],[-71.3042,42.4747],[-71.3018,42.4732],[-71.2987,42.4729],[-71.2897,42.4662],[-71.2829,42.4612],[-71.2818,42.4596],[-71.2795,42.4597],[-71.2779,42.4607],[-71.2727,42.4597],[-71.2615,42.4762],[-71.2566,42.4785],[-71.252,42.485],[-71.2409,42.49],[-71.2319,42.5064]]]},"properties":{"name":"Bedford"}},{"type":"Feature","geometry":{"type":"Polygon","coordinates":[[[-71.1198,42.5003],[-71.122,42.5043],[-71.1242,42.5075],[-71.1242,42.5084],[-71.1355,42.53],[-71.17,42.5155],[-71.1684,42.4981],[-71.1689,42.4905],[-71.1707,42.4898],[-71.1689,42.4871],[-71.1815,42.4836],[-71.1829,42.4821],[-71.1865,42.481],[-71.1883,42.4797],[-71.2043,42.4658],[-71.207,42.4636],[-71.1984,42.457],[-71.1954,42.4536],[-71.1938,42.4531],[-71.1896,42.4498],[-71.1644,42.4597],[-71.163,42.4602],[-71.1562,42.4569],[-71.1523,42.4637],[-71.1461,42.4658],[-71.1239,42.4734],[-71.1121,42.4738],[-71.1168,42.4946],[-71.1217,42.4987],[-71.1198,42.5003]]]},"properties":{"name":"Woburn"}},{"type":"Feature","geometry":{"type":"Polygon","coordinates":[[[-71.3849,42.5045],[-71.3916,42.5068],[-71.3979,42.5263],[-71.3995,42.534],[-71.4238,42.5262],[-71.4285,42.5288],[-71.435,42.5222],[-71.4439,42.5091],[-71.4735,42.5002],[-71.4985,42.4638],[-71.4643,42.4503],[-71.4304,42.4369],[-71.3849,42.5045]]]},"properties":{"name":"Acton"}},{"type":"Feature","geometry":{"type":"Polygon","coordinates":[[[-71.679,42.5304],[-71.7022,42.5339],[-71.7124,42.5213],[-71.7167,42.519],[-71.7284,42.4751],[-71.7187,42.4734],[-71.7184,42.4102],[-71.6882,42.4367],[-71.6567,42.431],[-71.6424,42.4795],[-71.6358,42.4769],[-71.6336,42.4772],[-71.6348,42.48],[-71.6339,42.4813],[-71.6341,42.4829],[-71.6322,42.4828],[-71.6306,42.4877],[-71.6289,42.4888],[-71.6278,42.4926],[-71.6278,42.495],[-71.6268,42.4956],[-71.6258,42.4991],[-71.6268,42.5003],[-71.6316,42.5027],[-71.6335,42.5026],[-71.6342,42.5044],[-71.6294,42.5113],[-71.6274,42.513],[-71.6298,42.514],[-71.6296,42.5158],[-71.6322,42.5162],[-71.63,42.5178],[-71.6319,42.5191],[-71.6359,42.524],[-71.679,42.5304]]]},"properties":{"name":"Lancaster"}},{"type":"Feature","geometry":{"type":"Polygon","coordinates":[[[-71.17,42.5155],[-71.193,42.5345],[-71.1951,42.5357],[-71.1977,42.5384],[-71.1997,42.5395],[-71.205,42.5445],[-71.218,42.524],[-71.2219,42.5252],[-71.2319,42.5064],[-71.2409,42.49],[-71.2121,42.4662],[-71.211,42.467],[-71.2102,42.4707],[-71.2043,42.4658],[-71.1883,42.4797],[-71.1865,42.481],[-71.1829,42.4821],[-71.1815,42.4836],[-71.1689,42.4871],[-71.1707,42.4898],[-71.1689,42.4905],[-71.1684,42.4981],[-71.17,42.5155]]]},"properties":{"name":"Burlington"}},{"type":"Feature","geometry":{"type":"Polygon","coordinates":[[[-70.8858,42.4978],[-70.8882,42.4982],[-70.8876,42.5017],[-70.8864,42.5044],[-70.8841,42.5041],[-70.8821,42.506],[-70.8849,42.5082],[-70.8865,42.5084],[-70.8879,42.5099],[-70.8863,42.511],[-70.8881,42.5136],[-70.8877,42.5144],[-70.8847,42.5148],[-70.8856,42.5177],[-70.8873,42.5191],[-70.8863,42.5204],[-70.8823,42.5218],[-70.8782,42.5221],[-70.8761,42.5243],[-70.8741,42.5276],[-70.872,42.5293],[-70.8712,42.531],[-70.8695,42.5306],[-70.8713,42.5278],[-70.8713,42.5259],[-70.8676,42.5267],[-70.8676,42.5296],[-70.8663,42.5309],[-70.869,42.5316],[-70.8701,42.5332],[-70.8664,42.5324],[-70.8658,42.534],[-70.8681,42.5366],[-70.8709,42.5353],[-70.8728,42.535],[-70.8744,42.5335],[-70.8766,42.5335],[-70.8787,42.5319],[-70.8784,42.5308],[-70.8808,42.5302],[-70.8841,42.5267],[-70.8875,42.5278],[-70.8851,42.5316],[-70.8832,42.5326],[-70.8834,42.5346],[-70.8852,42.5346],[-70.8872,42.5367],[-70.8918,42.5336],[-70.8909,42.5321],[-70.8954,42.526],[-70.8968,42.5266],[-70.8977,42.5294],[-70.8941,42.5331],[-70.8955,42.5347],[-70.8953,42.5361],[-70.9008,42.543],[-70.9036,42.5432],[-70.9065,42.5459],[-70.908,42.5451],[-70.9094,42.5431],[-70.9073,42.5418],[-70.9075,42.5407],[-70.9112,42.5411],[-70.9135,42.5415],[-70.9133,42.5325],[-70.9126,42.528],[-70.9156,42.5288],[-70.9165,42.5269],[-70.9183,42.525],[-70.9171,42.5243],[-70.9189,42.5229],[-70.9198,42.5206],[-70.9499,42.4948],[-70.9341,42.4908],[-70.9067,42.4843],[-70.9015,42.4854],[-70.899,42.4847],[-70.8942,42.4859],[-70.8906,42.4887],[-70.8899,42.4901],[-70.8908,42.4929],[-70.8908,42.493],[-70.8907,42.493],[-70.8907,42.4931],[-70.8906,42.4931],[-70.8905,42.4931],[-70.89,42.4931],[-70.89,42.4932],[-70.8901,42.4932],[-70.8902,42.4933],[-70.8903,42.4934],[-70.8901,42.4935],[-70.89,42.4935],[-70.8899,42.4936],[-70.8894,42.4936],[-70.8892,42.4936],[-70.889,42.4935],[-70.8889,42.4935],[-70.8888,42.4935],[-70.8887,42.4936],[-70.8887,42.4937],[-70.8888,42.4939],[-70.8888,42.494],[-70.8888,42.4941],[-70.8888,42.4942],[-70.8887,42.4942],[-70.8887,42.4943],[-70.8886,42.4943],[-70.8885,42.4944],[-70.8884,42.4944],[-70.8883,42.4941],[-70.8882,42.4941],[-70.8882,42.4942],[-70.8882,42.4944],[-70.8882,42.4945],[-70.888,42.4946],[-70.8879,42.4947],[-70.8878,42.4947],[-70.8877,42.4948],[-70.8876,42.4948],[-70.8875,42.4949],[-70.887,42.495],[-70.8868,42.4951],[-70.8867,42.4951],[-70.8866,42.4952],[-70.8865,42.4952],[-70.8864,42.4954],[-70.8862,42.4956],[-70.8862,42.4957],[-70.8858,42.4978]]]},"properties":{"name":"Salem"}},{"type":"Feature","geometry":{"type":"Polygon","coordinates":[[[-71.9797,42.5323],[-72.0014,42.5466],[-72.082,42.4956],[-72.0997,42.4845],[-72.0074,42.421],[-71.9654,42.4466],[-71.9203,42.4745],[-71.9332,42.4829],[-71.9198,42.4914],[-71.9797,42.5323]]]},"properties":{"name":"Hubbardston"}},{"type":"Feature","geometry":{"type":"Polygon","coordinates":[[[-72.2714,42.5472],[-72.3568,42.5487],[-72.3582,42.5013],[-72.3685,42.5025],[-72.3686,42.4645],[-72.3838,42.4646],[-72.3824,42.4637],[-72.3828,42.4618],[-72.3808,42.4601],[-72.3823,42.4583],[-72.3819,42.455],[-72.3827,42.4532],[-72.3792,42.4489],[-72.378,42.4464],[-72.3798,42.444],[-72.3791,42.441],[-72.3806,42.439],[-72.3756,42.4364],[-72.3762,42.4309],[-72.3751,42.43],[-72.3748,42.427],[-72.3766,42.4243],[-72.375,42.4208],[-72.3754,42.419],[-72.372,42.416],[-72.3736,42.4139],[-72.3723,42.4123],[-72.3699,42.4107],[-72.3714,42.4086],[-72.37,42.408],[-72.3678,42.4056],[-72.3665,42.4033],[-72.368,42.4027],[-72.3694,42.4003],[-72.3679,42.3975],[-72.3688,42.3964],[-72.3655,42.3906],[-72.366,42.3888],[-72.3643,42.3881],[-72.3638,42.3867],[-72.3668,42.3854],[-72.367,42.3844],[-72.3649,42.3823],[-72.3667,42.3809],[-72.3657,42.3779],[-72.3639,42.3778],[-72.364,42.3736],[-72.3628,42.372],[-72.3608,42.3712],[-72.3608,42.3688],[-72.358,42.3668],[-72.3572,42.3652],[-72.3588,42.3647],[-72.3584,42.3623],[-72.3572,42.3597],[-72.359,42.3567],[-72.359,42.3556],[-72.3572,42.3543],[-72.3577,42.352],[-72.3564,42.3507],[-72.3584,42.3499],[-72.359,42.3486],[-72.3585,42.3461],[-72.357,42.3439],[-72.3551,42.3432],[-72.3554,42.3407],[-72.3529,42.3382],[-72.3529,42.3363],[-72.351,42.3347],[-72.3526,42.3324],[-72.3515,42.33],[-72.3529,42.3263],[-72.3512,42.3249],[-72.3536,42.3233],[-72.3537,42.3207],[-72.3552,42.3165],[-72.3552,42.3147],[-72.3569,42.313],[-72.3573,42.3104],[-72.3591,42.3098],[-72.3599,42.3073],[-72.356,42.3033],[-72.3542,42.3057],[-72.3522,42.3064],[-72.3517,42.3043],[-72.3501,42.3044],[-72.3496,42.306],[-72.3499,42.308],[-72.3515,42.31],[-72.3502,42.3103],[-72.3487,42.3092],[-72.3463,42.3098],[-72.3436,42.3119],[-72.3421,42.3143],[-72.3377,42.3145],[-72.3352,42.3151],[-72.3347,42.3176],[-72.3323,42.3194],[-72.3291,42.3197],[-72.3272,42.3205],[-72.3274,42.3234],[-72.3282,42.3252],[-72.3245,42.3263],[-72.326,42.3279],[-72.3252,42.3303],[-72.3227,42.331],[-72.3228,42.3342],[-72.3176,42.3396],[-72.3155,42.3394],[-72.3146,42.3405],[-72.3149,42.3433],[-72.3143,42.3437],[-72.3143,42.3483],[-72.3126,42.3508],[-72.3122,42.3525],[-72.3138,42.355],[-72.3131,42.3557],[-72.3138,42.3578],[-72.3115,42.3589],[-72.313,42.3621],[-72.3108,42.3638],[-72.3131,42.3686],[-72.3157,42.3695],[-72.3146,42.3714],[-72.312,42.3717],[-72.3121,42.3738],[-72.3137,42.3773],[-72.3123,42.3785],[-72.3135,42.3794],[-72.313,42.3832],[-72.3119,42.3843],[-72.3115,42.3864],[-72.31,42.3874],[-72.3135,42.3896],[-72.3127,42.3909],[-72.3134,42.3928],[-72.3158,42.3945],[-72.3136,42.3964],[-72.3151,42.3989],[-72.3133,42.4006],[-72.314,42.4015],[-72.3126,42.4035],[-72.3136,42.4058],[-72.3104,42.4079],[-72.3109,42.4088],[-72.3101,42.4109],[-72.3077,42.4146],[-72.306,42.4181],[-72.3063,42.42],[-72.302,42.4205],[-72.3003,42.4246],[-72.2978,42.4269],[-72.2959,42.4277],[-72.2936,42.43],[-72.2921,42.43],[-72.2912,42.4333],[-72.2887,42.4356],[-72.2903,42.4376],[-72.2873,42.4372],[-72.2873,42.4385],[-72.2833,42.4412],[-72.287,42.4583],[-72.2913,42.4795],[-72.2873,42.4823],[-72.2449,42.5134],[-72.2691,42.5334],[-72.2714,42.5472]]]},"properties":{"name":"New Salem"}},{"type":"Feature","geometry":{"type":"Polygon","coordinates":[[[-72.1009,42.4837],[-72.1856,42.5503],[-72.1964,42.5489],[-72.2449,42.5134],[-72.2873,42.4823],[-72.2913,42.4795],[-72.287,42.4583],[-72.2833,42.4412],[-72.2873,42.4385],[-72.2873,42.4372],[-72.2903,42.4376],[-72.2887,42.4356],[-72.2912,42.4333],[-72.2921,42.43],[-72.2936,42.43],[-72.2959,42.4277],[-72.2978,42.4269],[-72.3003,42.4246],[-72.302,42.4205],[-72.3063,42.42],[-72.306,42.4181],[-72.3077,42.4146],[-72.3101,42.4109],[-72.3109,42.4088],[-72.3104,42.4079],[-72.3136,42.4058],[-72.3126,42.4035],[-72.314,42.4015],[-72.3133,42.4006],[-72.3151,42.3989],[-72.3136,42.3964],[-72.3158,42.3945],[-72.3134,42.3928],[-72.3127,42.3909],[-72.3135,42.3896],[-72.31,42.3874],[-72.3115,42.3864],[-72.3119,42.3843],[-72.313,42.3832],[-72.3135,42.3794],[-72.3123,42.3785],[-72.3137,42.3773],[-72.3121,42.3738],[-72.312,42.3717],[-72.3146,42.3714],[-72.3157,42.3695],[-72.3131,42.3686],[-72.3108,42.3638],[-72.313,42.3621],[-72.3115,42.3589],[-72.3138,42.3578],[-72.3131,42.3557],[-72.3138,42.355],[-72.3122,42.3525],[-72.3126,42.3508],[-72.3143,42.3483],[-72.3143,42.3437],[-72.3122,42.3428],[-72.3095,42.3443],[-72.3068,42.3443],[-72.3063,42.3461],[-72.3038,42.3458],[-72.3011,42.3484],[-72.2987,42.3493],[-72.2967,42.3494],[-72.2957,42.3504],[-72.292,42.3518],[-72.2913,42.3511],[-72.2886,42.3521],[-72.2862,42.3536],[-72.2874,42.3554],[-72.2841,42.3566],[-72.2853,42.3583],[-72.2844,42.3614],[-72.2852,42.3661],[-72.285,42.3731],[-72.282,42.3719],[-72.28,42.3742],[-72.2812,42.3767],[-72.2815,42.3787],[-72.28,42.3793],[-72.2786,42.3822],[-72.274,42.3845],[-72.2737,42.3866],[-72.2723,42.3887],[-72.2726,42.3897],[-72.2704,42.3904],[-72.2685,42.3903],[-72.2658,42.3871],[-72.2641,42.3866],[-72.2582,42.3935],[-72.2443,42.3883],[-72.2423,42.3881],[-72.238,42.3907],[-72.2381,42.3923],[-72.2393,42.3934],[-72.2385,42.3953],[-72.2368,42.3961],[-72.2365,42.3973],[-72.2333,42.3988],[-72.2308,42.3991],[-72.2296,42.4002],[-72.219,42.3955],[-72.2052,42.4177],[-72.1009,42.4837]]]},"properties":{"name":"Petersham"}},{"type":"Feature","geometry":{"type":"Polygon","coordinates":[[[-71.5388,42.543],[-71.5803,42.5505],[-71.5886,42.5463],[-71.5911,42.5445],[-71.5946,42.5434],[-71.6023,42.5452],[-71.6079,42.5454],[-71.6199,42.5525],[-71.6252,42.5501],[-71.6282,42.5482],[-71.632,42.5445],[-71.6337,42.5411],[-71.6362,42.5393],[-71.6367,42.5331],[-71.6392,42.531],[-71.6391,42.5292],[-71.6359,42.524],[-71.6319,42.5191],[-71.63,42.5178],[-71.6322,42.5162],[-71.6296,42.5158],[-71.6298,42.514],[-71.6274,42.513],[-71.6294,42.5113],[-71.6342,42.5044],[-71.6335,42.5026],[-71.6316,42.5027],[-71.6268,42.5003],[-71.6258,42.4991],[-71.6268,42.4956],[-71.6278,42.495],[-71.6278,42.4926],[-71.6289,42.4888],[-71.6306,42.4877],[-71.6322,42.4828],[-71.6341,42.4829],[-71.6339,42.4813],[-71.6348,42.48],[-71.6336,42.4772],[-71.6358,42.4769],[-71.5489,42.4473],[-71.5434,42.4665],[-71.5604,42.4743],[-71.5349,42.5133],[-71.5327,42.5146],[-71.5298,42.5198],[-71.5314,42.5204],[-71.5388,42.543]]]},"properties":{"name":"Harvard"}},{"type":"Feature","geometry":{"type":"Polygon","coordinates":[[[-73.1079,42.5365],[-73.1466,42.5411],[-73.1658,42.5109],[-73.1822,42.4854],[-73.191,42.4523],[-73.2019,42.4138],[-73.1692,42.4128],[-73.1573,42.4535],[-73.1244,42.4526],[-73.1152,42.4878],[-73.1137,42.4924],[-73.1203,42.4935],[-73.1079,42.5365]]]},"properties":{"name":"Dalton"}},{"type":"Feature","geometry":{"type":"Polygon","coordinates":[[[-71.3325,42.5608],[-71.3463,42.5637],[-71.3683,42.558],[-71.3884,42.5499],[-71.3847,42.5387],[-71.3995,42.534],[-71.3979,42.5263],[-71.3916,42.5068],[-71.3849,42.5045],[-71.3536,42.5029],[-71.3175,42.5024],[-71.3177,42.5048],[-71.3166,42.5071],[-71.3134,42.5097],[-71.3113,42.511],[-71.3062,42.5151],[-71.3069,42.5175],[-71.3067,42.5206],[-71.3066,42.5231],[-71.305,42.5265],[-71.3046,42.5293],[-71.3075,42.53],[-71.3072,42.5332],[-71.3087,42.534],[-71.3183,42.5428],[-71.3144,42.5496],[-71.3196,42.5541],[-71.3248,42.5561],[-71.3331,42.5601],[-71.3325,42.5608]]]},"properties":{"name":"Carlisle"}},{"type":"Feature","geometry":{"type":"Polygon","coordinates":[[[-72.8768,42.5412],[-72.9754,42.556],[-72.979,42.5416],[-72.9686,42.54],[-72.9793,42.4979],[-72.8822,42.4807],[-72.8711,42.484],[-72.8752,42.5073],[-72.8703,42.5252],[-72.8755,42.5259],[-72.8767,42.5317],[-72.8768,42.5412]]]},"properties":{"name":"Plainfield"}},{"type":"Feature","geometry":{"type":"Polygon","coordinates":[[[-71.071,42.5559],[-71.0899,42.5582],[-71.0928,42.5593],[-71.1055,42.5659],[-71.1087,42.5637],[-71.1102,42.5614],[-71.1133,42.5609],[-71.1159,42.5619],[-71.1186,42.5613],[-71.1187,42.5605],[-71.1215,42.56],[-71.124,42.5582],[-71.1275,42.5544],[-71.1296,42.5546],[-71.1307,42.5538],[-71.1356,42.5523],[-71.1365,42.5524],[-71.1313,42.5318],[-71.1355,42.53],[-71.1242,42.5084],[-71.1242,42.5075],[-71.122,42.5043],[-71.1198,42.5003],[-71.1007,42.5022],[-71.0996,42.5064],[-71.0943,42.5071],[-71.0941,42.5075],[-71.0974,42.5102],[-71.0966,42.5119],[-71.0835,42.5255],[-71.0811,42.5255],[-71.0751,42.531],[-71.071,42.5559]]]},"properties":{"name":"Reading"}},{"type":"Feature","geometry":{"type":"Polygon","coordinates":[[[-72.979,42.5416],[-73.0854,42.5595],[-73.0886,42.5484],[-73.1038,42.5508],[-73.1079,42.5365],[-73.1203,42.4935],[-73.1137,42.4924],[-73.1152,42.4878],[-73.0679,42.4801],[-72.9881,42.4669],[-72.9865,42.4667],[-72.9793,42.4979],[-72.9686,42.54],[-72.979,42.5416]]]},"properties":{"name":"Windsor"}},{"type":"Feature","geometry":{"type":"Polygon","coordinates":[[[-71.0028,42.5634],[-71.0038,42.5652],[-71.0064,42.565],[-71.0084,42.5641],[-71.0126,42.5661],[-71.0153,42.5679],[-71.0188,42.568],[-71.0209,42.5687],[-71.0212,42.5699],[-71.0233,42.5704],[-71.0244,42.5694],[-71.0293,42.57],[-71.0298,42.5652],[-71.0348,42.5655],[-71.0316,42.5512],[-71.0053,42.523],[-70.9869,42.5118],[-70.9572,42.4966],[-70.9499,42.4948],[-70.9198,42.5206],[-70.9189,42.5229],[-70.9171,42.5243],[-70.9183,42.525],[-70.9165,42.5269],[-70.9156,42.5288],[-70.9126,42.528],[-70.9133,42.5325],[-70.9135,42.5415],[-70.923,42.5436],[-70.9291,42.5451],[-70.9362,42.5471],[-70.9379,42.5473],[-70.9403,42.5459],[-70.9419,42.5469],[-70.98,42.556],[-71.0028,42.5634]]]},"properties":{"name":"Peabody"}},{"type":"Feature","geometry":{"type":"Polygon","coordinates":[[[-71.7022,42.5339],[-71.7112,42.5354],[-71.7204,42.5523],[-71.7451,42.5739],[-71.763,42.5639],[-71.7572,42.5621],[-71.7541,42.5595],[-71.7509,42.5541],[-71.7477,42.5499],[-71.7491,42.5491],[-71.7497,42.5452],[-71.7542,42.5461],[-71.7578,42.5486],[-71.7604,42.5476],[-71.7619,42.5498],[-71.7616,42.5519],[-71.7643,42.555],[-71.7713,42.5592],[-71.786,42.551],[-71.7894,42.5509],[-71.7971,42.5526],[-71.8006,42.5517],[-71.8038,42.5489],[-71.8079,42.5472],[-71.8151,42.5472],[-71.8207,42.5465],[-71.8242,42.5471],[-71.8313,42.549],[-71.8371,42.5486],[-71.8378,42.5438],[-71.842,42.5147],[-71.8423,42.5126],[-71.8223,42.5043],[-71.83,42.4922],[-71.7284,42.4751],[-71.7167,42.519],[-71.7124,42.5213],[-71.7022,42.5339]]]},"properties":{"name":"Leominster"}},{"type":"Feature","geometry":{"type":"Polygon","coordinates":[[[-72.7454,42.5643],[-72.7754,42.568],[-72.8485,42.5591],[-72.877,42.5554],[-72.8768,42.5412],[-72.8767,42.5317],[-72.8755,42.5259],[-72.8703,42.5252],[-72.8752,42.5073],[-72.8711,42.484],[-72.8556,42.4809],[-72.8316,42.4764],[-72.8315,42.477],[-72.7733,42.4668],[-72.7736,42.4655],[-72.7638,42.4637],[-72.7618,42.4633],[-72.7331,42.5627],[-72.7454,42.5643]]]},"properties":{"name":"Ashfield"}},{"type":"Feature","geometry":{"type":"Polygon","coordinates":[[[-71.4285,42.5288],[-71.48,42.5581],[-71.4838,42.5738],[-71.498,42.5769],[-71.503,42.5755],[-71.5064,42.5722],[-71.5115,42.5694],[-71.5209,42.5643],[-71.5232,42.5598],[-71.5279,42.5562],[-71.5324,42.5538],[-71.533,42.5527],[-71.5423,42.5503],[-71.5388,42.543],[-71.5314,42.5204],[-71.5298,42.5198],[-71.5178,42.5156],[-71.5148,42.5115],[-71.5114,42.5089],[-71.5091,42.51],[-71.5028,42.5069],[-71.5001,42.5093],[-71.4735,42.5002],[-71.4439,42.5091],[-71.435,42.5222],[-71.4285,42.5288]]]},"properties":{"name":"Littleton"}},{"type":"Feature","geometry":{"type":"Polygon","coordinates":[[[-71.5115,42.5694],[-71.6003,42.5829],[-71.6024,42.582],[-71.6069,42.5832],[-71.6092,42.5812],[-71.6099,42.5798],[-71.6095,42.5782],[-71.6129,42.577],[-71.6138,42.5753],[-71.6159,42.575],[-71.6141,42.5721],[-71.6125,42.5718],[-71.6113,42.5684],[-71.6067,42.5666],[-71.6086,42.5655],[-71.609,42.564],[-71.6114,42.5617],[-71.6125,42.5592],[-71.6119,42.5566],[-71.6109,42.555],[-71.612,42.5537],[-71.6161,42.5535],[-71.6199,42.5525],[-71.6079,42.5454],[-71.6023,42.5452],[-71.5946,42.5434],[-71.5911,42.5445],[-71.5886,42.5463],[-71.5803,42.5505],[-71.5388,42.543],[-71.5423,42.5503],[-71.533,42.5527],[-71.5324,42.5538],[-71.5279,42.5562],[-71.5232,42.5598],[-71.5209,42.5643],[-71.5115,42.5694]]]},"properties":{"name":"Ayer"}},{"type":"Feature","geometry":{"type":"Polygon","coordinates":[[[-72.5568,42.5065],[-72.5553,42.5087],[-72.5552,42.5107],[-72.5565,42.5131],[-72.5634,42.5195],[-72.567,42.5245],[-72.5683,42.5282],[-72.5689,42.5325],[-72.5687,42.5337],[-72.5664,42.5379],[-72.5639,42.5415],[-72.5625,42.5448],[-72.556,42.5541],[-72.5557,42.5555],[-72.5563,42.5643],[-72.5573,42.5666],[-72.5599,42.5706],[-72.5611,42.5746],[-72.5653,42.5771],[-72.5704,42.5788],[-72.5741,42.5795],[-72.5781,42.5785],[-72.5779,42.5744],[-72.5789,42.5718],[-72.5802,42.5709],[-72.5858,42.5705],[-72.5919,42.5697],[-72.5937,42.5669],[-72.5958,42.5663],[-72.6001,42.5682],[-72.6023,42.5716],[-72.6054,42.5718],[-72.6088,42.57],[-72.6137,42.5698],[-72.6179,42.5699],[-72.6225,42.571],[-72.6239,42.5705],[-72.6297,42.5787],[-72.6368,42.578],[-72.6389,42.57],[-72.652,42.5686],[-72.6553,42.5552],[-72.6755,42.553],[-72.6724,42.5517],[-72.6692,42.5514],[-72.6641,42.5491],[-72.6633,42.5484],[-72.6608,42.544],[-72.6557,42.5404],[-72.6522,42.5338],[-72.6487,42.5294],[-72.6609,42.48],[-72.6628,42.4693],[-72.6562,42.47],[-72.6324,42.4729],[-72.6315,42.4683],[-72.6236,42.4691],[-72.6237,42.4699],[-72.6111,42.4712],[-72.6092,42.464],[-72.5855,42.4668],[-72.5819,42.4721],[-72.5758,42.4781],[-72.574,42.4789],[-72.5712,42.4819],[-72.5707,42.4837],[-72.5709,42.4877],[-72.5691,42.4918],[-72.5681,42.497],[-72.5653,42.4999],[-72.5616,42.5025],[-72.5568,42.5065]]]},"properties":{"name":"Deerfield"}},{"type":"Feature","geometry":{"type":"Polygon","coordinates":[[[-72.6755,42.553],[-72.6788,42.5558],[-72.6798,42.5597],[-72.6794,42.5614],[-72.6808,42.5629],[-72.686,42.5625],[-72.6916,42.5641],[-72.695,42.5642],[-72.6996,42.5634],[-72.7036,42.5644],[-72.7055,42.5658],[-72.7072,42.5694],[-72.7074,42.574],[-72.7069,42.5766],[-72.709,42.5782],[-72.7112,42.5786],[-72.7166,42.5815],[-72.7185,42.585],[-72.7193,42.5855],[-72.7422,42.5831],[-72.7454,42.5643],[-72.7331,42.5627],[-72.7618,42.4633],[-72.7638,42.4637],[-72.7643,42.4602],[-72.7583,42.4609],[-72.7591,42.4565],[-72.7651,42.4559],[-72.7659,42.4517],[-72.7571,42.4524],[-72.7578,42.4459],[-72.7009,42.4529],[-72.6574,42.4584],[-72.6557,42.4613],[-72.6574,42.466],[-72.6562,42.47],[-72.6628,42.4693],[-72.6609,42.48],[-72.6487,42.5294],[-72.6522,42.5338],[-72.6557,42.5404],[-72.6608,42.544],[-72.6633,42.5484],[-72.6641,42.5491],[-72.6692,42.5514],[-72.6724,42.5517],[-72.6755,42.553]]]},"properties":{"name":"Conway"}},{"type":"Feature","geometry":{"type":"Polygon","coordinates":[[[-70.9115,42.5496],[-70.9116,42.5479],[-70.9053,42.5477],[-70.9044,42.5472],[-70.9013,42.5477],[-70.9013,42.5456],[-70.8976,42.5447],[-70.8945,42.5433],[-70.8909,42.5456],[-70.8874,42.5491],[-70.8881,42.5457],[-70.8902,42.544],[-70.8902,42.5426],[-70.8915,42.5419],[-70.8895,42.5399],[-70.8841,42.5408],[-70.8816,42.5407],[-70.8796,42.5391],[-70.8785,42.5394],[-70.8751,42.544],[-70.8712,42.547],[-70.8678,42.5485],[-70.8649,42.5465],[-70.8616,42.5466],[-70.8609,42.5445],[-70.8584,42.5466],[-70.8555,42.5463],[-70.8553,42.5487],[-70.8528,42.5503],[-70.8505,42.551],[-70.8481,42.5502],[-70.8458,42.5477],[-70.8435,42.5495],[-70.8396,42.5507],[-70.8325,42.551],[-70.8299,42.5521],[-70.8274,42.5516],[-70.8236,42.5515],[-70.8222,42.5523],[-70.8155,42.5545],[-70.8056,42.5603],[-70.8006,42.5616],[-70.7979,42.5637],[-70.7945,42.5645],[-70.7933,42.5673],[-70.7945,42.5693],[-70.807,42.5804],[-70.8101,42.5842],[-70.8133,42.5801],[-70.819,42.5793],[-70.8203,42.5778],[-70.8277,42.5831],[-70.8354,42.5907],[-70.9014,42.591],[-70.9223,42.5915],[-70.9084,42.573],[-70.9086,42.5576],[-70.9115,42.5496]]]},"properties":{"name":"Beverly"}},{"type":"Feature","geometry":{"type":"Polygon","coordinates":[[[-73.2019,42.5792],[-73.2583,42.5886],[-73.3117,42.5046],[-73.1822,42.4854],[-73.1658,42.5109],[-73.1896,42.5148],[-73.1884,42.5166],[-73.2009,42.5186],[-73.1875,42.5386],[-73.2121,42.5424],[-73.2035,42.5561],[-73.2094,42.5571],[-73.2045,42.5647],[-73.2106,42.5657],[-73.2019,42.5792]]]},"properties":{"name":"Lanesborough"}},{"type":"Feature","geometry":{"type":"Polygon","coordinates":[[[-70.7154,42.5756],[-70.7152,42.576],[-70.7171,42.5815],[-70.7235,42.5843],[-70.7338,42.5881],[-70.7405,42.59],[-70.7456,42.5996],[-70.7735,42.5982],[-70.8008,42.5953],[-70.8145,42.5934],[-70.8101,42.5842],[-70.807,42.5804],[-70.7945,42.5693],[-70.7933,42.5673],[-70.7932,42.5647],[-70.7938,42.5625],[-70.7914,42.5632],[-70.79,42.5627],[-70.7871,42.5641],[-70.7847,42.5647],[-70.7819,42.5644],[-70.7781,42.5673],[-70.7776,42.5687],[-70.7739,42.5683],[-70.7728,42.5669],[-70.7751,42.5663],[-70.7768,42.5645],[-70.7753,42.5615],[-70.7775,42.5592],[-70.7742,42.5597],[-70.7731,42.5592],[-70.7695,42.564],[-70.7691,42.5627],[-70.7639,42.5632],[-70.7618,42.5673],[-70.7602,42.569],[-70.7561,42.5709],[-70.7552,42.5702],[-70.749,42.5734],[-70.746,42.573],[-70.7452,42.5744],[-70.7417,42.5753],[-70.7399,42.5748],[-70.7368,42.5768],[-70.7344,42.5765],[-70.7343,42.5786],[-70.731,42.5789],[-70.7288,42.5778],[-70.7297,42.5736],[-70.7295,42.5716],[-70.7232,42.5724],[-70.7221,42.5757],[-70.7198,42.5765],[-70.7169,42.5763],[-70.7154,42.5756]]]},"properties":{"name":"Manchester-by-the-Sea"}},{"type":"Feature","geometry":{"type":"Polygon","coordinates":[[[-71.0355,42.5703],[-71.0283,42.5741],[-71.034,42.5855],[-71.0594,42.6063],[-71.0588,42.6091],[-71.0762,42.6041],[-71.1354,42.5991],[-71.1305,42.5832],[-71.1367,42.5535],[-71.1365,42.5524],[-71.1356,42.5523],[-71.1307,42.5538],[-71.1296,42.5546],[-71.1275,42.5544],[-71.124,42.5582],[-71.1215,42.56],[-71.1187,42.5605],[-71.1186,42.5613],[-71.1159,42.5619],[-71.1133,42.5609],[-71.1102,42.5614],[-71.1087,42.5637],[-71.1055,42.5659],[-71.0928,42.5593],[-71.0899,42.5582],[-71.071,42.5559],[-71.0649,42.5621],[-71.0572,42.574],[-71.053,42.5726],[-71.0523,42.5716],[-71.0498,42.5711],[-71.0462,42.5726],[-71.0415,42.5735],[-71.0401,42.5716],[-71.0355,42.5703]]]},"properties":{"name":"North Reading"}},{"type":"Feature","geometry":{"type":"MultiPolygon","coordinates":[[[[-70.9112,42.5411],[-70.9103,42.5435],[-70.9138,42.5446],[-70.9159,42.5458],[-70.92,42.5459],[-70.9206,42.5446],[-70.923,42.5436],[-70.9135,42.5415],[-70.9112,42.5411]]],[[[-70.9223,42.5915],[-70.9275,42.5922],[-70.9339,42.5996],[-70.9295,42.609],[-70.9311,42.6124],[-70.9324,42.6132],[-70.9439,42.6096],[-70.9547,42.6053],[-70.9648,42.5996],[-70.9744,42.5945],[-70.9861,42.5918],[-70.9864,42.5897],[-70.9904,42.5866],[-70.9912,42.5853],[-70.9908,42.5826],[-70.9898,42.581],[-70.9935,42.5756],[-70.993,42.5749],[-70.9945,42.5724],[-70.9967,42.571],[-70.9964,42.5691],[-70.998,42.567],[-71.002,42.5656],[-71.0028,42.5634],[-70.98,42.556],[-70.9419,42.5469],[-70.9403,42.5459],[-70.9379,42.5473],[-70.9362,42.5471],[-70.9284,42.5462],[-70.9262,42.5451],[-70.9226,42.5456],[-70.9172,42.5476],[-70.9166,42.5489],[-70.9175,42.5501],[-70.9207,42.5491],[-70.9235,42.552],[-70.9212,42.5519],[-70.9197,42.551],[-70.9176,42.5527],[-70.9186,42.555],[-70.9198,42.5561],[-70.9222,42.5564],[-70.9229,42.5579],[-70.9181,42.5576],[-70.9151,42.5553],[-70.9159,42.5532],[-70.9145,42.5501],[-70.9115,42.5496],[-70.9086,42.5576],[-70.9084,42.573],[-70.9223,42.5915]]]]},"properties":{"name":"Danvers"}},{"type":"Feature","geometry":{"type":"Polygon","coordinates":[[[-72.3623,42.5952],[-72.3631,42.5953],[-72.3697,42.5984],[-72.374,42.5994],[-72.3762,42.599],[-72.3788,42.5978],[-72.3816,42.5981],[-72.3847,42.5979],[-72.3868,42.5965],[-72.3893,42.5958],[-72.3928,42.5979],[-72.4026,42.5982],[-72.4099,42.604],[-72.4171,42.6078],[-72.4223,42.6075],[-72.4264,42.6077],[-72.4282,42.6067],[-72.4302,42.6045],[-72.4318,42.6016],[-72.434,42.5998],[-72.4379,42.5979],[-72.437,42.5951],[-72.4374,42.594],[-72.4412,42.5922],[-72.4429,42.5898],[-72.4458,42.5891],[-72.4496,42.5861],[-72.457,42.5815],[-72.46,42.5805],[-72.4618,42.578],[-72.4661,42.5767],[-72.4638,42.5738],[-72.4643,42.5704],[-72.4624,42.5666],[-72.4597,42.5632],[-72.4556,42.5606],[-72.4539,42.5583],[-72.4527,42.5546],[-72.4596,42.5164],[-72.4395,42.5186],[-72.4409,42.5104],[-72.3685,42.5025],[-72.3582,42.5013],[-72.3568,42.5487],[-72.3538,42.5981],[-72.3571,42.5988],[-72.3591,42.5987],[-72.3623,42.5952]]]},"properties":{"name":"Wendell"}},{"type":"Feature","geometry":{"type":"Polygon","coordinates":[[[-71.2963,42.6127],[-71.297,42.613],[-71.2957,42.6093],[-71.2953,42.6066],[-71.2945,42.6053],[-71.3325,42.5608],[-71.3331,42.5601],[-71.3248,42.5561],[-71.3196,42.5541],[-71.3144,42.5496],[-71.3183,42.5428],[-71.3087,42.534],[-71.3072,42.5332],[-71.3075,42.53],[-71.3046,42.5293],[-71.305,42.5265],[-71.3066,42.5231],[-71.3067,42.5206],[-71.3035,42.5201],[-71.2811,42.5263],[-71.2781,42.5267],[-71.2643,42.5241],[-71.2564,42.524],[-71.2546,42.5226],[-71.2501,42.5257],[-71.2426,42.5199],[-71.2401,42.5197],[-71.2369,42.5115],[-71.2335,42.5087],[-71.2319,42.5064],[-71.2219,42.5252],[-71.218,42.524],[-71.205,42.5445],[-71.2064,42.5458],[-71.2098,42.546],[-71.2106,42.5477],[-71.2098,42.5514],[-71.2114,42.5531],[-71.2089,42.5545],[-71.218,42.561],[-71.2157,42.5626],[-71.2158,42.5638],[-71.2143,42.5652],[-71.2153,42.5703],[-71.2111,42.5733],[-71.2963,42.6127]]]},"properties":{"name":"Billerica"}},{"type":"Feature","geometry":{"type":"Polygon","coordinates":[[[-71.1354,42.5991],[-71.1412,42.6032],[-71.1432,42.604],[-71.146,42.6085],[-71.1487,42.6132],[-71.1544,42.6153],[-71.1566,42.615],[-71.1586,42.613],[-71.1595,42.6077],[-71.1607,42.6053],[-71.1639,42.6019],[-71.1649,42.598],[-71.1752,42.5923],[-71.1925,42.5645],[-71.2111,42.5733],[-71.2153,42.5703],[-71.2143,42.5652],[-71.2158,42.5638],[-71.2157,42.5626],[-71.218,42.561],[-71.2089,42.5545],[-71.2114,42.5531],[-71.2098,42.5514],[-71.2106,42.5477],[-71.2098,42.546],[-71.2064,42.5458],[-71.205,42.5445],[-71.1997,42.5395],[-71.1977,42.5384],[-71.1951,42.5357],[-71.193,42.5345],[-71.17,42.5155],[-71.1355,42.53],[-71.1313,42.5318],[-71.1365,42.5524],[-71.1367,42.5535],[-71.1305,42.5832],[-71.1354,42.5991]]]},"properties":{"name":"Wilmington"}},{"type":"Feature","geometry":{"type":"Polygon","coordinates":[[[-72.5527,42.6122],[-72.5548,42.6122],[-72.558,42.6113],[-72.5668,42.6062],[-72.5716,42.6022],[-72.5765,42.5969],[-72.5822,42.5944],[-72.5832,42.5924],[-72.583,42.59],[-72.5807,42.5877],[-72.5798,42.5847],[-72.58,42.5817],[-72.5781,42.5785],[-72.5741,42.5795],[-72.5704,42.5788],[-72.5653,42.5771],[-72.5611,42.5746],[-72.5599,42.5706],[-72.5573,42.5666],[-72.5563,42.5643],[-72.5557,42.5555],[-72.556,42.5541],[-72.5625,42.5448],[-72.5639,42.5415],[-72.5664,42.5379],[-72.5687,42.5337],[-72.5689,42.5325],[-72.5683,42.5282],[-72.567,42.5245],[-72.5634,42.5195],[-72.5565,42.5131],[-72.5552,42.5107],[-72.5553,42.5087],[-72.5568,42.5065],[-72.5209,42.5102],[-72.4596,42.5164],[-72.4527,42.5546],[-72.4539,42.5583],[-72.4556,42.5606],[-72.4597,42.5632],[-72.4624,42.5666],[-72.4643,42.5704],[-72.4638,42.5738],[-72.4661,42.5767],[-72.4696,42.5748],[-72.4729,42.5739],[-72.4747,42.5742],[-72.4801,42.5788],[-72.4818,42.5793],[-72.484,42.5785],[-72.4869,42.5783],[-72.4903,42.5789],[-72.4929,42.5806],[-72.4953,42.5808],[-72.5001,42.5796],[-72.5022,42.5796],[-72.5035,42.5811],[-72.4981,42.5858],[-72.4982,42.5885],[-72.4974,42.5903],[-72.4952,42.5925],[-72.4965,42.5941],[-72.4964,42.5969],[-72.4971,42.5976],[-72.5001,42.5968],[-72.503,42.5985],[-72.5045,42.5999],[-72.5058,42.6033],[-72.508,42.6039],[-72.5144,42.6044],[-72.5202,42.6045],[-72.5238,42.6039],[-72.5289,42.6008],[-72.5319,42.5993],[-72.5381,42.597],[-72.5411,42.5964],[-72.5431,42.5966],[-72.5451,42.598],[-72.5454,42.6035],[-72.5461,42.6053],[-72.5494,42.6075],[-72.5527,42.6109],[-72.5527,42.6122]]]},"properties":{"name":"Montague"}},{"type":"Feature","geometry":{"type":"Polygon","coordinates":[[[-73.1743,42.5985],[-73.2044,42.6061],[-73.1997,42.59],[-73.2019,42.5792],[-73.2106,42.5657],[-73.2045,42.5647],[-73.2094,42.5571],[-73.2035,42.5561],[-73.2121,42.5424],[-73.1875,42.5386],[-73.2009,42.5186],[-73.1884,42.5166],[-73.1896,42.5148],[-73.1658,42.5109],[-73.1466,42.5411],[-73.1079,42.5365],[-73.1038,42.5508],[-73.0886,42.5484],[-73.0854,42.5595],[-73.0956,42.5612],[-73.0805,42.5736],[-73.0843,42.5948],[-73.1743,42.5985]]]},"properties":{"name":"Cheshire"}},{"type":"Feature","geometry":{"type":"Polygon","coordinates":[[[-70.9189,42.6228],[-70.9214,42.6238],[-70.9243,42.6238],[-70.9257,42.6229],[-70.9275,42.617],[-70.9311,42.6124],[-70.9295,42.609],[-70.9339,42.5996],[-70.9275,42.5922],[-70.9223,42.5915],[-70.9014,42.591],[-70.8354,42.5907],[-70.8277,42.5831],[-70.8203,42.5778],[-70.819,42.5793],[-70.8133,42.5801],[-70.8101,42.5842],[-70.8145,42.5934],[-70.8753,42.6099],[-70.9186,42.6226],[-70.9189,42.6228]]]},"properties":{"name":"Wenham"}},{"type":"Feature","geometry":{"type":"Polygon","coordinates":[[[-72.082,42.4956],[-72.0816,42.4984],[-72.0824,42.5016],[-72.0836,42.5044],[-72.085,42.5052],[-72.084,42.5065],[-72.0838,42.5086],[-72.0853,42.5121],[-72.0867,42.5129],[-72.0886,42.5157],[-72.0912,42.5171],[-72.0919,42.5213],[-72.0909,42.5244],[-72.0954,42.5355],[-72.1269,42.5753],[-72.1216,42.5784],[-72.1248,42.6101],[-72.1251,42.6116],[-72.1287,42.6121],[-72.132,42.6164],[-72.134,42.6168],[-72.1346,42.6184],[-72.139,42.6239],[-72.1421,42.6236],[-72.1544,42.6238],[-72.1548,42.62],[-72.1577,42.618],[-72.1707,42.597],[-72.1679,42.6001],[-72.1636,42.5983],[-72.1613,42.6011],[-72.1589,42.5994],[-72.1605,42.5951],[-72.1624,42.5937],[-72.1655,42.5903],[-72.1631,42.5889],[-72.1676,42.5849],[-72.1756,42.5899],[-72.1856,42.5503],[-72.1009,42.4837],[-72.0997,42.4845],[-72.082,42.4956]]]},"properties":{"name":"Phillipston"}},{"type":"Feature","geometry":{"type":"Polygon","coordinates":[[[-72.0461,42.6019],[-72.0757,42.6252],[-72.1166,42.6266],[-72.139,42.6239],[-72.1346,42.6184],[-72.134,42.6168],[-72.132,42.6164],[-72.1287,42.6121],[-72.1251,42.6116],[-72.1248,42.6101],[-72.1216,42.5784],[-72.1269,42.5753],[-72.0954,42.5355],[-72.0909,42.5244],[-72.0919,42.5213],[-72.0912,42.5171],[-72.0886,42.5157],[-72.0867,42.5129],[-72.0853,42.5121],[-72.0838,42.5086],[-72.084,42.5065],[-72.085,42.5052],[-72.0836,42.5044],[-72.0824,42.5016],[-72.0816,42.4984],[-72.082,42.4956],[-72.0014,42.5466],[-72.027,42.5632],[-72.015,42.5679],[-72.0166,42.5699],[-72.0195,42.571],[-72.0172,42.5721],[-72.016,42.5739],[-72.0179,42.5765],[-72.023,42.5744],[-72.0238,42.5735],[-72.0314,42.5744],[-72.0327,42.5761],[-72.0318,42.5781],[-72.0341,42.5797],[-72.0358,42.579],[-72.0401,42.5786],[-72.042,42.5798],[-72.0415,42.5829],[-72.042,42.5845],[-72.0388,42.5862],[-72.0397,42.5877],[-72.0422,42.5894],[-72.0418,42.592],[-72.036,42.5939],[-72.0461,42.6019]]]},"properties":{"name":"Templeton"}},{"type":"Feature","geometry":{"type":"Polygon","coordinates":[[[-71.8378,42.5438],[-71.863,42.5447],[-71.8625,42.5525],[-71.8556,42.5521],[-71.8551,42.5583],[-71.8606,42.5585],[-71.8623,42.558],[-71.8587,42.629],[-71.882,42.6199],[-71.8806,42.6173],[-71.8836,42.6164],[-71.8831,42.6153],[-71.8921,42.6125],[-71.8929,42.6138],[-71.896,42.6128],[-71.8953,42.6116],[-71.9107,42.6067],[-71.9128,42.6078],[-71.928,42.602],[-71.9235,42.5954],[-71.9518,42.5603],[-71.9639,42.5494],[-71.9594,42.5464],[-71.9725,42.5362],[-71.9755,42.5359],[-71.9797,42.5323],[-71.9198,42.4914],[-71.9096,42.4845],[-71.8645,42.5169],[-71.861,42.5164],[-71.8568,42.5191],[-71.8494,42.5179],[-71.8474,42.5147],[-71.842,42.5147],[-71.8378,42.5438]]]},"properties":{"name":"Westminster"}},{"type":"Feature","geometry":{"type":"Polygon","coordinates":[[[-71.928,42.602],[-71.9458,42.5949],[-71.9506,42.6017],[-71.9488,42.6025],[-71.9517,42.6076],[-71.9503,42.6081],[-71.9521,42.6107],[-71.9564,42.6103],[-71.9759,42.6275],[-71.9861,42.6278],[-71.9861,42.63],[-72.035,42.6089],[-72.0461,42.6019],[-72.036,42.5939],[-72.0418,42.592],[-72.0422,42.5894],[-72.0397,42.5877],[-72.0388,42.5862],[-72.042,42.5845],[-72.0415,42.5829],[-72.042,42.5798],[-72.0401,42.5786],[-72.0358,42.579],[-72.0341,42.5797],[-72.0318,42.5781],[-72.0327,42.5761],[-72.0314,42.5744],[-72.0238,42.5735],[-72.023,42.5744],[-72.0179,42.5765],[-72.016,42.5739],[-72.0172,42.5721],[-72.0195,42.571],[-72.0166,42.5699],[-72.015,42.5679],[-72.027,42.5632],[-72.0014,42.5466],[-71.9797,42.5323],[-71.9755,42.5359],[-71.9725,42.5362],[-71.9594,42.5464],[-71.9639,42.5494],[-71.9518,42.5603],[-71.9235,42.5954],[-71.928,42.602]]]},"properties":{"name":"Gardner"}},{"type":"Feature","geometry":{"type":"Polygon","coordinates":[[[-72.7369,42.627],[-72.7424,42.6272],[-72.744,42.6268],[-72.7469,42.624],[-72.7456,42.6215],[-72.7456,42.6194],[-72.7488,42.618],[-72.7503,42.6183],[-72.7531,42.6206],[-72.7549,42.6209],[-72.7596,42.6198],[-72.7643,42.6194],[-72.7727,42.6201],[-72.7777,42.621],[-72.7835,42.6213],[-72.7908,42.6197],[-72.7974,42.6177],[-72.8031,42.6166],[-72.8099,42.617],[-72.8137,42.6167],[-72.8164,42.617],[-72.82,42.6183],[-72.8237,42.6186],[-72.8318,42.6166],[-72.8334,42.6112],[-72.8485,42.5591],[-72.7754,42.568],[-72.7454,42.5643],[-72.7422,42.5831],[-72.7193,42.5855],[-72.7227,42.5869],[-72.7252,42.5884],[-72.727,42.5906],[-72.7307,42.592],[-72.7314,42.5958],[-72.7337,42.6012],[-72.736,42.6027],[-72.7402,42.6025],[-72.7404,42.6044],[-72.7383,42.6079],[-72.7373,42.6126],[-72.7354,42.6161],[-72.7354,42.618],[-72.737,42.6192],[-72.7373,42.6208],[-72.7353,42.6259],[-72.7369,42.627]]]},"properties":{"name":"Buckland"}},{"type":"Feature","geometry":{"type":"Polygon","coordinates":[[[-71.6092,42.5812],[-71.6108,42.5826],[-71.6133,42.5829],[-71.6149,42.5841],[-71.6138,42.5854],[-71.6156,42.5862],[-71.6183,42.5862],[-71.623,42.5897],[-71.6238,42.5932],[-71.626,42.5936],[-71.6262,42.5984],[-71.6283,42.6003],[-71.6282,42.6017],[-71.6303,42.6037],[-71.6303,42.6074],[-71.6323,42.6076],[-71.6348,42.6093],[-71.6357,42.6124],[-71.6377,42.6134],[-71.6407,42.614],[-71.6435,42.6157],[-71.6447,42.6181],[-71.6437,42.6196],[-71.6438,42.6213],[-71.6452,42.6218],[-71.6463,42.625],[-71.6478,42.6248],[-71.6502,42.6268],[-71.6495,42.6277],[-71.651,42.6298],[-71.6531,42.6306],[-71.6605,42.6351],[-71.6646,42.6116],[-71.6776,42.5399],[-71.679,42.5304],[-71.6359,42.524],[-71.6391,42.5292],[-71.6392,42.531],[-71.6367,42.5331],[-71.6362,42.5393],[-71.6337,42.5411],[-71.632,42.5445],[-71.6282,42.5482],[-71.6252,42.5501],[-71.6199,42.5525],[-71.6161,42.5535],[-71.612,42.5537],[-71.6109,42.555],[-71.6119,42.5566],[-71.6125,42.5592],[-71.6114,42.5617],[-71.609,42.564],[-71.6086,42.5655],[-71.6067,42.5666],[-71.6113,42.5684],[-71.6125,42.5718],[-71.6141,42.5721],[-71.6159,42.575],[-71.6138,42.5753],[-71.6129,42.577],[-71.6095,42.5782],[-71.6099,42.5798],[-71.6092,42.5812]]]},"properties":{"name":"Shirley"}},{"type":"Feature","geometry":{"type":"Polygon","coordinates":[[[-72.8334,42.6112],[-72.9297,42.6237],[-72.9546,42.6287],[-72.9754,42.556],[-72.8768,42.5412],[-72.877,42.5554],[-72.8485,42.5591],[-72.8334,42.6112]]]},"properties":{"name":"Hawley"}},{"type":"Feature","geometry":{"type":"Polygon","coordinates":[[[-71.763,42.5639],[-71.7649,42.5628],[-71.7729,42.5696],[-71.7709,42.6037],[-71.7734,42.6145],[-71.7753,42.6367],[-71.8448,42.638],[-71.8585,42.6338],[-71.8587,42.629],[-71.8623,42.558],[-71.8606,42.5585],[-71.8551,42.5583],[-71.8556,42.5521],[-71.8625,42.5525],[-71.863,42.5447],[-71.8378,42.5438],[-71.8371,42.5486],[-71.8313,42.549],[-71.8242,42.5471],[-71.8207,42.5465],[-71.8151,42.5472],[-71.8079,42.5472],[-71.8038,42.5489],[-71.8006,42.5517],[-71.7971,42.5526],[-71.7894,42.5509],[-71.786,42.551],[-71.7713,42.5592],[-71.7643,42.555],[-71.7616,42.5519],[-71.7619,42.5498],[-71.7604,42.5476],[-71.7578,42.5486],[-71.7542,42.5461],[-71.7497,42.5452],[-71.7491,42.5491],[-71.7477,42.5499],[-71.7509,42.5541],[-71.7541,42.5595],[-71.7572,42.5621],[-71.763,42.5639]]]},"properties":{"name":"Fitchburg"}},{"type":"Feature","geometry":{"type":"Polygon","coordinates":[[[-72.3648,42.6094],[-72.3771,42.6393],[-72.4634,42.62],[-72.4616,42.6065],[-72.491,42.604],[-72.4971,42.5976],[-72.4964,42.5969],[-72.4965,42.5941],[-72.4952,42.5925],[-72.4974,42.5903],[-72.4982,42.5885],[-72.4981,42.5858],[-72.5035,42.5811],[-72.5022,42.5796],[-72.5001,42.5796],[-72.4953,42.5808],[-72.4929,42.5806],[-72.4903,42.5789],[-72.4869,42.5783],[-72.484,42.5785],[-72.4818,42.5793],[-72.4801,42.5788],[-72.4747,42.5742],[-72.4729,42.5739],[-72.4696,42.5748],[-72.4661,42.5767],[-72.4618,42.578],[-72.46,42.5805],[-72.457,42.5815],[-72.4496,42.5861],[-72.4458,42.5891],[-72.4429,42.5898],[-72.4412,42.5922],[-72.4374,42.594],[-72.437,42.5951],[-72.4379,42.5979],[-72.434,42.5998],[-72.4318,42.6016],[-72.4302,42.6045],[-72.4282,42.6067],[-72.4264,42.6077],[-72.4223,42.6075],[-72.4171,42.6078],[-72.4099,42.604],[-72.4026,42.5982],[-72.3928,42.5979],[-72.3893,42.5958],[-72.3868,42.5965],[-72.3847,42.5979],[-72.3816,42.5981],[-72.3788,42.5978],[-72.3762,42.599],[-72.374,42.5994],[-72.3697,42.5984],[-72.3631,42.5953],[-72.3623,42.5952],[-72.3648,42.6094]]]},"properties":{"name":"Erving"}},{"type":"Feature","geometry":{"type":"Polygon","coordinates":[[[-70.9761,42.6211],[-70.98,42.6217],[-70.9856,42.6218],[-71.0223,42.6416],[-71.0546,42.6277],[-71.0588,42.6091],[-71.0594,42.6063],[-71.034,42.5855],[-71.0283,42.5741],[-71.0355,42.5703],[-71.0348,42.5655],[-71.0298,42.5652],[-71.0293,42.57],[-71.0244,42.5694],[-71.0233,42.5704],[-71.0212,42.5699],[-71.0209,42.5687],[-71.0188,42.568],[-71.0153,42.5679],[-71.0126,42.5661],[-71.0084,42.5641],[-71.0064,42.565],[-71.0038,42.5652],[-71.0028,42.5634],[-71.002,42.5656],[-70.998,42.567],[-70.9964,42.5691],[-70.9967,42.571],[-70.9945,42.5724],[-70.993,42.5749],[-70.9935,42.5756],[-70.9898,42.581],[-70.9908,42.5826],[-70.9912,42.5853],[-70.9904,42.5866],[-70.9864,42.5897],[-70.9861,42.5918],[-70.9744,42.5945],[-70.9648,42.5996],[-70.9663,42.6011],[-70.969,42.6012],[-70.9702,42.6027],[-70.9733,42.603],[-70.9759,42.605],[-70.9808,42.6064],[-70.9825,42.6092],[-70.9853,42.6122],[-70.9839,42.6134],[-70.9823,42.6167],[-70.9761,42.6211]]]},"properties":{"name":"Middleton"}},{"type":"Feature","geometry":{"type":"Polygon","coordinates":[[[-71.6646,42.6116],[-71.7758,42.6442],[-71.7753,42.6367],[-71.7734,42.6145],[-71.7709,42.6037],[-71.7729,42.5696],[-71.7649,42.5628],[-71.763,42.5639],[-71.7451,42.5739],[-71.7204,42.5523],[-71.7112,42.5354],[-71.7022,42.5339],[-71.679,42.5304],[-71.6776,42.5399],[-71.6646,42.6116]]]},"properties":{"name":"Lunenburg"}},{"type":"Feature","geometry":{"type":"Polygon","coordinates":[[[-72.491,42.604],[-72.4886,42.6078],[-72.4838,42.6098],[-72.482,42.6114],[-72.48,42.6158],[-72.4803,42.6191],[-72.4879,42.6315],[-72.4896,42.6346],[-72.4872,42.6381],[-72.4809,42.643],[-72.4726,42.6475],[-72.4654,42.6537],[-72.4654,42.6568],[-72.4664,42.6584],[-72.4703,42.6625],[-72.4715,42.6644],[-72.472,42.6689],[-72.4718,42.6701],[-72.4751,42.6708],[-72.4768,42.6724],[-72.4807,42.6771],[-72.4825,42.6781],[-72.4851,42.6775],[-72.4865,42.6733],[-72.4894,42.674],[-72.4901,42.68],[-72.4962,42.6786],[-72.4895,42.6624],[-72.5403,42.6564],[-72.5408,42.6557],[-72.5413,42.6529],[-72.54,42.6507],[-72.5413,42.6486],[-72.5404,42.6455],[-72.5458,42.6444],[-72.5491,42.6412],[-72.5491,42.6379],[-72.5468,42.6354],[-72.5484,42.6326],[-72.5514,42.6303],[-72.5507,42.6287],[-72.5517,42.6272],[-72.5497,42.6266],[-72.5501,42.6246],[-72.5493,42.6175],[-72.552,42.6153],[-72.5527,42.6122],[-72.5527,42.6109],[-72.5494,42.6075],[-72.5461,42.6053],[-72.5454,42.6035],[-72.5451,42.598],[-72.5431,42.5966],[-72.5411,42.5964],[-72.5381,42.597],[-72.5319,42.5993],[-72.5289,42.6008],[-72.5238,42.6039],[-72.5202,42.6045],[-72.5144,42.6044],[-72.508,42.6039],[-72.5058,42.6033],[-72.5045,42.5999],[-72.503,42.5985],[-72.5001,42.5968],[-72.4971,42.5976],[-72.491,42.604]]]},"properties":{"name":"Gill"}},{"type":"Feature","geometry":{"type":"Polygon","coordinates":[[[-70.6193,42.6264],[-70.6191,42.6278],[-70.615,42.6309],[-70.6126,42.6323],[-70.611,42.6321],[-70.6098,42.6338],[-70.6054,42.6352],[-70.6036,42.635],[-70.5996,42.6357],[-70.5976,42.6355],[-70.5956,42.6344],[-70.5921,42.6371],[-70.592,42.6391],[-70.5933,42.6403],[-70.5954,42.6408],[-70.5956,42.6428],[-70.5918,42.6482],[-70.5926,42.6498],[-70.5948,42.6502],[-70.5976,42.6527],[-70.5972,42.6538],[-70.595,42.6559],[-70.5956,42.6577],[-70.5972,42.6575],[-70.5953,42.6606],[-70.5982,42.6597],[-70.6018,42.6601],[-70.6028,42.6588],[-70.6073,42.6584],[-70.6109,42.6601],[-70.6137,42.6584],[-70.6164,42.6607],[-70.6181,42.6588],[-70.6215,42.6594],[-70.6238,42.6623],[-70.6218,42.6641],[-70.624,42.6654],[-70.6233,42.6688],[-70.6219,42.6695],[-70.6221,42.6718],[-70.6209,42.6727],[-70.6236,42.6766],[-70.6226,42.6789],[-70.6233,42.6817],[-70.6206,42.6839],[-70.6198,42.6854],[-70.62,42.6879],[-70.6228,42.6881],[-70.6237,42.6873],[-70.6262,42.6882],[-70.6271,42.6918],[-70.6303,42.6928],[-70.6352,42.691],[-70.6405,42.6864],[-70.644,42.6646],[-70.6431,42.6346],[-70.6193,42.6264]]]},"properties":{"name":"Rockport"}},{"type":"Feature","geometry":{"type":"Polygon","coordinates":[[[-71.3697,42.6984],[-71.4577,42.7005],[-71.4563,42.6958],[-71.461,42.692],[-71.4596,42.6905],[-71.457,42.6907],[-71.4561,42.6864],[-71.4521,42.6872],[-71.4503,42.6853],[-71.448,42.6809],[-71.4473,42.6775],[-71.4464,42.6704],[-71.4515,42.6698],[-71.4486,42.6677],[-71.4478,42.6666],[-71.447,42.6632],[-71.4498,42.6618],[-71.4554,42.6612],[-71.4549,42.6601],[-71.4587,42.6598],[-71.4572,42.6584],[-71.4748,42.6499],[-71.4795,42.6588],[-71.4825,42.651],[-71.489,42.6492],[-71.4925,42.6491],[-71.4965,42.6498],[-71.4975,42.6417],[-71.4986,42.6388],[-71.4935,42.6174],[-71.4176,42.6538],[-71.4123,42.6494],[-71.412,42.648],[-71.4098,42.6488],[-71.4053,42.6481],[-71.404,42.6484],[-71.4028,42.6468],[-71.3989,42.6449],[-71.3983,42.6455],[-71.4011,42.6491],[-71.4022,42.6516],[-71.399,42.6525],[-71.397,42.6496],[-71.3932,42.6484],[-71.3852,42.6496],[-71.3809,42.649],[-71.3805,42.6509],[-71.3825,42.6528],[-71.3782,42.6607],[-71.3689,42.6618],[-71.3664,42.6667],[-71.3696,42.6693],[-71.3716,42.6641],[-71.3734,42.6661],[-71.3767,42.678],[-71.3788,42.6831],[-71.374,42.6894],[-71.3744,42.6933],[-71.3697,42.6984]]]},"properties":{"name":"Tyngsborough"}},{"type":"Feature","geometry":{"type":"Polygon","coordinates":[[[-71.1889,42.6963],[-71.1903,42.6972],[-71.1954,42.6985],[-71.2038,42.6991],[-71.2105,42.7008],[-71.2149,42.7013],[-71.2182,42.7006],[-71.2214,42.6983],[-71.2248,42.6934],[-71.2254,42.6868],[-71.2261,42.6844],[-71.2294,42.6782],[-71.2341,42.6725],[-71.2382,42.6694],[-71.2404,42.6667],[-71.2421,42.6626],[-71.2462,42.6611],[-71.2501,42.661],[-71.2517,42.6603],[-71.2562,42.6571],[-71.2545,42.6563],[-71.1721,42.6168],[-71.173,42.615],[-71.1761,42.6146],[-71.1775,42.6116],[-71.1773,42.61],[-71.1801,42.6093],[-71.1805,42.6077],[-71.1649,42.598],[-71.1639,42.6019],[-71.1607,42.6053],[-71.1595,42.6077],[-71.1586,42.613],[-71.1566,42.615],[-71.1544,42.6153],[-71.1487,42.6132],[-71.146,42.6085],[-71.1432,42.604],[-71.1412,42.6032],[-71.1354,42.5991],[-71.0762,42.6041],[-71.1288,42.6744],[-71.1345,42.6768],[-71.1512,42.6817],[-71.1855,42.6759],[-71.1889,42.6963]]]},"properties":{"name":"Andover"}},{"type":"Feature","geometry":{"type":"Polygon","coordinates":[[[-71.4577,42.7005],[-71.5424,42.7028],[-71.5444,42.6989],[-71.5494,42.6945],[-71.5531,42.6929],[-71.5568,42.6888],[-71.5564,42.6843],[-71.5557,42.6821],[-71.5561,42.6804],[-71.5555,42.6784],[-71.5571,42.6763],[-71.5389,42.6742],[-71.5324,42.669],[-71.5371,42.6635],[-71.5344,42.6484],[-71.515,42.6436],[-71.4965,42.6498],[-71.4925,42.6491],[-71.489,42.6492],[-71.4825,42.651],[-71.4795,42.6588],[-71.4748,42.6499],[-71.4572,42.6584],[-71.4587,42.6598],[-71.4549,42.6601],[-71.4554,42.6612],[-71.4498,42.6618],[-71.447,42.6632],[-71.4478,42.6666],[-71.4486,42.6677],[-71.4515,42.6698],[-71.4464,42.6704],[-71.4473,42.6775],[-71.448,42.6809],[-71.4503,42.6853],[-71.4521,42.6872],[-71.4561,42.6864],[-71.457,42.6907],[-71.4596,42.6905],[-71.461,42.692],[-71.4563,42.6958],[-71.4577,42.7005]]]},"properties":{"name":"Dunstable"}},{"type":"Feature","geometry":{"type":"Polygon","coordinates":[[[-72.6747,42.733],[-72.7713,42.7356],[-72.7911,42.736],[-72.7726,42.6583],[-72.7661,42.6293],[-72.7351,42.6331],[-72.633,42.6453],[-72.6209,42.6469],[-72.6196,42.6486],[-72.6216,42.651],[-72.6246,42.6514],[-72.6261,42.6547],[-72.6247,42.6556],[-72.6254,42.6578],[-72.627,42.6595],[-72.6313,42.6602],[-72.6332,42.661],[-72.6314,42.6628],[-72.6315,42.6651],[-72.6332,42.6654],[-72.6361,42.6691],[-72.6374,42.67],[-72.641,42.6703],[-72.643,42.673],[-72.6471,42.6748],[-72.6497,42.6753],[-72.652,42.6766],[-72.6531,42.6799],[-72.6554,42.6812],[-72.6551,42.683],[-72.6528,42.6837],[-72.6521,42.6853],[-72.6555,42.6861],[-72.6562,42.687],[-72.6551,42.689],[-72.6567,42.6908],[-72.6624,42.6925],[-72.6623,42.6944],[-72.6638,42.6962],[-72.6637,42.6973],[-72.6654,42.6985],[-72.6662,42.7003],[-72.6699,42.7026],[-72.6709,42.7037],[-72.6706,42.708],[-72.6742,42.7082],[-72.6735,42.7106],[-72.6722,42.7127],[-72.6703,42.7134],[-72.6699,42.7168],[-72.6721,42.7194],[-72.6747,42.733]]]},"properties":{"name":"Colrain"}},{"type":"Feature","geometry":{"type":"Polygon","coordinates":[[[-72.7911,42.736],[-72.8643,42.7377],[-72.854,42.6832],[-72.8596,42.6831],[-72.8577,42.674],[-72.8554,42.6646],[-72.8542,42.6647],[-72.8512,42.6471],[-72.8423,42.6466],[-72.8428,42.6381],[-72.8362,42.6378],[-72.8357,42.6351],[-72.8215,42.6369],[-72.7726,42.6583],[-72.7911,42.736]]]},"properties":{"name":"Heath"}},{"type":"Feature","geometry":{"type":"Polygon","coordinates":[[[-72.8643,42.7377],[-72.9272,42.7391],[-72.9277,42.7367],[-72.9277,42.7325],[-72.9282,42.7317],[-72.9312,42.7302],[-72.9337,42.7274],[-72.9343,42.7259],[-72.9374,42.7251],[-72.9392,42.7216],[-72.9414,42.7201],[-72.9452,42.7212],[-72.9507,42.7204],[-72.9523,42.7199],[-72.9533,42.717],[-72.951,42.7122],[-72.9507,42.7064],[-72.9496,42.7051],[-72.9487,42.7041],[-72.9502,42.7012],[-72.9517,42.7005],[-72.9539,42.6982],[-72.9517,42.6957],[-72.9522,42.6922],[-72.9544,42.6903],[-72.9574,42.6901],[-72.9614,42.6882],[-72.9638,42.6875],[-72.9716,42.6891],[-72.9742,42.6885],[-72.9775,42.6859],[-72.977,42.6828],[-72.9756,42.6804],[-72.9773,42.6791],[-72.9839,42.6794],[-72.9896,42.6784],[-72.9885,42.6753],[-72.9892,42.6742],[-72.9947,42.6743],[-72.9955,42.6732],[-72.9933,42.671],[-72.9886,42.6674],[-72.9855,42.6659],[-72.9807,42.6645],[-72.9766,42.6612],[-72.9749,42.6609],[-72.9728,42.6628],[-72.9688,42.6642],[-72.9639,42.6643],[-72.9621,42.667],[-72.9604,42.6674],[-72.9574,42.667],[-72.9546,42.6653],[-72.9544,42.6625],[-72.9555,42.6594],[-72.9556,42.6545],[-72.9553,42.6545],[-72.9374,42.6639],[-72.9346,42.6656],[-72.9333,42.6672],[-72.9304,42.6674],[-72.9295,42.6691],[-72.9146,42.6694],[-72.9137,42.6725],[-72.8577,42.674],[-72.8596,42.6831],[-72.854,42.6832],[-72.8643,42.7377]]]},"properties":{"name":"Rowe"}},{"type":"Feature","geometry":{"type":"Polygon","coordinates":[[[-71.5424,42.7028],[-71.6305,42.7045],[-71.6518,42.7048],[-71.6507,42.6909],[-71.6579,42.6499],[-71.6564,42.6497],[-71.6525,42.6458],[-71.649,42.6442],[-71.6469,42.6442],[-71.6407,42.6393],[-71.6308,42.6352],[-71.6219,42.6319],[-71.6142,42.6285],[-71.6081,42.6274],[-71.6073,42.6301],[-71.6056,42.631],[-71.6036,42.6299],[-71.6016,42.627],[-71.5996,42.6258],[-71.5931,42.6267],[-71.5937,42.628],[-71.593,42.6293],[-71.5885,42.6304],[-71.5879,42.6314],[-71.5892,42.6329],[-71.5923,42.6328],[-71.5926,42.6346],[-71.5913,42.6353],[-71.5924,42.637],[-71.5888,42.6372],[-71.5873,42.6394],[-71.5862,42.6442],[-71.5871,42.645],[-71.5865,42.6464],[-71.5838,42.646],[-71.583,42.6441],[-71.5804,42.6468],[-71.5791,42.6514],[-71.5794,42.6541],[-71.5771,42.6547],[-71.5371,42.6635],[-71.5324,42.669],[-71.5389,42.6742],[-71.5571,42.6763],[-71.5555,42.6784],[-71.5561,42.6804],[-71.5557,42.6821],[-71.5564,42.6843],[-71.5568,42.6888],[-71.5531,42.6929],[-71.5494,42.6945],[-71.5444,42.6989],[-71.5424,42.7028]]]},"properties":{"name":"Pepperell"}},{"type":"Feature","geometry":{"type":"Polygon","coordinates":[[[-71.6518,42.7048],[-71.7012,42.706],[-71.7726,42.7081],[-71.7758,42.6442],[-71.6646,42.6116],[-71.6605,42.6351],[-71.6579,42.6499],[-71.6507,42.6909],[-71.6518,42.7048]]]},"properties":{"name":"Townsend"}},{"type":"Feature","geometry":{"type":"Polygon","coordinates":[[[-71.7726,42.7081],[-71.8239,42.7095],[-71.8988,42.7113],[-71.8971,42.7037],[-71.8698,42.6836],[-71.8658,42.6841],[-71.8638,42.6796],[-71.8578,42.675],[-71.8564,42.6676],[-71.8585,42.6338],[-71.8448,42.638],[-71.7753,42.6367],[-71.7758,42.6442],[-71.7726,42.7081]]]},"properties":{"name":"Ashby"}},{"type":"Feature","geometry":{"type":"Polygon","coordinates":[[[-71.8988,42.7113],[-71.9289,42.7122],[-71.9814,42.7132],[-71.9861,42.63],[-71.9861,42.6278],[-71.9759,42.6275],[-71.9564,42.6103],[-71.9521,42.6107],[-71.9503,42.6081],[-71.9517,42.6076],[-71.9488,42.6025],[-71.9506,42.6017],[-71.9458,42.5949],[-71.928,42.602],[-71.9128,42.6078],[-71.9107,42.6067],[-71.8953,42.6116],[-71.896,42.6128],[-71.8929,42.6138],[-71.8921,42.6125],[-71.8831,42.6153],[-71.8836,42.6164],[-71.8806,42.6173],[-71.882,42.6199],[-71.8587,42.629],[-71.8585,42.6338],[-71.8564,42.6676],[-71.8578,42.675],[-71.8638,42.6796],[-71.8658,42.6841],[-71.8698,42.6836],[-71.8971,42.7037],[-71.8988,42.7113]]]},"properties":{"name":"Ashburnham"}},{"type":"Feature","geometry":{"type":"Polygon","coordinates":[[[-71.9814,42.7132],[-72.0787,42.7164],[-72.1111,42.7172],[-72.1166,42.6266],[-72.0757,42.6252],[-72.0461,42.6019],[-72.035,42.6089],[-71.9861,42.63],[-71.9814,42.7132]]]},"properties":{"name":"Winchendon"}},{"type":"Feature","geometry":{"type":"Polygon","coordinates":[[[-71.1342,42.7215],[-71.1355,42.7215],[-71.1691,42.7224],[-71.1709,42.7233],[-71.1723,42.7217],[-71.1912,42.7106],[-71.1889,42.6963],[-71.1855,42.6759],[-71.1512,42.6817],[-71.1345,42.6768],[-71.1336,42.6796],[-71.1392,42.6844],[-71.1379,42.6849],[-71.1385,42.6888],[-71.1374,42.6894],[-71.1379,42.6925],[-71.1417,42.6943],[-71.1431,42.6942],[-71.1434,42.697],[-71.1458,42.6983],[-71.1442,42.6993],[-71.1424,42.6994],[-71.1409,42.7033],[-71.1371,42.7044],[-71.1376,42.7065],[-71.1363,42.7072],[-71.134,42.7104],[-71.1335,42.7125],[-71.1338,42.7151],[-71.135,42.7182],[-71.1342,42.7215]]]},"properties":{"name":"Lawrence"}},{"type":"Feature","geometry":{"type":"Polygon","coordinates":[[[-72.1111,42.7172],[-72.2037,42.7197],[-72.283,42.7216],[-72.272,42.6747],[-72.2719,42.6744],[-72.2585,42.6754],[-72.2573,42.6679],[-72.2435,42.6692],[-72.2421,42.6616],[-72.2295,42.6627],[-72.2249,42.6389],[-72.1675,42.6465],[-72.1644,42.6326],[-72.1583,42.6332],[-72.1566,42.6236],[-72.1544,42.6238],[-72.1421,42.6236],[-72.139,42.6239],[-72.1166,42.6266],[-72.1111,42.7172]]]},"properties":{"name":"Royalston"}},{"type":"Feature","geometry":{"type":"Polygon","coordinates":[[[-73.1659,42.7118],[-73.1754,42.7123],[-73.1772,42.6869],[-73.1678,42.6866],[-73.1698,42.6602],[-73.0633,42.6547],[-73.0595,42.7084],[-73.1659,42.7118]]]},"properties":{"name":"North Adams"}},{"type":"Feature","geometry":{"type":"Polygon","coordinates":[[[-72.283,42.7216],[-72.3262,42.7228],[-72.412,42.7254],[-72.3771,42.6393],[-72.3648,42.6094],[-72.3184,42.6149],[-72.3216,42.6315],[-72.3112,42.6328],[-72.3128,42.6408],[-72.3019,42.6414],[-72.3034,42.6488],[-72.2932,42.6506],[-72.2954,42.6608],[-72.2832,42.6625],[-72.2855,42.6734],[-72.272,42.6747],[-72.283,42.7216]]]},"properties":{"name":"Warwick"}},{"type":"Feature","geometry":{"type":"Polygon","coordinates":[[[-72.412,42.7254],[-72.4606,42.727],[-72.4995,42.7281],[-72.5168,42.7286],[-72.4962,42.6786],[-72.4901,42.68],[-72.4894,42.674],[-72.4865,42.6733],[-72.4851,42.6775],[-72.4825,42.6781],[-72.4807,42.6771],[-72.4768,42.6724],[-72.4751,42.6708],[-72.4718,42.6701],[-72.472,42.6689],[-72.4715,42.6644],[-72.4703,42.6625],[-72.4664,42.6584],[-72.4654,42.6568],[-72.4654,42.6537],[-72.4726,42.6475],[-72.4809,42.643],[-72.4872,42.6381],[-72.4896,42.6346],[-72.4879,42.6315],[-72.4803,42.6191],[-72.48,42.6158],[-72.482,42.6114],[-72.4838,42.6098],[-72.4886,42.6078],[-72.491,42.604],[-72.4616,42.6065],[-72.4634,42.62],[-72.3771,42.6393],[-72.412,42.7254]]]},"properties":{"name":"Northfield"}},{"type":"Feature","geometry":{"type":"MultiPolygon","coordinates":[[[[-70.7861,42.6682],[-70.785,42.6704],[-70.7812,42.6719],[-70.7801,42.6735],[-70.7782,42.6744],[-70.7747,42.6739],[-70.7704,42.6753],[-70.7697,42.6745],[-70.7673,42.6752],[-70.7645,42.6778],[-70.7615,42.6773],[-70.7574,42.6758],[-70.7538,42.6733],[-70.745,42.6706],[-70.7409,42.6683],[-70.7378,42.6674],[-70.7307,42.6637],[-70.7285,42.6619],[-70.7263,42.6641],[-70.7261,42.6654],[-70.7273,42.6674],[-70.7314,42.6712],[-70.7336,42.6728],[-70.7374,42.6767],[-70.7417,42.68],[-70.7471,42.6817],[-70.7487,42.6831],[-70.7537,42.6849],[-70.7628,42.6853],[-70.7647,42.686],[-70.7671,42.6881],[-70.7691,42.6891],[-70.7759,42.6914],[-70.7804,42.692],[-70.7835,42.6918],[-70.7894,42.6962],[-70.7914,42.697],[-70.7919,42.7003],[-70.7942,42.702],[-70.794,42.7042],[-70.7971,42.7088],[-70.8001,42.7104],[-70.8028,42.7109],[-70.8089,42.7105],[-70.8128,42.7093],[-70.8134,42.7076],[-70.8162,42.7071],[-70.8166,42.7095],[-70.8162,42.7112],[-70.8147,42.7131],[-70.8153,42.715],[-70.817,42.7166],[-70.8179,42.7198],[-70.8191,42.7213],[-70.8185,42.7228],[-70.8194,42.7255],[-70.8192,42.7279],[-70.8219,42.7306],[-70.8247,42.7315],[-70.8287,42.7319],[-70.8344,42.7303],[-70.8386,42.7308],[-70.8404,42.7292],[-70.8424,42.7285],[-70.8455,42.7283],[-70.8485,42.7256],[-70.8518,42.7265],[-70.8545,42.7248],[-70.8573,42.724],[-70.8573,42.7236],[-70.8572,42.7234],[-70.8566,42.7229],[-70.8565,42.7226],[-70.8565,42.7225],[-70.8568,42.7223],[-70.8573,42.7222],[-70.8577,42.7222],[-70.858,42.7222],[-70.8585,42.7223],[-70.8592,42.7219],[-70.8593,42.7218],[-70.8594,42.7215],[-70.8594,42.7212],[-70.8585,42.7203],[-70.8582,42.7201],[-70.8582,42.7199],[-70.8583,42.7196],[-70.8584,42.7195],[-70.8591,42.7189],[-70.8591,42.7188],[-70.8591,42.7184],[-70.8587,42.7176],[-70.8588,42.7173],[-70.859,42.7171],[-70.8603,42.7166],[-70.8607,42.7163],[-70.861,42.716],[-70.861,42.7158],[-70.861,42.7157],[-70.861,42.7156],[-70.8609,42.7154],[-70.8607,42.7152],[-70.8601,42.7149],[-70.8596,42.7147],[-70.8593,42.7147],[-70.8585,42.7149],[-70.8582,42.7149],[-70.858,42.7149],[-70.8577,42.7147],[-70.8577,42.7144],[-70.8582,42.7134],[-70.8585,42.7131],[-70.8587,42.713],[-70.859,42.7131],[-70.8601,42.7133],[-70.8607,42.7131],[-70.8609,42.7132],[-70.8609,42.7131],[-70.8613,42.713],[-70.8618,42.713],[-70.8622,42.7132],[-70.8624,42.7133],[-70.863,42.7133],[-70.8633,42.7131],[-70.8636,42.7128],[-70.8635,42.7127],[-70.8636,42.7124],[-70.8638,42.7124],[-70.8637,42.7123],[-70.8634,42.712],[-70.8633,42.7118],[-70.8633,42.7117],[-70.8634,42.7116],[-70.8638,42.7114],[-70.8642,42.7111],[-70.8643,42.7108],[-70.8643,42.7107],[-70.8644,42.7107],[-70.8644,42.7106],[-70.8648,42.7103],[-70.8648,42.7102],[-70.8647,42.7099],[-70.8644,42.7094],[-70.8644,42.7093],[-70.8644,42.7091],[-70.8755,42.7129],[-70.8808,42.7063],[-70.9486,42.6807],[-70.9645,42.6748],[-70.9653,42.6719],[-70.936,42.6635],[-70.9205,42.6701],[-70.9163,42.6608],[-70.905,42.662],[-70.9036,42.6595],[-70.9011,42.6603],[-70.898,42.6593],[-70.8943,42.6597],[-70.8888,42.6586],[-70.8873,42.6591],[-70.8854,42.6583],[-70.8863,42.6567],[-70.8837,42.6551],[-70.8791,42.6539],[-70.8767,42.6554],[-70.8772,42.6564],[-70.875,42.6573],[-70.8721,42.6572],[-70.8701,42.6591],[-70.8672,42.6574],[-70.8614,42.6582],[-70.8598,42.6575],[-70.8611,42.6539],[-70.8633,42.6462],[-70.8576,42.6417],[-70.8563,42.6427],[-70.8504,42.6438],[-70.8467,42.6459],[-70.8466,42.6467],[-70.8373,42.648],[-70.8357,42.649],[-70.8335,42.6488],[-70.8313,42.6474],[-70.8315,42.6439],[-70.831,42.6421],[-70.8342,42.6401],[-70.8328,42.6385],[-70.8241,42.6342],[-70.8236,42.6362],[-70.8241,42.6382],[-70.8218,42.6405],[-70.8218,42.6423],[-70.8169,42.6413],[-70.8138,42.648],[-70.8102,42.6497],[-70.8099,42.6509],[-70.8078,42.6523],[-70.8074,42.6547],[-70.8041,42.6548],[-70.8039,42.6559],[-70.8009,42.6573],[-70.7998,42.6564],[-70.7956,42.656],[-70.7961,42.6574],[-70.7946,42.6588],[-70.7926,42.659],[-70.7936,42.6606],[-70.7928,42.6624],[-70.7906,42.6621],[-70.7913,42.6641],[-70.7896,42.6663],[-70.7891,42.6683],[-70.7861,42.6682]]],[[[-70.7983,42.7336],[-70.798,42.7314],[-70.7998,42.7296],[-70.7987,42.726],[-70.7996,42.7238],[-70.799,42.7218],[-70.7953,42.7199],[-70.7937,42.7173],[-70.7892,42.7144],[-70.788,42.7121],[-70.785,42.7116],[-70.7818,42.7116],[-70.7813,42.7102],[-70.784,42.7085],[-70.7842,42.704],[-70.7849,42.7021],[-70.7796,42.7009],[-70.7783,42.7],[-70.7762,42.7004],[-70.7748,42.7022],[-70.7731,42.7024],[-70.7705,42.7038],[-70.7697,42.7049],[-70.7711,42.7077],[-70.7703,42.7097],[-70.7718,42.7108],[-70.7757,42.7167],[-70.7779,42.7206],[-70.7802,42.7239],[-70.7826,42.7285],[-70.7846,42.7315],[-70.7884,42.7388],[-70.7983,42.7336]]]]},"properties":{"name":"Ipswich"}},{"type":"Feature","geometry":{"type":"Polygon","coordinates":[[[-72.5168,42.7286],[-72.5986,42.7309],[-72.5893,42.6735],[-72.5935,42.6648],[-72.5857,42.6509],[-72.5437,42.656],[-72.5408,42.6557],[-72.5403,42.6564],[-72.4895,42.6624],[-72.4962,42.6786],[-72.5168,42.7286]]]},"properties":{"name":"Bernardston"}},{"type":"Feature","geometry":{"type":"Polygon","coordinates":[[[-71.2382,42.6694],[-71.2385,42.6712],[-71.2551,42.7365],[-71.2681,42.7261],[-71.279,42.7113],[-71.2949,42.6972],[-71.3223,42.6972],[-71.3697,42.6984],[-71.3744,42.6933],[-71.374,42.6894],[-71.3788,42.6831],[-71.3767,42.678],[-71.3734,42.6661],[-71.3716,42.6641],[-71.3696,42.6693],[-71.3664,42.6667],[-71.3689,42.6618],[-71.3575,42.6545],[-71.2996,42.6665],[-71.2869,42.6489],[-71.2804,42.6541],[-71.2752,42.6562],[-71.2655,42.6576],[-71.262,42.6575],[-71.2585,42.6569],[-71.2562,42.6571],[-71.2517,42.6603],[-71.2501,42.661],[-71.2462,42.6611],[-71.2421,42.6626],[-71.2404,42.6667],[-71.2382,42.6694]]]},"properties":{"name":"Dracut"}},{"type":"Feature","geometry":{"type":"Polygon","coordinates":[[[-71.0589,42.7325],[-71.0721,42.7327],[-71.0741,42.7345],[-71.0819,42.7367],[-71.0881,42.7361],[-71.0901,42.737],[-71.0925,42.737],[-71.0978,42.7352],[-71.1086,42.7353],[-71.0965,42.7241],[-71.095,42.7263],[-71.0937,42.7267],[-71.0918,42.7243],[-71.0953,42.7221],[-71.0923,42.719],[-71.0906,42.7187],[-71.0405,42.6727],[-71.0223,42.6416],[-70.9856,42.6218],[-70.98,42.6217],[-70.9761,42.6211],[-70.9767,42.6232],[-70.9745,42.6234],[-70.972,42.625],[-70.9691,42.6251],[-70.9681,42.6269],[-70.9701,42.6275],[-70.9733,42.6295],[-70.9733,42.6316],[-70.9749,42.6353],[-70.9733,42.6368],[-70.9739,42.6383],[-70.9764,42.6407],[-70.9755,42.6422],[-70.9604,42.6491],[-70.969,42.6732],[-70.9653,42.6719],[-70.9645,42.6748],[-70.9486,42.6807],[-70.9764,42.6944],[-70.9916,42.6995],[-70.9923,42.7005],[-70.9973,42.7007],[-71.0049,42.7014],[-71.0236,42.7016],[-71.0261,42.7047],[-71.0316,42.718],[-71.0589,42.7325]]]},"properties":{"name":"Boxford"}},{"type":"Feature","geometry":{"type":"Polygon","coordinates":[[[-72.5986,42.7309],[-72.6747,42.733],[-72.6721,42.7194],[-72.6699,42.7168],[-72.6703,42.7134],[-72.6722,42.7127],[-72.6735,42.7106],[-72.6742,42.7082],[-72.6706,42.708],[-72.6709,42.7037],[-72.6699,42.7026],[-72.6662,42.7003],[-72.6654,42.6985],[-72.6637,42.6973],[-72.6638,42.6962],[-72.6623,42.6944],[-72.6624,42.6925],[-72.6567,42.6908],[-72.6551,42.689],[-72.6562,42.687],[-72.6555,42.6861],[-72.6521,42.6853],[-72.6528,42.6837],[-72.6551,42.683],[-72.6554,42.6812],[-72.6531,42.6799],[-72.652,42.6766],[-72.6497,42.6753],[-72.6471,42.6748],[-72.643,42.673],[-72.641,42.6703],[-72.6374,42.67],[-72.6361,42.6691],[-72.6332,42.6654],[-72.6315,42.6651],[-72.6314,42.6628],[-72.6332,42.661],[-72.6313,42.6602],[-72.627,42.6595],[-72.6254,42.6578],[-72.6247,42.6556],[-72.6261,42.6547],[-72.6246,42.6514],[-72.6216,42.651],[-72.6196,42.6486],[-72.6209,42.6469],[-72.5857,42.6509],[-72.5935,42.6648],[-72.5893,42.6735],[-72.5986,42.7309]]]},"properties":{"name":"Leyden"}},{"type":"Feature","geometry":{"type":"Polygon","coordinates":[[[-71.1086,42.7353],[-71.1156,42.7411],[-71.1167,42.7388],[-71.1217,42.7338],[-71.1245,42.7317],[-71.1264,42.7287],[-71.131,42.7241],[-71.1342,42.7215],[-71.135,42.7182],[-71.1338,42.7151],[-71.1335,42.7125],[-71.134,42.7104],[-71.1363,42.7072],[-71.1376,42.7065],[-71.1371,42.7044],[-71.1409,42.7033],[-71.1424,42.6994],[-71.1442,42.6993],[-71.1458,42.6983],[-71.1434,42.697],[-71.1431,42.6942],[-71.1417,42.6943],[-71.1379,42.6925],[-71.1374,42.6894],[-71.1385,42.6888],[-71.1379,42.6849],[-71.1392,42.6844],[-71.1336,42.6796],[-71.1345,42.6768],[-71.1288,42.6744],[-71.0762,42.6041],[-71.0588,42.6091],[-71.0546,42.6277],[-71.0223,42.6416],[-71.0405,42.6727],[-71.0906,42.7187],[-71.0923,42.719],[-71.0953,42.7221],[-71.0918,42.7243],[-71.0937,42.7267],[-71.095,42.7263],[-71.0965,42.7241],[-71.1086,42.7353]]]},"properties":{"name":"North Andover"}},{"type":"Feature","geometry":{"type":"Polygon","coordinates":[[[-71.2562,42.6571],[-71.2585,42.6569],[-71.262,42.6575],[-71.2655,42.6576],[-71.2752,42.6562],[-71.2727,42.6509],[-71.2717,42.648],[-71.2712,42.6442],[-71.2747,42.6288],[-71.2778,42.6208],[-71.2834,42.6153],[-71.2963,42.6127],[-71.2111,42.5733],[-71.1925,42.5645],[-71.1752,42.5923],[-71.1649,42.598],[-71.1805,42.6077],[-71.1801,42.6093],[-71.1773,42.61],[-71.1775,42.6116],[-71.1761,42.6146],[-71.173,42.615],[-71.1721,42.6168],[-71.2545,42.6563],[-71.2562,42.6571]]]},"properties":{"name":"Tewksbury"}},{"type":"Feature","geometry":{"type":"Polygon","coordinates":[[[-72.951,42.641],[-72.9542,42.6415],[-72.9631,42.6414],[-72.9647,42.6391],[-72.9669,42.6375],[-72.9663,42.6349],[-72.9667,42.6335],[-72.9695,42.6326],[-72.9711,42.6341],[-72.9737,42.6348],[-72.9744,42.6326],[-72.9765,42.6334],[-72.9806,42.6372],[-72.982,42.638],[-72.9853,42.6384],[-72.9874,42.6366],[-72.9864,42.6347],[-72.9888,42.6347],[-72.9937,42.6335],[-72.9972,42.6336],[-72.9988,42.6349],[-73.0012,42.6357],[-73.0001,42.6373],[-73.0014,42.6384],[-73.0036,42.6385],[-73.0061,42.6406],[-73.0087,42.6411],[-73.0095,42.6436],[-73.009,42.6452],[-73.0116,42.6457],[-73.0118,42.6472],[-73.0636,42.6498],[-73.0675,42.594],[-73.0843,42.5948],[-73.0805,42.5736],[-73.0956,42.5612],[-73.0854,42.5595],[-72.979,42.5416],[-72.9754,42.556],[-72.9546,42.6287],[-72.951,42.641]]]},"properties":{"name":"Savoy"}},{"type":"Feature","geometry":{"type":"Polygon","coordinates":[[[-72.5408,42.6557],[-72.5437,42.656],[-72.5857,42.6509],[-72.6209,42.6469],[-72.633,42.6453],[-72.6499,42.5769],[-72.6368,42.578],[-72.6297,42.5787],[-72.6239,42.5705],[-72.6225,42.571],[-72.6179,42.5699],[-72.6137,42.5698],[-72.6088,42.57],[-72.6054,42.5718],[-72.6023,42.5716],[-72.6001,42.5682],[-72.5958,42.5663],[-72.5937,42.5669],[-72.5919,42.5697],[-72.5858,42.5705],[-72.5802,42.5709],[-72.5789,42.5718],[-72.5779,42.5744],[-72.5781,42.5785],[-72.58,42.5817],[-72.5798,42.5847],[-72.5807,42.5877],[-72.583,42.59],[-72.5832,42.5924],[-72.5822,42.5944],[-72.5765,42.5969],[-72.5716,42.6022],[-72.5668,42.6062],[-72.558,42.6113],[-72.5548,42.6122],[-72.5527,42.6122],[-72.552,42.6153],[-72.5493,42.6175],[-72.5501,42.6246],[-72.5497,42.6266],[-72.5517,42.6272],[-72.5507,42.6287],[-72.5514,42.6303],[-72.5484,42.6326],[-72.5468,42.6354],[-72.5491,42.6379],[-72.5491,42.6412],[-72.5458,42.6444],[-72.5404,42.6455],[-72.5413,42.6486],[-72.54,42.6507],[-72.5413,42.6529],[-72.5408,42.6557]]]},"properties":{"name":"Greenfield"}},{"type":"Feature","geometry":{"type":"Polygon","coordinates":[[[-70.8169,42.6413],[-70.8218,42.6423],[-70.8218,42.6405],[-70.8241,42.6382],[-70.8236,42.6362],[-70.8241,42.6342],[-70.8328,42.6385],[-70.8342,42.6401],[-70.831,42.6421],[-70.8315,42.6439],[-70.8313,42.6474],[-70.8335,42.6488],[-70.8357,42.649],[-70.8373,42.648],[-70.8466,42.6467],[-70.8467,42.6459],[-70.8504,42.6438],[-70.8563,42.6427],[-70.8576,42.6417],[-70.8633,42.6462],[-70.8611,42.6539],[-70.8598,42.6575],[-70.8614,42.6582],[-70.8672,42.6574],[-70.8701,42.6591],[-70.8721,42.6572],[-70.875,42.6573],[-70.8772,42.6564],[-70.8767,42.6554],[-70.8791,42.6539],[-70.8837,42.6551],[-70.8863,42.6567],[-70.8854,42.6583],[-70.8873,42.6591],[-70.8888,42.6586],[-70.8943,42.6597],[-70.898,42.6593],[-70.9011,42.6603],[-70.9036,42.6595],[-70.9056,42.6587],[-70.905,42.6521],[-70.9018,42.6528],[-70.8983,42.6481],[-70.9002,42.6475],[-70.8979,42.6447],[-70.8963,42.6437],[-70.896,42.6394],[-70.9046,42.6382],[-70.9071,42.6354],[-70.9052,42.6331],[-70.9062,42.6305],[-70.9089,42.6296],[-70.9104,42.6297],[-70.9138,42.6282],[-70.9168,42.6283],[-70.9167,42.6274],[-70.9199,42.6251],[-70.9179,42.6238],[-70.9189,42.6228],[-70.9186,42.6226],[-70.8753,42.6099],[-70.8145,42.5934],[-70.8008,42.5953],[-70.8009,42.602],[-70.8095,42.6073],[-70.8161,42.6188],[-70.8186,42.6217],[-70.8186,42.6249],[-70.8119,42.6253],[-70.8124,42.6356],[-70.8131,42.6405],[-70.8169,42.6413]]]},"properties":{"name":"Hamilton"}},{"type":"Feature","geometry":{"type":"Polygon","coordinates":[[[-71.4965,42.6498],[-71.515,42.6436],[-71.5344,42.6484],[-71.5371,42.6635],[-71.5771,42.6547],[-71.5794,42.6541],[-71.5791,42.6514],[-71.5804,42.6468],[-71.583,42.6441],[-71.5838,42.646],[-71.5865,42.6464],[-71.5871,42.645],[-71.5862,42.6442],[-71.5873,42.6394],[-71.5888,42.6372],[-71.5924,42.637],[-71.5913,42.6353],[-71.5926,42.6346],[-71.5923,42.6328],[-71.5892,42.6329],[-71.5879,42.6314],[-71.5885,42.6304],[-71.593,42.6293],[-71.5937,42.628],[-71.5931,42.6267],[-71.5996,42.6258],[-71.6016,42.627],[-71.6036,42.6299],[-71.6056,42.631],[-71.6073,42.6301],[-71.6081,42.6274],[-71.6142,42.6285],[-71.6219,42.6319],[-71.6308,42.6352],[-71.6407,42.6393],[-71.6469,42.6442],[-71.649,42.6442],[-71.6525,42.6458],[-71.6564,42.6497],[-71.6579,42.6499],[-71.6605,42.6351],[-71.6531,42.6306],[-71.651,42.6298],[-71.6495,42.6277],[-71.6502,42.6268],[-71.6478,42.6248],[-71.6463,42.625],[-71.6452,42.6218],[-71.6438,42.6213],[-71.6437,42.6196],[-71.6447,42.6181],[-71.6435,42.6157],[-71.6407,42.614],[-71.6377,42.6134],[-71.6357,42.6124],[-71.6348,42.6093],[-71.6323,42.6076],[-71.6303,42.6074],[-71.6303,42.6037],[-71.6282,42.6017],[-71.6283,42.6003],[-71.6262,42.5984],[-71.626,42.5936],[-71.6238,42.5932],[-71.623,42.5897],[-71.6183,42.5862],[-71.6156,42.5862],[-71.6138,42.5854],[-71.6149,42.5841],[-71.6133,42.5829],[-71.6108,42.5826],[-71.6092,42.5812],[-71.6069,42.5832],[-71.6024,42.582],[-71.6003,42.5829],[-71.5115,42.5694],[-71.5064,42.5722],[-71.503,42.5755],[-71.498,42.5769],[-71.4962,42.5914],[-71.4943,42.6089],[-71.4935,42.6174],[-71.4986,42.6388],[-71.4975,42.6417],[-71.4965,42.6498]]]},"properties":{"name":"Groton"}},{"type":"Feature","geometry":{"type":"MultiPolygon","coordinates":[[[[-70.6896,42.6414],[-70.6931,42.6405],[-70.693,42.6391],[-70.6961,42.6383],[-70.6978,42.637],[-70.6972,42.6338],[-70.6976,42.6327],[-70.6958,42.6318],[-70.6898,42.6336],[-70.6879,42.6351],[-70.6894,42.6367],[-70.6872,42.6378],[-70.6848,42.6408],[-70.6896,42.6414]]],[[[-70.6885,42.6452],[-70.6901,42.6454],[-70.6915,42.6442],[-70.6905,42.6427],[-70.686,42.6421],[-70.6864,42.6442],[-70.6885,42.6452]]],[[[-70.6828,42.6457],[-70.6859,42.6454],[-70.686,42.6439],[-70.6838,42.6427],[-70.682,42.6445],[-70.6828,42.6457]]],[[[-70.7154,42.5756],[-70.7154,42.5732],[-70.7139,42.5725],[-70.7098,42.573],[-70.7083,42.5752],[-70.7019,42.5766],[-70.6998,42.5766],[-70.6985,42.5774],[-70.6964,42.581],[-70.6948,42.583],[-70.6907,42.5863],[-70.689,42.5869],[-70.6877,42.5861],[-70.6848,42.5886],[-70.6857,42.5899],[-70.6855,42.5915],[-70.6834,42.5912],[-70.6814,42.5933],[-70.682,42.5953],[-70.6854,42.5967],[-70.6833,42.5983],[-70.6821,42.6019],[-70.677,42.6032],[-70.6775,42.6075],[-70.6731,42.6097],[-70.6761,42.6107],[-70.6775,42.6119],[-70.6796,42.612],[-70.6819,42.6135],[-70.682,42.6148],[-70.6799,42.6155],[-70.684,42.6175],[-70.6901,42.6199],[-70.6912,42.6207],[-70.6952,42.6212],[-70.6956,42.6228],[-70.6913,42.6227],[-70.6899,42.6254],[-70.6907,42.6276],[-70.6929,42.6294],[-70.6946,42.6317],[-70.6972,42.6312],[-70.699,42.6315],[-70.6987,42.6332],[-70.6997,42.6344],[-70.6992,42.6357],[-70.7006,42.6372],[-70.7004,42.6393],[-70.6984,42.6402],[-70.6974,42.6424],[-70.6942,42.6411],[-70.6933,42.6429],[-70.6946,42.6455],[-70.6886,42.6458],[-70.6869,42.645],[-70.6842,42.6466],[-70.6811,42.6466],[-70.6792,42.649],[-70.6833,42.6518],[-70.6855,42.6546],[-70.6872,42.6532],[-70.6899,42.654],[-70.6915,42.6562],[-70.6938,42.657],[-70.6985,42.6571],[-70.7043,42.6582],[-70.7089,42.6596],[-70.7128,42.6618],[-70.7178,42.6636],[-70.7195,42.6633],[-70.7227,42.6597],[-70.7212,42.6567],[-70.7213,42.6545],[-70.7195,42.6532],[-70.7193,42.6505],[-70.7207,42.6492],[-70.7251,42.6496],[-70.727,42.648],[-70.7299,42.6489],[-70.7321,42.647],[-70.7335,42.6472],[-70.7354,42.6491],[-70.7396,42.6424],[-70.7574,42.6201],[-70.7456,42.5996],[-70.7405,42.59],[-70.7338,42.5881],[-70.7235,42.5843],[-70.7171,42.5815],[-70.7152,42.576],[-70.7154,42.5756]]],[[[-70.6405,42.6864],[-70.643,42.6853],[-70.6429,42.6874],[-70.6447,42.6894],[-70.6484,42.6863],[-70.6504,42.685],[-70.6526,42.6828],[-70.655,42.6815],[-70.6583,42.6817],[-70.6606,42.6797],[-70.6615,42.6781],[-70.6633,42.6778],[-70.665,42.6758],[-70.6641,42.6736],[-70.6659,42.6737],[-70.6681,42.6686],[-70.67,42.6677],[-70.6721,42.6679],[-70.6731,42.6666],[-70.6756,42.6663],[-70.6785,42.6648],[-70.6794,42.6633],[-70.6813,42.6624],[-70.6795,42.6603],[-70.6816,42.6588],[-70.6811,42.6562],[-70.682,42.6533],[-70.6789,42.6531],[-70.6754,42.6521],[-70.6739,42.6486],[-70.6769,42.6445],[-70.6792,42.6447],[-70.6811,42.6433],[-70.6819,42.6391],[-70.6832,42.6396],[-70.6849,42.6379],[-70.6851,42.633],[-70.686,42.6322],[-70.689,42.6319],[-70.6899,42.6302],[-70.6881,42.6276],[-70.6883,42.6247],[-70.6871,42.6242],[-70.6882,42.6218],[-70.6858,42.6203],[-70.6819,42.6195],[-70.6815,42.6215],[-70.6792,42.6206],[-70.6786,42.6158],[-70.6776,42.615],[-70.6783,42.6132],[-70.6736,42.6101],[-70.6695,42.6101],[-70.6634,42.6084],[-70.6608,42.607],[-70.6582,42.6032],[-70.6565,42.6021],[-70.6577,42.5999],[-70.6556,42.5983],[-70.6544,42.5959],[-70.6547,42.5941],[-70.6573,42.5921],[-70.6597,42.5919],[-70.662,42.5891],[-70.6633,42.5884],[-70.6626,42.5869],[-70.6629,42.5851],[-70.6656,42.5837],[-70.6635,42.5804],[-70.6611,42.5802],[-70.6582,42.5816],[-70.6545,42.5819],[-70.6533,42.5833],[-70.6498,42.586],[-70.6494,42.5869],[-70.6517,42.5886],[-70.652,42.5913],[-70.649,42.5931],[-70.6463,42.5923],[-70.6437,42.5933],[-70.6392,42.5964],[-70.6395,42.5978],[-70.6364,42.5993],[-70.6354,42.6017],[-70.6332,42.6042],[-70.6326,42.6066],[-70.6335,42.6107],[-70.6345,42.6116],[-70.6345,42.6139],[-70.6318,42.6151],[-70.6329,42.6173],[-70.6297,42.62],[-70.6226,42.6233],[-70.6206,42.6232],[-70.6182,42.6254],[-70.6183,42.6261],[-70.6189,42.6263],[-70.6193,42.6264],[-70.6431,42.6346],[-70.644,42.6646],[-70.6405,42.6864]]]]},"properties":{"name":"Gloucester"}},{"type":"Feature","geometry":{"type":"Polygon","coordinates":[[[-71.2752,42.6562],[-71.2804,42.6541],[-71.2869,42.6489],[-71.2996,42.6665],[-71.3575,42.6545],[-71.3689,42.6618],[-71.3782,42.6607],[-71.3825,42.6528],[-71.3805,42.6509],[-71.3809,42.649],[-71.3791,42.6474],[-71.3771,42.6427],[-71.3745,42.6395],[-71.3695,42.6376],[-71.3647,42.6376],[-71.3599,42.626],[-71.3288,42.6138],[-71.3257,42.6133],[-71.3254,42.6113],[-71.3233,42.6065],[-71.3199,42.6069],[-71.3189,42.6085],[-71.3193,42.6136],[-71.2962,42.6147],[-71.297,42.613],[-71.2963,42.6127],[-71.2834,42.6153],[-71.2778,42.6208],[-71.2747,42.6288],[-71.2712,42.6442],[-71.2717,42.648],[-71.2727,42.6509],[-71.2752,42.6562]]]},"properties":{"name":"Lowell"}},{"type":"Feature","geometry":{"type":"Polygon","coordinates":[[[-73.0633,42.6547],[-73.1698,42.6602],[-73.1715,42.6287],[-73.1743,42.5985],[-73.0843,42.5948],[-73.0675,42.594],[-73.0636,42.6498],[-73.0633,42.6547]]]},"properties":{"name":"Adams"}},{"type":"Feature","geometry":{"type":"Polygon","coordinates":[[[-70.9653,42.6719],[-70.969,42.6732],[-70.9604,42.6491],[-70.9755,42.6422],[-70.9764,42.6407],[-70.9739,42.6383],[-70.9733,42.6368],[-70.9749,42.6353],[-70.9733,42.6316],[-70.9733,42.6295],[-70.9701,42.6275],[-70.9681,42.6269],[-70.9691,42.6251],[-70.972,42.625],[-70.9745,42.6234],[-70.9767,42.6232],[-70.9761,42.6211],[-70.9823,42.6167],[-70.9839,42.6134],[-70.9853,42.6122],[-70.9825,42.6092],[-70.9808,42.6064],[-70.9759,42.605],[-70.9733,42.603],[-70.9702,42.6027],[-70.969,42.6012],[-70.9663,42.6011],[-70.9648,42.5996],[-70.9547,42.6053],[-70.9439,42.6096],[-70.9324,42.6132],[-70.9311,42.6124],[-70.9275,42.617],[-70.9257,42.6229],[-70.9243,42.6238],[-70.9214,42.6238],[-70.9189,42.6228],[-70.9179,42.6238],[-70.9199,42.6251],[-70.9167,42.6274],[-70.9168,42.6283],[-70.9138,42.6282],[-70.9104,42.6297],[-70.9089,42.6296],[-70.9062,42.6305],[-70.9052,42.6331],[-70.9071,42.6354],[-70.9046,42.6382],[-70.896,42.6394],[-70.8963,42.6437],[-70.8979,42.6447],[-70.9002,42.6475],[-70.8983,42.6481],[-70.9018,42.6528],[-70.905,42.6521],[-70.9056,42.6587],[-70.9036,42.6595],[-70.905,42.662],[-70.9163,42.6608],[-70.9205,42.6701],[-70.936,42.6635],[-70.9653,42.6719]]]},"properties":{"name":"Topsfield"}},{"type":"Feature","geometry":{"type":"MultiPolygon","coordinates":[[[[-70.7443,42.6611],[-70.746,42.6612],[-70.7463,42.6596],[-70.7516,42.6574],[-70.7518,42.6563],[-70.7504,42.655],[-70.7496,42.653],[-70.7484,42.652],[-70.7447,42.6524],[-70.7426,42.6541],[-70.7419,42.6563],[-70.7429,42.6587],[-70.7418,42.6597],[-70.7443,42.6611]]],[[[-70.7637,42.6607],[-70.7626,42.6586],[-70.7606,42.6574],[-70.7582,42.6571],[-70.7545,42.6578],[-70.7549,42.6594],[-70.7586,42.6598],[-70.7622,42.6608],[-70.7637,42.6607]]],[[[-70.7354,42.6491],[-70.7381,42.6503],[-70.7408,42.6502],[-70.7419,42.6488],[-70.7454,42.6513],[-70.7495,42.6493],[-70.7515,42.6497],[-70.7559,42.6488],[-70.7572,42.6474],[-70.7605,42.645],[-70.7622,42.6462],[-70.763,42.6489],[-70.7654,42.6482],[-70.7671,42.6501],[-70.7633,42.6502],[-70.7627,42.6527],[-70.7613,42.6537],[-70.7626,42.6561],[-70.7649,42.6572],[-70.7675,42.6594],[-70.7694,42.6616],[-70.7709,42.6606],[-70.7722,42.6616],[-70.7681,42.6647],[-70.7672,42.6667],[-70.769,42.6679],[-70.7678,42.6696],[-70.7693,42.6709],[-70.7736,42.6716],[-70.7751,42.6724],[-70.778,42.6729],[-70.781,42.671],[-70.7834,42.6703],[-70.7843,42.6682],[-70.7861,42.6682],[-70.7891,42.6683],[-70.7896,42.6663],[-70.7913,42.6641],[-70.7906,42.6621],[-70.7928,42.6624],[-70.7936,42.6606],[-70.7926,42.659],[-70.7946,42.6588],[-70.7961,42.6574],[-70.7956,42.656],[-70.7998,42.6564],[-70.8009,42.6573],[-70.8039,42.6559],[-70.8041,42.6548],[-70.8074,42.6547],[-70.8078,42.6523],[-70.8099,42.6509],[-70.8102,42.6497],[-70.8138,42.648],[-70.8169,42.6413],[-70.8131,42.6405],[-70.8124,42.6356],[-70.8119,42.6253],[-70.8186,42.6249],[-70.8186,42.6217],[-70.8161,42.6188],[-70.8095,42.6073],[-70.8009,42.602],[-70.8008,42.5953],[-70.7735,42.5982],[-70.7456,42.5996],[-70.7574,42.6201],[-70.7396,42.6424],[-70.7354,42.6491]]],[[[-70.7591,42.6739],[-70.7612,42.6739],[-70.7662,42.6731],[-70.7648,42.6718],[-70.7642,42.6696],[-70.7667,42.6664],[-70.7665,42.664],[-70.764,42.6629],[-70.7584,42.6615],[-70.7554,42.6615],[-70.7524,42.664],[-70.7508,42.6638],[-70.7479,42.6674],[-70.7491,42.6686],[-70.7517,42.6697],[-70.7534,42.6697],[-70.7573,42.6716],[-70.7591,42.6739]]]]},"properties":{"name":"Essex"}},{"type":"Feature","geometry":{"type":"Polygon","coordinates":[[[-72.2249,42.6389],[-72.2295,42.6627],[-72.2421,42.6616],[-72.2435,42.6692],[-72.2573,42.6679],[-72.2585,42.6754],[-72.2719,42.6744],[-72.272,42.6747],[-72.2855,42.6734],[-72.2832,42.6625],[-72.2954,42.6608],[-72.2932,42.6506],[-72.3034,42.6488],[-72.3019,42.6414],[-72.3128,42.6408],[-72.3112,42.6328],[-72.3216,42.6315],[-72.3184,42.6149],[-72.3648,42.6094],[-72.3623,42.5952],[-72.3591,42.5987],[-72.3571,42.5988],[-72.3538,42.5981],[-72.3568,42.5487],[-72.2714,42.5472],[-72.2736,42.561],[-72.2767,42.5704],[-72.2764,42.5774],[-72.275,42.5767],[-72.2718,42.5783],[-72.2714,42.5763],[-72.27,42.5763],[-72.2686,42.5779],[-72.2654,42.5776],[-72.2635,42.576],[-72.2613,42.5759],[-72.2671,42.6008],[-72.2654,42.601],[-72.2622,42.6003],[-72.26,42.6011],[-72.2588,42.6037],[-72.2563,42.6051],[-72.2533,42.6053],[-72.2547,42.6116],[-72.24,42.6137],[-72.238,42.6147],[-72.2368,42.6142],[-72.2307,42.6148],[-72.2292,42.6146],[-72.2278,42.6159],[-72.2283,42.6189],[-72.2277,42.6206],[-72.2299,42.6222],[-72.2317,42.6252],[-72.2312,42.6259],[-72.2278,42.6265],[-72.2253,42.6304],[-72.2265,42.6349],[-72.2282,42.6365],[-72.2291,42.6384],[-72.2249,42.6389]]]},"properties":{"name":"Orange"}},{"type":"Feature","geometry":{"type":"Polygon","coordinates":[[[-72.7726,42.6583],[-72.8215,42.6369],[-72.8357,42.6351],[-72.8362,42.6378],[-72.8428,42.6381],[-72.8423,42.6466],[-72.8512,42.6471],[-72.8542,42.6647],[-72.8554,42.6646],[-72.8577,42.674],[-72.9137,42.6725],[-72.9146,42.6694],[-72.9295,42.6691],[-72.9304,42.6674],[-72.9333,42.6672],[-72.9346,42.6656],[-72.9374,42.6639],[-72.9553,42.6545],[-72.9556,42.6545],[-72.9543,42.6517],[-72.9527,42.6509],[-72.951,42.641],[-72.9546,42.6287],[-72.9297,42.6237],[-72.8334,42.6112],[-72.8318,42.6166],[-72.8237,42.6186],[-72.82,42.6183],[-72.8164,42.617],[-72.8137,42.6167],[-72.8099,42.617],[-72.8031,42.6166],[-72.7974,42.6177],[-72.7908,42.6197],[-72.7835,42.6213],[-72.7777,42.621],[-72.7727,42.6201],[-72.7643,42.6194],[-72.7596,42.6198],[-72.7549,42.6209],[-72.7531,42.6206],[-72.7503,42.6183],[-72.7488,42.618],[-72.7456,42.6194],[-72.7456,42.6215],[-72.7469,42.624],[-72.744,42.6268],[-72.7424,42.6272],[-72.7369,42.627],[-72.737,42.629],[-72.736,42.6322],[-72.7351,42.6331],[-72.7661,42.6293],[-72.7726,42.6583]]]},"properties":{"name":"Charlemont"}},{"type":"Feature","geometry":{"type":"MultiPolygon","coordinates":[[[[-70.9518,42.3133],[-70.9529,42.3133],[-70.9546,42.3118],[-70.9524,42.311],[-70.9498,42.3126],[-70.9518,42.3133]]],[[[-71.0092,42.3055],[-71.0108,42.3098],[-71.0056,42.3145],[-71.0058,42.3164],[-71.0032,42.3191],[-70.9994,42.3185],[-70.9979,42.3194],[-70.9977,42.3207],[-71.0028,42.3221],[-71.0058,42.3217],[-71.0074,42.321],[-71.0111,42.3168],[-71.0138,42.3153],[-71.0171,42.3144],[-71.0182,42.3125],[-71.0169,42.3098],[-71.0159,42.3092],[-71.014,42.3103],[-71.0127,42.3098],[-71.011,42.3075],[-71.0103,42.3052],[-71.0092,42.3055]]],[[[-70.9303,42.322],[-70.9306,42.3196],[-70.9291,42.3176],[-70.926,42.3181],[-70.9256,42.3203],[-70.9263,42.3215],[-70.9303,42.322]]],[[[-70.9403,42.3277],[-70.9419,42.3274],[-70.9419,42.3261],[-70.9399,42.3244],[-70.9368,42.3266],[-70.9403,42.3277]]],[[[-70.9833,42.3284],[-70.9874,42.3289],[-70.991,42.3276],[-70.9916,42.3262],[-70.9884,42.3242],[-70.9879,42.3194],[-70.9856,42.3191],[-70.983,42.323],[-70.9847,42.3241],[-70.9844,42.3261],[-70.9823,42.3275],[-70.9833,42.3284]]],[[[-70.9537,42.3305],[-70.9579,42.331],[-70.9616,42.327],[-70.9651,42.3256],[-70.9655,42.3245],[-70.9677,42.3231],[-70.9692,42.3203],[-70.9696,42.3183],[-70.9713,42.3152],[-70.9738,42.3125],[-70.9769,42.3109],[-70.9747,42.3103],[-70.9705,42.3115],[-70.9691,42.313],[-70.9664,42.3133],[-70.9633,42.3202],[-70.9599,42.3248],[-70.9589,42.3269],[-70.9567,42.3283],[-70.954,42.3292],[-70.9537,42.3305]]],[[[-70.9235,42.327],[-70.9303,42.3337],[-70.932,42.333],[-70.931,42.331],[-70.9315,42.3286],[-70.9296,42.3285],[-70.9272,42.3274],[-70.9264,42.3256],[-70.9243,42.3251],[-70.9235,42.327]]],[[[-70.9688,42.3559],[-70.9686,42.3544],[-70.9657,42.3533],[-70.9655,42.352],[-70.9588,42.3479],[-70.9582,42.3464],[-70.956,42.3439],[-70.9529,42.344],[-70.9537,42.3476],[-70.9533,42.3495],[-70.9538,42.3513],[-70.9565,42.3541],[-70.9596,42.356],[-70.9633,42.3555],[-70.9645,42.3568],[-70.9673,42.3571],[-70.9688,42.3559]]],[[[-71.0428,42.2771],[-71.0418,42.2792],[-71.0415,42.2834],[-71.0384,42.2861],[-71.0373,42.2883],[-71.0378,42.2909],[-71.0397,42.2929],[-71.0446,42.2939],[-71.0466,42.2983],[-71.0436,42.3],[-71.0437,42.3024],[-71.0489,42.3034],[-71.0497,42.3022],[-71.0524,42.3046],[-71.0534,42.3063],[-71.0519,42.3079],[-71.0492,42.3078],[-71.048,42.3068],[-71.0484,42.3046],[-71.0463,42.3046],[-71.0445,42.3086],[-71.042,42.31],[-71.0439,42.3108],[-71.0461,42.3134],[-71.0441,42.3142],[-71.0378,42.3104],[-71.0366,42.3106],[-71.0333,42.3131],[-71.0331,42.3165],[-71.0364,42.3176],[-71.0367,42.3187],[-71.0434,42.3225],[-71.0463,42.3238],[-71.0469,42.3264],[-71.0458,42.3281],[-71.0442,42.3288],[-71.0383,42.3289],[-71.0359,42.3282],[-71.0328,42.3288],[-71.0283,42.3315],[-71.0243,42.3326],[-71.0219,42.3314],[-71.0219,42.3333],[-71.023,42.3356],[-71.022,42.3372],[-71.0194,42.3383],[-71.0157,42.3384],[-71.0128,42.3378],[-71.0119,42.3348],[-71.0096,42.3354],[-71.0089,42.3363],[-71.01,42.3393],[-71.0142,42.342],[-71.0251,42.3419],[-71.0264,42.3413],[-71.0292,42.3417],[-71.0337,42.3415],[-71.039,42.3416],[-71.0372,42.3433],[-71.0219,42.3435],[-71.0219,42.3445],[-71.0256,42.3445],[-71.0265,42.3456],[-71.0232,42.3457],[-71.0232,42.3469],[-71.0266,42.348],[-71.0321,42.3503],[-71.0338,42.3482],[-71.0348,42.3486],[-71.0332,42.3507],[-71.0342,42.3511],[-71.0358,42.349],[-71.0372,42.3483],[-71.0387,42.3492],[-71.0367,42.3519],[-71.0377,42.3523],[-71.0399,42.3494],[-71.0408,42.3498],[-71.0387,42.3527],[-71.04,42.3532],[-71.0422,42.3504],[-71.043,42.3511],[-71.0423,42.3529],[-71.0445,42.3534],[-71.0436,42.3547],[-71.0472,42.3549],[-71.0485,42.3541],[-71.0548,42.3459],[-71.0557,42.347],[-71.0492,42.3566],[-71.0495,42.3583],[-71.0477,42.3606],[-71.0508,42.3608],[-71.0482,42.3627],[-71.0494,42.3638],[-71.0488,42.3653],[-71.0498,42.3678],[-71.0522,42.3689],[-71.0551,42.3691],[-71.0608,42.3673],[-71.0613,42.3696],[-71.0596,42.3707],[-71.0577,42.3707],[-71.0551,42.3726],[-71.0512,42.3733],[-71.0482,42.3792],[-71.057,42.3804],[-71.0573,42.3815],[-71.0477,42.3799],[-71.0479,42.3832],[-71.049,42.3838],[-71.0621,42.3852],[-71.065,42.3849],[-71.0663,42.3855],[-71.0697,42.3858],[-71.0725,42.3879],[-71.0743,42.3906],[-71.0797,42.3829],[-71.0807,42.381],[-71.0757,42.3802],[-71.0727,42.3732],[-71.0725,42.3727],[-71.0671,42.3718],[-71.064,42.3689],[-71.0695,42.369],[-71.0737,42.3651],[-71.0751,42.3632],[-71.0761,42.3604],[-71.078,42.3587],[-71.091,42.3544],[-71.0972,42.3532],[-71.1043,42.3524],[-71.1101,42.3525],[-71.1141,42.3535],[-71.1169,42.3554],[-71.1172,42.357],[-71.1166,42.3592],[-71.117,42.3667],[-71.1177,42.3681],[-71.1196,42.3688],[-71.122,42.3687],[-71.1245,42.3695],[-71.126,42.3719],[-71.1282,42.3736],[-71.1302,42.374],[-71.1327,42.3732],[-71.1331,42.372],[-71.1318,42.3699],[-71.1329,42.3685],[-71.1367,42.3668],[-71.1397,42.3645],[-71.1437,42.3651],[-71.1483,42.3611],[-71.1525,42.3607],[-71.1545,42.36],[-71.1588,42.36],[-71.1623,42.3586],[-71.1639,42.3585],[-71.1675,42.3601],[-71.1739,42.3535],[-71.1748,42.3503],[-71.1667,42.3401],[-71.1668,42.3393],[-71.1692,42.3381],[-71.1689,42.3358],[-71.1675,42.3334],[-71.1627,42.3339],[-71.1596,42.3329],[-71.157,42.3304],[-71.1499,42.3346],[-71.1483,42.3358],[-71.1487,42.3369],[-71.1462,42.3374],[-71.1466,42.3385],[-71.1442,42.34],[-71.1419,42.34],[-71.1413,42.341],[-71.1353,42.3459],[-71.1334,42.3471],[-71.1229,42.3518],[-71.1066,42.3498],[-71.1071,42.347],[-71.1055,42.3438],[-71.1096,42.3415],[-71.1106,42.3404],[-71.1115,42.3375],[-71.1105,42.3354],[-71.1133,42.3324],[-71.1136,42.3305],[-71.115,42.3273],[-71.116,42.3264],[-71.1168,42.3238],[-71.1201,42.3228],[-71.1215,42.3239],[-71.1243,42.3218],[-71.1319,42.3132],[-71.1365,42.3062],[-71.1401,42.3022],[-71.1469,42.2973],[-71.1521,42.2946],[-71.1647,42.3038],[-71.1786,42.2946],[-71.1912,42.283],[-71.1908,42.2818],[-71.1882,42.2805],[-71.1853,42.2795],[-71.183,42.2759],[-71.1768,42.2768],[-71.1744,42.275],[-71.1746,42.273],[-71.173,42.2701],[-71.1746,42.2684],[-71.1744,42.2673],[-71.1721,42.2664],[-71.1713,42.2653],[-71.1586,42.2551],[-71.1523,42.2583],[-71.1466,42.2558],[-71.1456,42.2501],[-71.1427,42.236],[-71.1307,42.2279],[-71.1275,42.2311],[-71.1255,42.2319],[-71.1241,42.2343],[-71.1225,42.2352],[-71.1257,42.2379],[-71.1264,42.2392],[-71.1093,42.248],[-71.1095,42.2554],[-71.1133,42.259],[-71.1117,42.2606],[-71.1087,42.2613],[-71.105,42.2608],[-71.1028,42.2598],[-71.0989,42.2626],[-71.0977,42.2629],[-71.0941,42.2671],[-71.0901,42.2667],[-71.0902,42.269],[-71.0891,42.2698],[-71.0834,42.2687],[-71.0789,42.2696],[-71.0771,42.2704],[-71.0732,42.2703],[-71.0694,42.2706],[-71.0677,42.2715],[-71.0651,42.2707],[-71.0647,42.2686],[-71.0635,42.2676],[-71.061,42.2675],[-71.0537,42.2718],[-71.0537,42.2731],[-71.0556,42.2751],[-71.0552,42.2763],[-71.0533,42.2775],[-71.0498,42.2781],[-71.0458,42.2764],[-71.0428,42.2771]]],[[[-71.0711,42.3898],[-71.0674,42.3935],[-71.069,42.3939],[-71.0715,42.3915],[-71.0711,42.3898]]],[[[-70.9943,42.3933],[-70.9952,42.3937],[-70.9965,42.3963],[-70.9983,42.3969],[-71.0014,42.3967],[-71.0059,42.3939],[-71.0089,42.3952],[-71.012,42.3958],[-71.0142,42.3952],[-71.0158,42.394],[-71.0147,42.3922],[-71.0187,42.3872],[-71.0212,42.3863],[-71.0282,42.3828],[-71.0306,42.3836],[-71.0329,42.3829],[-71.0335,42.3844],[-71.0352,42.3848],[-71.0373,42.384],[-71.0394,42.3841],[-71.041,42.3822],[-71.0421,42.3821],[-71.0415,42.3793],[-71.0414,42.3742],[-71.0436,42.3729],[-71.045,42.3711],[-71.0422,42.3684],[-71.0429,42.3673],[-71.0406,42.3658],[-71.0418,42.3644],[-71.0374,42.3624],[-71.0359,42.3642],[-71.0343,42.364],[-71.0335,42.3627],[-71.0283,42.3634],[-71.0264,42.3644],[-71.0263,42.3623],[-71.0282,42.3581],[-71.0168,42.3525],[-71.0078,42.3467],[-71.005,42.3471],[-71.0045,42.352],[-71.0036,42.3541],[-71.0015,42.356],[-70.9962,42.3552],[-70.9948,42.354],[-70.991,42.354],[-70.9863,42.3577],[-70.9872,42.3611],[-70.9881,42.3619],[-70.9914,42.362],[-70.9931,42.3628],[-70.9974,42.3631],[-70.9988,42.3628],[-71.0007,42.3646],[-71.0104,42.365],[-71.0061,42.3761],[-71.0001,42.3778],[-71.0057,42.3796],[-71.008,42.3783],[-71.0111,42.372],[-71.0126,42.3721],[-71.0136,42.3747],[-71.012,42.3759],[-71.0136,42.3783],[-71.013,42.3807],[-71.0108,42.3807],[-71.0102,42.3829],[-71.0091,42.3838],[-71.0047,42.3838],[-71.0003,42.3819],[-70.9964,42.3808],[-70.9949,42.3816],[-70.9949,42.3854],[-70.9918,42.3864],[-70.99,42.3875],[-70.987,42.3869],[-70.9872,42.3923],[-70.9898,42.3932],[-70.9928,42.3927],[-70.9943,42.3933]]]]},"properties":{"name":"Boston"}},{"type":"Feature","geometry":{"type":"Polygon","coordinates":[[[-72.9272,42.7391],[-73.023,42.7411],[-73.0237,42.7027],[-72.9979,42.7013],[-72.9496,42.7051],[-72.9507,42.7064],[-72.951,42.7122],[-72.9533,42.717],[-72.9523,42.7199],[-72.9507,42.7204],[-72.9452,42.7212],[-72.9414,42.7201],[-72.9392,42.7216],[-72.9374,42.7251],[-72.9343,42.7259],[-72.9337,42.7274],[-72.9312,42.7302],[-72.9282,42.7317],[-72.9277,42.7325],[-72.9277,42.7367],[-72.9272,42.7391]]]},"properties":{"name":"Monroe"}},{"type":"Feature","geometry":{"type":"Polygon","coordinates":[[[-73.023,42.7411],[-73.0484,42.7417],[-73.0595,42.7084],[-73.0633,42.6547],[-73.0636,42.6498],[-73.0118,42.6472],[-73.0116,42.6457],[-73.009,42.6452],[-73.0095,42.6436],[-73.0087,42.6411],[-73.0061,42.6406],[-73.0036,42.6385],[-73.0014,42.6384],[-73.0001,42.6373],[-73.0012,42.6357],[-72.9988,42.6349],[-72.9972,42.6336],[-72.9937,42.6335],[-72.9888,42.6347],[-72.9864,42.6347],[-72.9874,42.6366],[-72.9853,42.6384],[-72.982,42.638],[-72.9806,42.6372],[-72.9765,42.6334],[-72.9744,42.6326],[-72.9737,42.6348],[-72.9711,42.6341],[-72.9695,42.6326],[-72.9667,42.6335],[-72.9663,42.6349],[-72.9669,42.6375],[-72.9647,42.6391],[-72.9631,42.6414],[-72.9542,42.6415],[-72.951,42.641],[-72.9527,42.6509],[-72.9543,42.6517],[-72.9556,42.6545],[-72.9555,42.6594],[-72.9544,42.6625],[-72.9546,42.6653],[-72.9574,42.667],[-72.9604,42.6674],[-72.9621,42.667],[-72.9639,42.6643],[-72.9688,42.6642],[-72.9728,42.6628],[-72.9749,42.6609],[-72.9766,42.6612],[-72.9807,42.6645],[-72.9855,42.6659],[-72.9886,42.6674],[-72.9933,42.671],[-72.9955,42.6732],[-72.9947,42.6743],[-72.9892,42.6742],[-72.9885,42.6753],[-72.9896,42.6784],[-72.9839,42.6794],[-72.9773,42.6791],[-72.9756,42.6804],[-72.977,42.6828],[-72.9775,42.6859],[-72.9742,42.6885],[-72.9716,42.6891],[-72.9638,42.6875],[-72.9614,42.6882],[-72.9574,42.6901],[-72.9544,42.6903],[-72.9522,42.6922],[-72.9517,42.6957],[-72.9539,42.6982],[-72.9517,42.7005],[-72.9502,42.7012],[-72.9487,42.7041],[-72.9496,42.7051],[-72.9979,42.7013],[-73.0237,42.7027],[-73.023,42.7411]]]},"properties":{"name":"Florida"}},{"type":"Feature","geometry":{"type":"Polygon","coordinates":[[[-70.9241,42.736],[-70.9307,42.7386],[-70.9495,42.7481],[-70.9597,42.7538],[-70.9702,42.7512],[-70.9741,42.7495],[-70.9795,42.7487],[-70.9842,42.7462],[-71.001,42.7391],[-71.0095,42.7352],[-71.0113,42.7342],[-71.0194,42.7336],[-71.027,42.7313],[-71.0346,42.7324],[-71.0316,42.718],[-71.0261,42.7047],[-71.0236,42.7016],[-71.0049,42.7014],[-70.9973,42.7007],[-70.9923,42.7005],[-70.9916,42.6995],[-70.9764,42.6944],[-70.9589,42.7069],[-70.9384,42.7262],[-70.9241,42.736]]]},"properties":{"name":"Georgetown"}},{"type":"Feature","geometry":{"type":"Polygon","coordinates":[[[-73.0484,42.7417],[-73.1636,42.7439],[-73.1659,42.7118],[-73.0595,42.7084],[-73.0484,42.7417]]]},"properties":{"name":"Clarksburg"}},{"type":"Feature","geometry":{"type":"MultiPolygon","coordinates":[[[[-70.8101,42.75],[-70.8103,42.7472],[-70.8051,42.7418],[-70.803,42.7406],[-70.8011,42.7385],[-70.7983,42.7336],[-70.7884,42.7388],[-70.7949,42.7532],[-70.8101,42.75]]],[[[-70.8573,42.724],[-70.8531,42.7269],[-70.8516,42.7272],[-70.8494,42.7265],[-70.8467,42.7288],[-70.8422,42.7297],[-70.8405,42.7323],[-70.8361,42.7324],[-70.8333,42.7329],[-70.8268,42.7335],[-70.8221,42.7324],[-70.8177,42.7298],[-70.8149,42.7268],[-70.8142,42.7291],[-70.8146,42.7316],[-70.8165,42.7349],[-70.8178,42.7398],[-70.8204,42.7423],[-70.8218,42.7449],[-70.822,42.7478],[-70.8229,42.7487],[-70.8234,42.7511],[-70.8301,42.7498],[-70.8325,42.7509],[-70.8317,42.7529],[-70.8329,42.7538],[-70.8351,42.7518],[-70.8368,42.7517],[-70.838,42.7504],[-70.8402,42.752],[-70.8421,42.7502],[-70.8424,42.7502],[-70.8427,42.7502],[-70.8435,42.7503],[-70.844,42.7503],[-70.8447,42.7501],[-70.8452,42.7497],[-70.8456,42.7495],[-70.8461,42.7496],[-70.8464,42.7496],[-70.8465,42.7498],[-70.8471,42.7503],[-70.8472,42.7507],[-70.8479,42.7514],[-70.8484,42.7518],[-70.8485,42.752],[-70.8485,42.7523],[-70.8484,42.7528],[-70.8484,42.7529],[-70.8485,42.753],[-70.8489,42.753],[-70.849,42.753],[-70.8499,42.7529],[-70.8507,42.753],[-70.8508,42.753],[-70.8509,42.7528],[-70.851,42.7526],[-70.8512,42.7524],[-70.8517,42.7521],[-70.8519,42.752],[-70.8522,42.7518],[-70.8524,42.7517],[-70.8526,42.7516],[-70.853,42.7512],[-70.8534,42.7511],[-70.8535,42.7511],[-70.8537,42.7509],[-70.8543,42.7507],[-70.8547,42.7502],[-70.8611,42.749],[-70.8696,42.7488],[-70.8725,42.7502],[-70.8751,42.7493],[-70.8758,42.7477],[-70.8782,42.7486],[-70.8799,42.7479],[-70.8809,42.751],[-70.8844,42.7487],[-70.8873,42.7485],[-70.8896,42.7471],[-70.8914,42.7481],[-70.8938,42.7454],[-70.8958,42.7471],[-70.8969,42.7436],[-70.899,42.7421],[-70.9223,42.7353],[-70.9241,42.736],[-70.9384,42.7262],[-70.9589,42.7069],[-70.9764,42.6944],[-70.9486,42.6807],[-70.8808,42.7063],[-70.8755,42.7129],[-70.8644,42.7091],[-70.8644,42.7093],[-70.8644,42.7094],[-70.8647,42.7099],[-70.8648,42.7102],[-70.8648,42.7103],[-70.8644,42.7106],[-70.8644,42.7107],[-70.8643,42.7107],[-70.8643,42.7108],[-70.8642,42.7111],[-70.8638,42.7114],[-70.8634,42.7116],[-70.8633,42.7117],[-70.8633,42.7118],[-70.8634,42.712],[-70.8637,42.7123],[-70.8638,42.7124],[-70.8636,42.7124],[-70.8635,42.7127],[-70.8636,42.7128],[-70.8633,42.7131],[-70.863,42.7133],[-70.8624,42.7133],[-70.8622,42.7132],[-70.8618,42.713],[-70.8613,42.713],[-70.8609,42.7131],[-70.8609,42.7132],[-70.8607,42.7131],[-70.8601,42.7133],[-70.859,42.7131],[-70.8587,42.713],[-70.8585,42.7131],[-70.8582,42.7134],[-70.8577,42.7144],[-70.8577,42.7147],[-70.858,42.7149],[-70.8582,42.7149],[-70.8585,42.7149],[-70.8593,42.7147],[-70.8596,42.7147],[-70.8601,42.7149],[-70.8607,42.7152],[-70.8609,42.7154],[-70.861,42.7156],[-70.861,42.7157],[-70.861,42.7158],[-70.861,42.716],[-70.8607,42.7163],[-70.8603,42.7166],[-70.859,42.7171],[-70.8588,42.7173],[-70.8587,42.7176],[-70.8591,42.7184],[-70.8591,42.7188],[-70.8591,42.7189],[-70.8584,42.7195],[-70.8583,42.7196],[-70.8582,42.7199],[-70.8582,42.7201],[-70.8585,42.7203],[-70.8594,42.7212],[-70.8594,42.7215],[-70.8593,42.7218],[-70.8592,42.7219],[-70.8585,42.7223],[-70.858,42.7222],[-70.8577,42.7222],[-70.8573,42.7222],[-70.8568,42.7223],[-70.8565,42.7225],[-70.8565,42.7226],[-70.8566,42.7229],[-70.8572,42.7234],[-70.8573,42.7236],[-70.8573,42.724]]]]},"properties":{"name":"Rowley"}},{"type":"Feature","geometry":{"type":"Polygon","coordinates":[[[-73.1636,42.7439],[-73.2648,42.7459],[-73.307,42.6326],[-73.262,42.6313],[-73.1715,42.6287],[-73.1698,42.6602],[-73.1678,42.6866],[-73.1772,42.6869],[-73.1754,42.7123],[-73.1659,42.7118],[-73.1636,42.7439]]]},"properties":{"name":"Williamstown"}},{"type":"Feature","geometry":{"type":"Polygon","coordinates":[[[-70.9672,42.7583],[-70.9965,42.7716],[-71.0174,42.7826],[-71.0204,42.7843],[-71.0219,42.7796],[-71.0246,42.7752],[-71.0301,42.7692],[-71.0376,42.7593],[-71.04,42.7577],[-71.0426,42.757],[-71.0418,42.7547],[-71.0441,42.7532],[-71.0445,42.749],[-71.0483,42.7461],[-71.0528,42.7399],[-71.0581,42.7342],[-71.0589,42.7325],[-71.0316,42.718],[-71.0346,42.7324],[-71.027,42.7313],[-71.0194,42.7336],[-71.0113,42.7342],[-71.0095,42.7352],[-71.001,42.7391],[-70.9842,42.7462],[-70.9795,42.7487],[-70.9741,42.7495],[-70.9702,42.7512],[-70.9597,42.7538],[-70.9672,42.7583]]]},"properties":{"name":"Groveland"}},{"type":"Feature","geometry":{"type":"Polygon","coordinates":[[[-71.1156,42.7411],[-71.1164,42.7442],[-71.1208,42.749],[-71.1251,42.7517],[-71.1262,42.7527],[-71.1298,42.758],[-71.1306,42.7608],[-71.1318,42.7615],[-71.1824,42.7943],[-71.1861,42.7909],[-71.1827,42.7501],[-71.1818,42.7373],[-71.2238,42.7465],[-71.2374,42.7449],[-71.2454,42.7425],[-71.2551,42.7365],[-71.2385,42.6712],[-71.2382,42.6694],[-71.2341,42.6725],[-71.2294,42.6782],[-71.2261,42.6844],[-71.2254,42.6868],[-71.2248,42.6934],[-71.2214,42.6983],[-71.2182,42.7006],[-71.2149,42.7013],[-71.2105,42.7008],[-71.2038,42.6991],[-71.1954,42.6985],[-71.1903,42.6972],[-71.1889,42.6963],[-71.1912,42.7106],[-71.1723,42.7217],[-71.1709,42.7233],[-71.1691,42.7224],[-71.1355,42.7215],[-71.1342,42.7215],[-71.131,42.7241],[-71.1264,42.7287],[-71.1245,42.7317],[-71.1217,42.7338],[-71.1167,42.7388],[-71.1156,42.7411]]]},"properties":{"name":"Methuen"}},{"type":"Feature","geometry":{"type":"MultiPolygon","coordinates":[[[[-70.8272,42.8025],[-70.8292,42.8005],[-70.8276,42.7998],[-70.8231,42.8007],[-70.823,42.8028],[-70.8239,42.8042],[-70.8272,42.8025]]],[[[-70.7949,42.7532],[-70.7966,42.7591],[-70.801,42.7714],[-70.8022,42.776],[-70.8042,42.7813],[-70.805,42.7866],[-70.8049,42.7893],[-70.8059,42.7956],[-70.8072,42.7991],[-70.8069,42.8014],[-70.8058,42.8018],[-70.8054,42.805],[-70.8074,42.8054],[-70.8082,42.8092],[-70.8082,42.8117],[-70.8141,42.8089],[-70.813,42.809],[-70.8106,42.8064],[-70.81,42.805],[-70.8115,42.8036],[-70.8133,42.8039],[-70.8147,42.8053],[-70.8158,42.808],[-70.8233,42.8044],[-70.8223,42.8031],[-70.8229,42.8001],[-70.8213,42.7985],[-70.8225,42.7978],[-70.8238,42.7996],[-70.8282,42.7991],[-70.8304,42.8003],[-70.8301,42.8012],[-70.841,42.7959],[-70.863,42.8016],[-70.8749,42.7981],[-70.8908,42.7943],[-70.8941,42.7952],[-70.8971,42.7971],[-70.898,42.7984],[-70.9051,42.7974],[-70.9174,42.7875],[-70.9263,42.781],[-70.9292,42.7798],[-70.9336,42.7787],[-70.9424,42.7748],[-70.9467,42.7718],[-70.9517,42.7689],[-70.9527,42.769],[-70.9568,42.7671],[-70.9583,42.7657],[-70.9594,42.7663],[-70.9634,42.7654],[-70.9665,42.7602],[-70.9672,42.7583],[-70.9597,42.7538],[-70.9495,42.7481],[-70.9307,42.7386],[-70.9241,42.736],[-70.9223,42.7353],[-70.899,42.7421],[-70.8969,42.7436],[-70.8958,42.7471],[-70.8938,42.7454],[-70.8914,42.7481],[-70.8896,42.7471],[-70.8873,42.7485],[-70.8844,42.7487],[-70.8809,42.751],[-70.8799,42.7479],[-70.8782,42.7486],[-70.8758,42.7477],[-70.8751,42.7493],[-70.8725,42.7502],[-70.8696,42.7488],[-70.8611,42.749],[-70.8547,42.7502],[-70.8543,42.7507],[-70.8537,42.7509],[-70.8535,42.7511],[-70.8534,42.7511],[-70.853,42.7512],[-70.8526,42.7516],[-70.8524,42.7517],[-70.8522,42.7518],[-70.8519,42.752],[-70.8517,42.7521],[-70.8512,42.7524],[-70.851,42.7526],[-70.8509,42.7528],[-70.8508,42.753],[-70.8507,42.753],[-70.8499,42.7529],[-70.849,42.753],[-70.8489,42.753],[-70.8485,42.753],[-70.8484,42.7529],[-70.8484,42.7528],[-70.8485,42.7523],[-70.8485,42.752],[-70.8484,42.7518],[-70.8479,42.7514],[-70.8472,42.7507],[-70.8471,42.7503],[-70.8465,42.7498],[-70.8464,42.7496],[-70.8461,42.7496],[-70.8456,42.7495],[-70.8452,42.7497],[-70.8447,42.7501],[-70.844,42.7503],[-70.8435,42.7503],[-70.8427,42.7502],[-70.8424,42.7502],[-70.8421,42.7502],[-70.8413,42.7522],[-70.8397,42.7526],[-70.8382,42.7513],[-70.8346,42.7529],[-70.8327,42.7549],[-70.8305,42.7535],[-70.8304,42.751],[-70.8257,42.7516],[-70.8238,42.7542],[-70.8238,42.7559],[-70.8255,42.7574],[-70.8303,42.7591],[-70.8339,42.7595],[-70.8396,42.7617],[-70.8461,42.7615],[-70.8468,42.7631],[-70.8372,42.7629],[-70.834,42.7618],[-70.8277,42.7614],[-70.8246,42.7605],[-70.8206,42.7584],[-70.8184,42.7563],[-70.8159,42.7554],[-70.8153,42.757],[-70.8164,42.7605],[-70.8147,42.7637],[-70.8148,42.7647],[-70.8181,42.7667],[-70.8191,42.7678],[-70.8186,42.7695],[-70.8137,42.7725],[-70.8137,42.7705],[-70.8166,42.7687],[-70.8159,42.7674],[-70.8125,42.7673],[-70.8105,42.7663],[-70.8101,42.7626],[-70.811,42.761],[-70.8081,42.7585],[-70.8079,42.7543],[-70.8101,42.75],[-70.7949,42.7532]]]]},"properties":{"name":"Newbury"}},{"type":"Feature","geometry":{"type":"Polygon","coordinates":[[[-70.9692,42.8225],[-70.9724,42.8239],[-70.9787,42.8246],[-70.9861,42.8237],[-70.9905,42.8223],[-70.9958,42.8217],[-70.9982,42.8204],[-71.0007,42.8182],[-71.0014,42.8149],[-71.0006,42.8121],[-70.9996,42.8105],[-70.9988,42.809],[-70.9987,42.807],[-70.9998,42.805],[-71.0035,42.801],[-71.0055,42.7998],[-71.0133,42.796],[-71.017,42.7933],[-71.0196,42.7901],[-71.0204,42.7843],[-71.0174,42.7826],[-70.9965,42.7716],[-70.9672,42.7583],[-70.9665,42.7602],[-70.9634,42.7654],[-70.9594,42.7663],[-70.9583,42.7657],[-70.9568,42.7671],[-70.9527,42.769],[-70.9517,42.7689],[-70.9467,42.7718],[-70.9424,42.7748],[-70.9336,42.7787],[-70.9292,42.7798],[-70.9263,42.781],[-70.9174,42.7875],[-70.9308,42.8027],[-70.9316,42.8064],[-70.9296,42.8088],[-70.9301,42.8106],[-70.9314,42.8117],[-70.9311,42.8149],[-70.9328,42.8151],[-70.9345,42.8164],[-70.9403,42.8225],[-70.9445,42.821],[-70.95,42.8202],[-70.9579,42.8197],[-70.9615,42.8199],[-70.9657,42.821],[-70.9692,42.8225]]]},"properties":{"name":"West Newbury"}},{"type":"Feature","geometry":{"type":"Polygon","coordinates":[[[-70.9996,42.8105],[-71.0025,42.8117],[-71.054,42.8333],[-71.0644,42.8063],[-71.1328,42.8215],[-71.148,42.8161],[-71.1666,42.8089],[-71.1824,42.7943],[-71.1318,42.7615],[-71.1306,42.7608],[-71.1298,42.758],[-71.1262,42.7527],[-71.1251,42.7517],[-71.1208,42.749],[-71.1164,42.7442],[-71.1156,42.7411],[-71.1086,42.7353],[-71.0978,42.7352],[-71.0925,42.737],[-71.0901,42.737],[-71.0881,42.7361],[-71.0819,42.7367],[-71.0741,42.7345],[-71.0721,42.7327],[-71.0589,42.7325],[-71.0581,42.7342],[-71.0528,42.7399],[-71.0483,42.7461],[-71.0445,42.749],[-71.0441,42.7532],[-71.0418,42.7547],[-71.0426,42.757],[-71.04,42.7577],[-71.0376,42.7593],[-71.0301,42.7692],[-71.0246,42.7752],[-71.0219,42.7796],[-71.0204,42.7843],[-71.0196,42.7901],[-71.017,42.7933],[-71.0133,42.796],[-71.0055,42.7998],[-71.0035,42.801],[-70.9998,42.805],[-70.9987,42.807],[-70.9988,42.809],[-70.9996,42.8105]]]},"properties":{"name":"Haverhill"}},{"type":"Feature","geometry":{"type":"MultiPolygon","coordinates":[[[[-70.8239,42.8042],[-70.8261,42.8055],[-70.8272,42.8025],[-70.8239,42.8042]]],[[[-70.8158,42.808],[-70.8168,42.81],[-70.8188,42.8122],[-70.8214,42.812],[-70.8232,42.8102],[-70.8227,42.8085],[-70.8253,42.8079],[-70.8259,42.8065],[-70.8233,42.8044],[-70.8158,42.808]]],[[[-70.8082,42.8117],[-70.808,42.8159],[-70.8113,42.8148],[-70.8162,42.8176],[-70.8191,42.818],[-70.8206,42.816],[-70.8206,42.8147],[-70.8162,42.8123],[-70.8141,42.8089],[-70.8082,42.8117]]],[[[-70.9043,42.8339],[-70.9091,42.8338],[-70.9112,42.8343],[-70.9133,42.8356],[-70.9153,42.8403],[-70.9171,42.8415],[-70.9204,42.8413],[-70.923,42.8402],[-70.925,42.8386],[-70.9279,42.8355],[-70.932,42.8316],[-70.9339,42.828],[-70.937,42.8256],[-70.9403,42.8225],[-70.9345,42.8164],[-70.9328,42.8151],[-70.9311,42.8149],[-70.9314,42.8117],[-70.9301,42.8106],[-70.9296,42.8088],[-70.9316,42.8064],[-70.9308,42.8027],[-70.9174,42.7875],[-70.9051,42.7974],[-70.898,42.7984],[-70.8971,42.7971],[-70.8941,42.7952],[-70.8908,42.7943],[-70.8749,42.7981],[-70.863,42.8016],[-70.841,42.7959],[-70.8301,42.8012],[-70.8286,42.805],[-70.8301,42.8071],[-70.8301,42.809],[-70.8326,42.8093],[-70.8353,42.8088],[-70.8369,42.8079],[-70.8384,42.805],[-70.8364,42.8039],[-70.8371,42.8016],[-70.8401,42.8011],[-70.8447,42.8011],[-70.8486,42.8017],[-70.8515,42.8026],[-70.8532,42.8044],[-70.8574,42.8072],[-70.8624,42.8113],[-70.8679,42.8127],[-70.8728,42.8134],[-70.8752,42.816],[-70.8745,42.8171],[-70.88,42.8229],[-70.882,42.824],[-70.8886,42.8261],[-70.8912,42.8282],[-70.8947,42.8317],[-70.8979,42.8331],[-70.9043,42.8339]]]]},"properties":{"name":"Newburyport"}},{"type":"Feature","geometry":{"type":"Polygon","coordinates":[[[-70.9692,42.8225],[-70.9798,42.8449],[-70.9995,42.8594],[-71.0049,42.8633],[-71.0162,42.8617],[-71.0312,42.8593],[-71.0449,42.8487],[-71.054,42.8333],[-71.0025,42.8117],[-70.9996,42.8105],[-71.0006,42.8121],[-71.0014,42.8149],[-71.0007,42.8182],[-70.9982,42.8204],[-70.9958,42.8217],[-70.9905,42.8223],[-70.9861,42.8237],[-70.9787,42.8246],[-70.9724,42.8239],[-70.9692,42.8225]]]},"properties":{"name":"Merrimac"}},{"type":"Feature","geometry":{"type":"Polygon","coordinates":[[[-70.9043,42.8339],[-70.8998,42.8474],[-70.9146,42.8866],[-70.9296,42.885],[-70.9491,42.8762],[-70.967,42.8688],[-71.0049,42.8633],[-70.9995,42.8594],[-70.9798,42.8449],[-70.9692,42.8225],[-70.9657,42.821],[-70.9615,42.8199],[-70.9579,42.8197],[-70.95,42.8202],[-70.9445,42.821],[-70.9403,42.8225],[-70.937,42.8256],[-70.9339,42.828],[-70.932,42.8316],[-70.9279,42.8355],[-70.925,42.8386],[-70.923,42.8402],[-70.9204,42.8413],[-70.9171,42.8415],[-70.9153,42.8403],[-70.9133,42.8356],[-70.9112,42.8343],[-70.9091,42.8338],[-70.9043,42.8339]]]},"properties":{"name":"Amesbury"}},{"type":"Feature","geometry":{"type":"Polygon","coordinates":[[[-70.8745,42.8171],[-70.8723,42.8175],[-70.8703,42.8165],[-70.8665,42.8156],[-70.8645,42.8147],[-70.858,42.8159],[-70.8565,42.8176],[-70.8535,42.8181],[-70.8481,42.8201],[-70.8381,42.8226],[-70.8351,42.8228],[-70.8289,42.8223],[-70.8259,42.8203],[-70.8243,42.8217],[-70.8212,42.8213],[-70.818,42.8229],[-70.8167,42.8222],[-70.8143,42.8224],[-70.8111,42.8218],[-70.8102,42.8227],[-70.8117,42.8246],[-70.8138,42.833],[-70.8143,42.8384],[-70.8155,42.8466],[-70.8156,42.853],[-70.8161,42.8571],[-70.8152,42.8587],[-70.8154,42.8674],[-70.8148,42.8687],[-70.8147,42.8722],[-70.8202,42.8718],[-70.8297,42.8687],[-70.8367,42.8647],[-70.8477,42.8609],[-70.8856,42.8828],[-70.9035,42.8868],[-70.9146,42.8866],[-70.8998,42.8474],[-70.9043,42.8339],[-70.8979,42.8331],[-70.8947,42.8317],[-70.8912,42.8282],[-70.8886,42.8261],[-70.882,42.824],[-70.88,42.8229],[-70.8745,42.8171]]]},"properties":{"name":"Salisbury"}},{"type":"Feature","geometry":{"type":"MultiPolygon","coordinates":[[[[-70.9212,41.4281],[-70.924,41.431],[-70.9279,41.4316],[-70.9302,41.4298],[-70.9315,41.4266],[-70.9328,41.4252],[-70.9373,41.4252],[-70.9412,41.4225],[-70.9421,41.418],[-70.941,41.4152],[-70.9443,41.4139],[-70.9447,41.4128],[-70.9474,41.4124],[-70.9499,41.4151],[-70.9509,41.4121],[-70.9488,41.4098],[-70.9462,41.4101],[-70.9375,41.412],[-70.9343,41.4131],[-70.9324,41.4143],[-70.9291,41.4156],[-70.9276,41.4172],[-70.9256,41.4207],[-70.9235,41.4225],[-70.921,41.4233],[-70.9158,41.4236],[-70.9128,41.4218],[-70.9083,41.4217],[-70.9088,41.4236],[-70.9121,41.4233],[-70.9179,41.4243],[-70.9231,41.4243],[-70.9252,41.4224],[-70.9265,41.4221],[-70.9324,41.4247],[-70.9307,41.4269],[-70.9276,41.4282],[-70.9263,41.4277],[-70.9243,41.429],[-70.9224,41.4288],[-70.9218,41.4252],[-70.9198,41.4247],[-70.9212,41.4281]]],[[[-70.8543,41.4387],[-70.8557,41.4408],[-70.8558,41.4426],[-70.8547,41.4458],[-70.8556,41.4488],[-70.8575,41.4496],[-70.8587,41.4478],[-70.8609,41.4461],[-70.8608,41.4449],[-70.8625,41.4435],[-70.8674,41.4425],[-70.8711,41.4406],[-70.8751,41.4379],[-70.8739,41.4368],[-70.8776,41.4362],[-70.8824,41.4325],[-70.8842,41.4318],[-70.8875,41.4332],[-70.8912,41.4326],[-70.8966,41.433],[-70.8994,41.4341],[-70.9014,41.4339],[-70.9018,41.4318],[-70.9038,41.4304],[-70.9047,41.4267],[-70.9059,41.4247],[-70.9034,41.4232],[-70.9019,41.4214],[-70.8933,41.4222],[-70.8891,41.4224],[-70.8845,41.4213],[-70.8799,41.4214],[-70.8775,41.4218],[-70.8691,41.4223],[-70.8662,41.4228],[-70.8612,41.4246],[-70.8552,41.4273],[-70.8522,41.4295],[-70.8485,41.433],[-70.8492,41.4358],[-70.8517,41.4368],[-70.8543,41.4387]]],[[[-70.8165,41.4557],[-70.8178,41.4574],[-70.82,41.4583],[-70.822,41.4571],[-70.8248,41.4564],[-70.8285,41.4567],[-70.8303,41.4576],[-70.8332,41.4578],[-70.8356,41.4564],[-70.8384,41.4557],[-70.8405,41.4535],[-70.8401,41.452],[-70.8414,41.4495],[-70.8413,41.4482],[-70.8387,41.4455],[-70.8361,41.4423],[-70.8317,41.4416],[-70.8284,41.4424],[-70.825,41.4446],[-70.8226,41.4454],[-70.8189,41.4455],[-70.8166,41.446],[-70.8145,41.4457],[-70.8107,41.4436],[-70.8083,41.445],[-70.8096,41.4471],[-70.8077,41.4495],[-70.8082,41.4503],[-70.8116,41.449],[-70.8111,41.4515],[-70.8115,41.4532],[-70.814,41.4548],[-70.8165,41.4557]]],[[[-70.6992,41.5094],[-70.7039,41.506],[-70.7004,41.5058],[-70.6984,41.5065],[-70.6992,41.5094]]],[[[-70.7113,41.5151],[-70.7154,41.5156],[-70.7188,41.5143],[-70.7186,41.5132],[-70.72,41.5114],[-70.7203,41.51],[-70.7224,41.5094],[-70.7241,41.5071],[-70.726,41.5062],[-70.7266,41.5046],[-70.7287,41.5034],[-70.7317,41.5028],[-70.7345,41.5029],[-70.7369,41.5046],[-70.7427,41.5012],[-70.7443,41.5014],[-70.7473,41.4997],[-70.7477,41.498],[-70.7495,41.4974],[-70.7511,41.4946],[-70.7535,41.4929],[-70.7545,41.4907],[-70.7587,41.4904],[-70.7618,41.4882],[-70.7688,41.4876],[-70.768,41.4863],[-70.7699,41.4858],[-70.7708,41.4831],[-70.7724,41.4802],[-70.7764,41.4776],[-70.7804,41.4773],[-70.7851,41.4783],[-70.7862,41.4779],[-70.7879,41.4746],[-70.7889,41.4738],[-70.7904,41.4706],[-70.7926,41.4693],[-70.7987,41.4689],[-70.8,41.4675],[-70.8018,41.4673],[-70.8031,41.4646],[-70.8019,41.4619],[-70.8034,41.4597],[-70.807,41.4593],[-70.8068,41.4568],[-70.8073,41.4557],[-70.8053,41.4545],[-70.8043,41.4519],[-70.8057,41.4504],[-70.8042,41.4499],[-70.8008,41.4469],[-70.7987,41.4464],[-70.7949,41.4469],[-70.7928,41.4465],[-70.7898,41.4467],[-70.7856,41.45],[-70.784,41.4506],[-70.7813,41.4537],[-70.7761,41.4578],[-70.7727,41.4579],[-70.7685,41.4584],[-70.7676,41.4603],[-70.7661,41.4608],[-70.7608,41.4613],[-70.758,41.4639],[-70.7559,41.4671],[-70.7573,41.4706],[-70.7604,41.4724],[-70.7607,41.4751],[-70.759,41.4779],[-70.7555,41.4793],[-70.7545,41.4783],[-70.7494,41.4789],[-70.7479,41.4779],[-70.7448,41.4788],[-70.7434,41.4801],[-70.7394,41.4828],[-70.7339,41.487],[-70.7298,41.4876],[-70.7282,41.4884],[-70.7242,41.489],[-70.7206,41.4886],[-70.7165,41.4896],[-70.7154,41.4908],[-70.7107,41.4923],[-70.7087,41.4948],[-70.7052,41.4976],[-70.7072,41.4978],[-70.709,41.4995],[-70.7089,41.5024],[-70.7052,41.5037],[-70.7042,41.5047],[-70.7045,41.5062],[-70.7074,41.5071],[-70.7049,41.5085],[-70.7025,41.5074],[-70.7009,41.509],[-70.7021,41.5105],[-70.705,41.5098],[-70.7073,41.508],[-70.7078,41.5104],[-70.7062,41.5121],[-70.7076,41.5129],[-70.7121,41.5127],[-70.7126,41.5144],[-70.7113,41.5151]]],[[[-70.6777,41.5151],[-70.6798,41.5164],[-70.6828,41.5143],[-70.6856,41.514],[-70.6885,41.5123],[-70.6916,41.5132],[-70.6941,41.5124],[-70.6953,41.5141],[-70.698,41.5142],[-70.6998,41.5136],[-70.701,41.5109],[-70.6985,41.5104],[-70.6987,41.5084],[-70.6952,41.5067],[-70.6929,41.5081],[-70.6911,41.5078],[-70.6909,41.5053],[-70.6894,41.5046],[-70.6863,41.5065],[-70.6826,41.5071],[-70.676,41.5108],[-70.6748,41.5127],[-70.6773,41.5135],[-70.6777,41.5151]]],[[[-70.6995,41.5194],[-70.6985,41.5207],[-70.6999,41.5217],[-70.704,41.5199],[-70.7079,41.5201],[-70.7106,41.5189],[-70.7108,41.5179],[-70.7098,41.5148],[-70.7075,41.513],[-70.7059,41.5143],[-70.7038,41.5145],[-70.7026,41.5173],[-70.6995,41.5194]]]]},"properties":{"name":"Gosnold"}},{"type":"Feature","geometry":{"type":"Polygon","coordinates":[[[-71.0355,42.5703],[-71.0401,42.5716],[-71.0415,42.5735],[-71.0462,42.5726],[-71.0498,42.5711],[-71.0523,42.5716],[-71.053,42.5726],[-71.0572,42.574],[-71.0649,42.5621],[-71.071,42.5559],[-71.0751,42.531],[-71.0676,42.5247],[-71.0575,42.5242],[-71.041,42.5263],[-71.0386,42.524],[-71.0409,42.5217],[-71.041,42.5198],[-71.0401,42.5172],[-71.0383,42.5163],[-71.0395,42.5145],[-71.0366,42.5124],[-71.0369,42.5104],[-71.0349,42.5071],[-71.0358,42.5052],[-71.0116,42.5016],[-71.0017,42.5071],[-70.9969,42.507],[-70.9953,42.5056],[-70.9884,42.5092],[-70.9894,42.51],[-70.9914,42.5111],[-70.9869,42.5118],[-71.0053,42.523],[-71.0316,42.5512],[-71.0348,42.5655],[-71.0355,42.5703]]]},"properties":{"name":"Lynnfield"}},{"type":"Feature","geometry":{"type":"Polygon","coordinates":[[[-71.0358,42.5052],[-71.0349,42.5071],[-71.0369,42.5104],[-71.0366,42.5124],[-71.0395,42.5145],[-71.0383,42.5163],[-71.0401,42.5172],[-71.041,42.5198],[-71.0409,42.5217],[-71.0386,42.524],[-71.041,42.5263],[-71.0575,42.5242],[-71.0676,42.5247],[-71.0751,42.531],[-71.0811,42.5255],[-71.0835,42.5255],[-71.0966,42.5119],[-71.0974,42.5102],[-71.0941,42.5075],[-71.0943,42.5071],[-71.0996,42.5064],[-71.1007,42.5022],[-71.0901,42.5013],[-71.0855,42.4923],[-71.0752,42.488],[-71.0766,42.4775],[-71.0777,42.4774],[-71.0782,42.474],[-71.0693,42.4716],[-71.0614,42.4727],[-71.0613,42.4742],[-71.0534,42.4759],[-71.0542,42.4769],[-71.0526,42.4861],[-71.0503,42.4865],[-71.0452,42.4887],[-71.0399,42.4959],[-71.0437,42.5001],[-71.0435,42.5015],[-71.0422,42.5026],[-71.0388,42.5027],[-71.037,42.5035],[-71.0358,42.5052]]]},"properties":{"name":"Wakefield"}},{"type":"Feature","geometry":{"type":"Polygon","coordinates":[[[-71.018,42.4033],[-71.0208,42.4035],[-71.0208,42.4052],[-71.0262,42.4059],[-71.029,42.4104],[-71.0332,42.4142],[-71.036,42.409],[-71.0406,42.402],[-71.0481,42.3966],[-71.0519,42.3977],[-71.0529,42.3969],[-71.0531,42.3967],[-71.0533,42.3954],[-71.0501,42.394],[-71.0485,42.3936],[-71.0494,42.3916],[-71.0529,42.3897],[-71.0533,42.3883],[-71.0512,42.3872],[-71.0489,42.3879],[-71.0457,42.3868],[-71.0434,42.3855],[-71.0417,42.3867],[-71.0367,42.3866],[-71.0325,42.3858],[-71.0305,42.386],[-71.0294,42.3847],[-71.0265,42.3849],[-71.0227,42.3869],[-71.0202,42.3891],[-71.0178,42.3922],[-71.0176,42.3938],[-71.0191,42.3947],[-71.017,42.3987],[-71.0145,42.3996],[-71.0111,42.4],[-71.0098,42.401],[-71.0137,42.4029],[-71.016,42.4024],[-71.018,42.4033]]]},"properties":{"name":"Chelsea"}}]}